REFSIGPAC,IDUSO25,SUPERFICIE_m2,mean_result,n_cells
2320100048001,TA,8264.99,0.0,14
2320100052001,TA,5417.38,0.0,9
2320100052006,TA,5512.22,0.0,10
2320100059001,TA,3685.14,0.0,5
2320100063001,TA,2358.89,0.0,4
2320100064001,TA,2106.54,0.0,3
2320100067001,TA,3034.92,0.0,3
2320100070001,TA,3151.67,0.0,5
2320100071002,TA,2201.65,0.0,3
2320100079001,TA,1268.57,0.0,3
2320100082001,TA,353.22,0.0,1
2320100093001,TA,490.51,0.0,2
2320100101001,TA,732.46,0.0,1
2320100102001,TA,4202.84,0.0,7
2320100103001,TA,1820.46,0.0,3
2320100105001,TA,16187.6,0.0,25
2320100110001,TA,1985.61,0.0,3
2320100111001,TA,2607.11,0.0,6
2320100113001,TA,1477.16,0.0,2
2320100115001,TA,893.71,0.0,2
2320100116001,TA,799.5,0.0,1
2320100118001,TA,1894.74,0.0,4
2320100121001,TA,5104.01,0.0,8
2320100122001,TA,3988.69,0.0,8
2320100123001,TA,3622.3,0.0,6
2320100124001,TA,7284.8,0.0,11
2320100125001,TA,2117.73,0.0,3
2320100127001,TA,1999.88,0.0,3
2320100128001,TA,1212.67,0.0,2
2320100129001,TA,5471.01,0.0,7
2320100130001,TA,2155.35,0.0,4
2320100133001,TA,1814.13,0.0,2
2320100134001,TA,4881.62,0.0,7
2320100137001,TA,1134.68,0.0,2
2320100138001,TA,1246.49,0.0,1
2320100139001,TA,1310.35,0.0,2
2320100140001,TA,2174.12,0.0,4
2320100144001,TA,4908.5,0.0,8
2320100145001,TA,2548.77,0.0,4
2320100146001,TA,3126.68,0.0,5
2320100147001,TA,2231.55,0.0,4
2320100150001,TA,1990.76,0.0,2
2320100152001,TA,6917.72,0.0,10
2320100153001,TA,6544.89,0.0,10
2320100154001,TA,8205.41,0.0,14
2320100155001,TA,8388.12,0.0,15
2320100156001,TA,9266.01,0.0,13
2320100157001,TA,1093.51,0.0,2
2320100158001,TA,3168.04,0.0,6
2320100161001,TA,2659.5,0.0,4
2320100162001,TA,2620.56,0.0,4
2320100163001,TA,9927.09,0.0,16
2320100164001,TA,2541.6,0.0,3
2320100165001,TA,2629.78,0.0,5
2320100166001,TA,1172.16,0.0,1
2320100170001,TA,2382.42,0.0,5
2320100171001,TA,2041.15,0.0,3
2320100172001,TA,4519.14,0.0,7
2320100172004,TA,1278.49,0.0,1
2320100173001,TA,2212.19,0.0,5
2320100174001,TA,1713.65,0.0,2
2320100175001,TA,2298.15,0.0,3
2320100178003,TA,532.84,0.0,2
2320100178005,TA,208.36,0.0,1
2320100179001,TA,1959.14,0.0,3
2320100180001,TA,2014.85,0.0,2
2320100181001,TA,1185.37,0.0,2
2320100187001,TA,943.29,0.0,2
2320100191001,TA,1468.69,0.0,3
2320100192001,TA,890.87,0.0,1
2320100193001,TA,1166.94,0.0,2
2320100194001,TA,4152.31,0.0,6
2320100195001,TA,1207.59,0.0,2
2320100196001,TA,2421.05,0.0,3
2320100197001,TA,840.82,0.0,1
2320100198001,TA,875.53,0.0,2
2320100199001,TA,1409.86,0.0,2
2320100202001,TA,1909.49,0.0,4
2320100203001,TA,1051.93,0.0,2
2320100204001,TA,1677.97,0.0,3
2320100206001,TA,1910.32,0.0,3
2320100207001,TA,859.9,0.0,1
2320100209001,TA,2051.88,0.0,4
2320100211001,TA,854.26,0.0,1
2320100213001,TA,1022.02,0.0,2
2320100214001,TA,5151.16,0.0,7
2320100215001,TA,568.01,0.0,1
2320100216001,TA,944.21,0.0,2
2320100218001,TA,2081.04,0.0,2
2320100219001,TA,1646.96,0.0,3
2320100220001,TA,2081.57,0.0,3
2320100221001,TA,2662.09,0.0,4
2320100222001,TA,2541.81,0.0,3
2320100223001,TA,2606.03,0.0,5
2320100224001,TA,2455.09,0.0,4
2320100225001,TA,1567.31,0.0,2
2320100226001,TA,2507.42,0.0,3
2320100227001,TA,2450.65,0.0,4
2320100228001,TA,5658.73,0.0,8
2320100230001,TA,4040.45,0.0,6
2320100231001,TA,8934.35,0.0,16
2320100234001,TA,1914.36,0.0,1
2320100237001,TA,755.43,0.0,1
2320100238001,TA,1092.95,0.0,2
2320100239001,TA,886.5,0.0,3
2320100240001,TA,778.25,0.0,1
2320100241001,TA,559.08,0.0,1
2320100242001,TA,751.94,0.0,2
2320100242003,TA,817.33,0.0,1
2320100243001,TA,1378.84,0.0,2
2320100244001,TA,3087.32,0.0,4
2320100245003,TA,516.25,0.0,1
2320100246006,TA,541.48,0.0,1
2320100247001,TA,670.05,0.0,1
2320100248001,TA,1617.58,0.0,2
2320100249001,TA,1031.94,0.0,2
2320100250001,TA,1051.64,0.0,2
2320100252001,TA,589.28,0.0,1
2320100253001,TA,1074.86,0.0,1
2320100254001,TA,4284.77,0.0,6
2320100255001,TA,1924.29,0.0,3
2320100256001,TA,1923.83,0.0,4
2320100257001,TA,2545.57,0.0,4
2320100258001,TA,2423.75,0.0,4
2320100259001,TA,1852.6,0.0,2
2320100260001,TA,1966.47,0.0,3
2320100261001,TA,1807.85,0.0,2
2320100262001,TA,1625.22,0.0,4
2320100263001,TA,1786.39,0.0,2
2320100264001,TA,4682.37,0.0,8
2320100265001,TA,2525.67,0.0,4
2320100267001,TA,2727.12,0.0,4
2320100268001,TA,2544.46,0.0,4
2320100269001,TA,3466.94,0.0,6
2320100270001,TA,2573.98,0.0,5
2320100271001,TA,8058.69,0.0,12
2320100273001,TA,4555.31,0.0,8
2320100278001,TA,1585.08,0.0,2
2320100279001,TA,2653.85,0.0,4
2320100283001,TA,3308.6,0.0,5
2320100284001,TA,7713.36,0.0,13
2320100285001,TA,774.22,0.0,2
2320100291001,TA,8940.9,0.0,15
2320100292001,TA,1597.02,0.0,3
2320100293001,TA,1727.25,0.0,4
2320100294001,TA,1079.18,0.0,2
2320100303001,TA,1182.72,0.0,2
2320100304001,TA,583.66,0.0,1
2320100309002,TA,1820.11,0.0,4
2320100310001,TA,1086.64,0.0,2
2320100311001,TA,1601.99,0.0,3
2320100313001,TA,376.44,0.0,1
2320100313002,TA,1069.66,0.0,2
2320100314001,TA,1506.83,0.0,2
2320100319001,TA,1150.89,0.0,2
2320100320001,TA,1426.05,0.0,1
2320100773001,TA,2141.71,0.0,3
2320100774001,TA,1589.63,0.0,2
2320301422001,TA,3152.38,0.0,3
2320301424001,TA,1191.73,0.0,1
2320301640001,TA,8278.69,0.0,15
2320301642001,TA,1807.58,0.0,4
2320301652001,TA,1499.41,0.0,3
2320301653001,TA,2477.09,0.0,5
2320301654001,TA,3094.14,0.0,6
2320301655001,TA,29804.77,0.0,49
2320301656001,TA,17126.0,0.0,28
2320301658001,TA,1716.56,0.0,3
2320301659001,TA,2857.12,0.0,6
2320301660001,TA,2121.68,0.0,2
2320301661001,TA,6557.96,0.0,10
2320301663001,TA,3005.51,0.0,5
2320301664001,TA,2743.78,0.0,3
2320301665001,TA,14959.87,0.0,27
2320301666001,TA,29731.44,0.0,47
2320301667001,TA,520.9,0.0,1
2320301668001,TA,6629.86,0.0,12
2320301669001,TA,1501.11,0.0,2
2320301670001,TA,1076.97,0.0,3
2320301671001,TA,1041.53,0.0,2
2320301672001,TA,1189.91,0.0,2
2320301673001,TA,870.16,0.0,1
2320301675001,TA,4478.87,0.0,7
2320301676001,TA,2422.26,0.0,4
2320301677001,TA,438.52,0.0,1
2320301678001,TA,5253.28,0.0,8
2320301679001,TA,14603.67,0.0,23
2320301680001,TA,3311.35,0.0,7
2320301681001,TA,3016.75,0.0,4
2320301682001,TA,3237.26,0.0,7
2320301683001,TA,8227.88,0.0,11
2320301685001,TA,3168.72,0.0,6
2320301687001,TA,6528.8,0.0,11
2320301688001,TA,5752.31,0.0,9
2320301694001,TA,8121.44,0.0,13
2320301695001,TA,2883.46,0.0,4
2320301696001,TA,14816.75,0.0,23
2320301697001,TA,550.74,0.0,1
2320301698001,TA,1540.26,0.0,4
2320301700001,TA,724.46,0.0,1
2320301701001,TA,5441.9,0.0,10
2320301702001,TA,8401.4,0.0,12
2320301705001,TA,1200.5,0.0,1
2320301706001,TA,558.45,0.0,1
2320301708001,TA,3894.17,0.0,6
2320301709001,TA,1458.9,0.0,2
2320301710001,TA,787.64,0.0,2
2320301712001,TA,855.87,0.0,2
2320301713001,TA,2643.21,0.0,4
2320301714001,TA,2317.5,0.0,4
2320301716001,TA,6014.26,0.0,10
2320301718001,TA,3518.72,0.0,6
2320301719001,TA,932.71,0.0,1
2320301722001,TA,9663.54,0.0,16
2320301723001,TA,5615.0,0.0,9
2320301724001,TA,8232.09,0.0,13
2320301726001,TA,3010.96,0.0,5
2320301727001,TA,13262.81,0.0,22
2320301729001,TA,7494.23,0.0,12
2320301729002,TA,6206.1,0.0,9
2320301729003,TA,4492.32,0.0,7
2320301736001,TA,2612.62,0.0,4
2320301737001,TA,3510.55,0.0,6
2320301739001,TA,3040.55,0.0,5
2320301741001,TA,430.65,0.0,1
2320301743001,TA,912.54,0.0,1
2320301744001,TA,756.91,0.0,2
2320301750001,TA,5618.45,0.0,9
2320301751001,TA,1077.85,0.0,1
2320301752001,TA,2505.41,0.0,6
2320301753001,TA,6230.29,0.0,10
2320301754001,TA,10552.75,0.0,17
2320301755001,TA,835.47,0.0,1
2320301756001,TA,1138.51,0.0,3
2320301757001,TA,3403.75,0.0,6
2320301760001,TA,2952.11,0.0,6
2320301767001,TA,2155.25,0.0,3
2320301768001,TA,7262.72,0.0,11
2320301771001,TA,8258.47,0.0,12
2320301772001,TA,8246.02,0.0,12
2320301786001,TA,1656.3,0.0,3
2320301790001,TA,498.23,0.0,1
2320301805001,TA,18349.53,0.0,35
2320301805003,TA,9280.25,0.0,14
2320301805005,TA,14432.27,0.0,25
2320301805006,TA,16395.64,0.0,29
2320301805008,TA,16290.98,0.0,27
2320301805009,TA,12494.05,0.0,19
2320301806001,TA,11925.15,0.0,18
2320301807001,TA,2314.65,0.0,4
2320301828001,TA,1764.24,0.0,3
2320301829001,TA,1737.81,0.0,3
2320301830001,TA,1286.46,0.0,2
2320301833001,TA,437.19,0.0,1
2320301855001,TA,5611.33,0.0,9
2320301855002,TA,4891.78,0.0,7
2320301855003,TA,6633.43,0.0,12
2320302399001,TA,1170.02,0.0,1
2320400118001,TA,4542.69,0.0,9
2320400119001,TA,9717.45,0.0,16
2320400120001,TA,3176.81,0.0,5
2320400121001,TA,2938.78,0.0,5
2320400122001,TA,3348.01,0.0,6
2320400123001,TA,3310.76,0.0,4
2320400124001,TA,8516.93,0.0,16
2320400125001,TA,5541.81,0.0,8
2320400126001,TA,4320.46,0.0,7
2320400127001,TA,3692.56,0.0,5
2320400128001,TA,9312.5,0.0,17
2320400129001,TA,7812.81,0.0,13
2320400130001,TA,10655.07,0.0,20
2320400131001,TA,5093.7,0.0,8
2320400131003,TA,1848.1,0.0,3
2320400132001,TA,3530.5,0.0,6
2320400200001,TA,794.81,0.0,2
2320400201001,TA,7143.86,0.0,12
2320400204001,TA,1756.57,0.0,3
2320400206001,TA,7156.66,0.0,10
2320400208001,TA,3685.91,0.0,6
2320400209001,TA,4834.36,0.0,7
2320400211001,TA,4977.75,0.0,7
2320400212001,TA,6067.06,0.0,9
2320400214001,TA,8685.25,0.0,15
2320400215001,TA,4566.42,0.0,6
2320400216001,TA,3387.25,0.0,7
2320400217001,TA,5242.98,0.0,11
2320400218001,TA,3294.56,0.0,4
2320400220001,TA,5244.65,0.0,8
2320400221001,TA,1109.24,0.0,1
2320400222001,TA,11082.11,0.0,17
2320400223001,TA,16937.7,0.0,28
2320400224001,TA,4079.8,0.0,5
2320400225001,TA,2932.06,0.0,4
2320400226001,TA,3389.72,0.0,5
2320400227001,TA,1566.62,0.0,2
2320400228001,TA,3565.53,0.0,7
2320400229001,TA,5503.9,0.0,8
2320400230001,TA,2771.93,0.0,4
2320400233001,TA,10838.4,0.0,18
2320400234001,TA,3219.54,0.0,4
2320400235001,TA,1451.53,0.0,5
2320400236002,TA,351.45,0.0,1
2320400237001,TA,4901.95,0.0,5
2320400238001,TA,4669.17,0.0,7
2320400239001,TA,9007.75,0.0,16
2320400240001,TA,6610.8,0.0,10
2320400243002,TA,2130.24,0.0,3
2320400244002,TA,2504.27,0.0,5
2320400245001,TA,4750.01,0.0,7
2320400247001,TA,1326.47,0.0,4
2320400260001,TA,3527.51,0.0,6
2320400263001,TA,1759.43,0.0,3
2320400264001,TA,2883.68,0.0,5
2320400265001,TA,540.0,0.0,1
2320400363001,TA,2858.33,0.0,4
2320400441001,TA,2613.65,0.0,4
2320501503001,TA,4481.09,0.0,8
2320501504001,TA,1662.84,0.0,2
2320501506001,TA,3653.6,0.0,4
2320501507001,TA,882.87,0.0,2
2320501508001,TA,1566.42,0.0,2
2320501512001,TA,5997.96,0.0,10
2320501514001,TA,702.8,0.0,1
2320501515001,TA,4465.45,0.0,7
2320501516001,TA,1408.32,0.0,1
2320501517001,TA,3491.69,0.0,6
2320501518001,TA,7040.78,0.0,10
2320501519001,TA,739.76,0.0,2
2320501520001,TA,6553.49,0.0,11
2320501521001,TA,4569.48,0.0,7
2320501522001,TA,24360.7,0.0,40
2320501523001,TA,1514.93,0.0,1
2320501524001,TA,4975.32,0.0,9
2320501526001,TA,4986.99,0.0,8
2320501526003,TA,952.08,0.0,1
2320501527001,TA,3228.01,0.0,6
2320501528001,TA,3505.44,0.0,5
2320501529001,TA,13395.35,0.0,22
2320501529003,TA,1142.03,0.0,2
2320501530001,TA,2583.62,0.0,4
2320501533001,TA,2832.61,0.0,6
2320501534001,TA,2441.97,0.0,4
2320501535001,TA,5288.59,0.0,9
2320501536001,TA,2710.95,0.0,5
2320501537001,TA,1025.43,0.0,1
2320501539001,TA,6890.67,0.0,12
2320501540001,TA,3660.78,0.0,5
2320501543001,TA,20693.44,0.0,33
2320501543003,TA,3557.31,0.0,7
2320501545001,TA,1022.27,0.0,3
2320501546001,TA,1169.42,0.0,2
2320501547001,TA,7546.85,0.0,11
2320501548001,TA,698.37,0.0,1
2320501549001,TA,3372.19,0.0,6
2320501550002,TA,1765.61,0.0,3
2320501556001,TA,2808.57,0.0,5
2320501557001,TA,2745.35,0.0,4
2320501561001,TA,1570.36,0.0,4
2320501562001,TA,1112.37,0.0,3
2320501666001,TA,1737.37,0.0,3
2320501737001,TA,9891.59,0.0,16
2320800003001,TA,9157.33,0.0,14
2320800004001,TA,3688.35,0.0,7
2320800005001,TA,16654.75,0.0,25
2320800009001,TA,28540.48,0.0,43
2320800012001,TA,30840.45,0.0,52
2320800013002,TA,602.37,0.0,1
2320800025001,TA,4758.47,0.0,9
2320800026001,TA,7359.12,0.0,10
2320800027001,TA,3084.16,0.0,6
2320800028001,TA,3781.43,0.0,6
2320800029001,TA,3361.54,0.0,4
2320800030001,TA,1903.31,0.0,3
2320800032001,TA,928.4,0.0,1
2320800033001,TA,1161.99,0.0,2
2320800035001,TA,1047.91,0.0,1
2320800036001,TA,849.41,0.0,1
2320800037001,TA,1934.87,0.0,4
2320800038001,TA,6940.62,0.0,10
2320800039001,TA,3983.61,0.0,6
2320800040001,TA,1145.44,0.0,2
2320800041001,TA,699.5,0.0,1
2320800042001,TA,3183.94,0.0,6
2320800043001,TA,2580.0,0.0,4
2320800044001,TA,3540.57,0.0,6
2320800045001,TA,976.01,0.0,1
2320800047001,TA,2704.98,0.0,4
2320800048001,TA,4743.38,0.0,8
2320800049001,TA,9185.02,0.0,17
2320800050001,TA,4531.09,0.0,7
2320800051001,TA,228.6,0.0,1
2320800052001,TA,885.38,0.0,1
2320800053001,TA,1162.71,0.0,2
2320800054001,TA,2043.81,0.0,2
2320800056001,TA,2716.45,0.0,8
2320800057001,TA,3505.37,0.0,4
2320800057003,TA,743.38,0.0,1
2320800058001,TA,3422.62,0.0,5
2320800059001,TA,5031.76,0.0,8
2320800065001,TA,8016.06,0.0,13
2320800066001,TA,4048.31,0.0,7
2320800068001,TA,1115.51,0.0,2
2320800069001,TA,11392.39,0.0,17
2320800070001,TA,4395.26,0.0,7
2320800071001,TA,5701.34,0.0,10
2320800072001,TA,1715.63,0.0,3
2320800073001,TA,5457.36,0.0,8
2320800074001,TA,4197.61,0.0,8
2320800075001,TA,4135.55,0.0,4
2320800076001,TA,3887.72,0.0,7
2320800077001,TA,5808.6,0.0,8
2320800078001,TA,1693.47,0.0,3
2320800079001,TA,3347.74,0.0,6
2320800080001,TA,4733.45,0.0,7
2320800081001,TA,4119.15,0.0,9
2320800083001,TA,2315.85,0.0,2
2320800084001,TA,3229.8,0.0,6
2320800085001,TA,7964.3,0.0,12
2320800086001,TA,3286.62,0.0,5
2320800087001,TA,3228.26,0.0,5
2320800088001,TA,2561.66,0.0,5
2320800089001,TA,3893.93,0.0,6
2320800090001,TA,2424.68,0.0,4
2320800091001,TA,1793.38,0.0,3
2320800094001,TA,1150.48,0.0,2
2320800095001,TA,2510.42,0.0,3
2320800096001,TA,1375.17,0.0,1
2320800097001,TA,774.42,0.0,2
2320800099001,TA,1110.52,0.0,2
2320800101001,TA,10429.59,0.0,16
2320800102001,TA,2402.34,0.0,3
2320800103001,TA,1549.91,0.0,3
2320800104001,TA,4060.15,0.0,6
2320800105001,TA,7973.92,0.0,13
2320800106001,TA,6875.12,0.0,11
2320800107001,TA,3540.89,0.0,7
2320800108001,TA,3313.76,0.0,6
2320800110001,TA,4448.06,0.0,7
2320800111001,TA,15498.42,0.0,26
2320800112001,TA,1704.14,0.0,2
2320800113001,TA,2005.73,0.0,4
2320800114001,TA,4129.46,0.0,7
2320800115001,TA,2836.45,0.0,5
2320800116001,TA,3722.35,0.0,6
2320800117001,TA,2993.76,0.0,5
2320800118001,TA,1723.86,0.0,3
2320800119001,TA,22871.47,0.0,38
2320800120001,TA,3205.44,0.0,5
2320800121001,TA,3089.23,0.0,5
2320800122001,TA,3276.32,0.0,5
2320800123001,TA,6348.58,0.0,11
2320800124001,TA,7979.76,0.0,13
2320800125001,TA,3329.65,0.0,6
2320800126001,TA,1451.82,0.0,2
2320800127001,TA,3360.88,0.0,6
2320800128001,TA,2701.01,0.0,5
2320800129001,TA,2012.56,0.0,4
2320800130001,TA,1634.68,0.0,2
2320800131001,TA,3569.39,0.0,6
2320800132001,TA,6509.94,0.0,10
2320800133001,TA,1987.95,0.0,3
2320800134001,TA,1297.56,0.0,1
2320800135001,TA,4299.42,0.0,7
2320800136001,TA,4051.36,0.0,7
2320800137001,TA,1815.78,0.0,3
2320800138001,TA,3021.27,0.0,5
2320800139001,TA,3578.19,0.0,6
2320800140001,TA,4519.98,0.0,7
2320800141001,TA,4522.1,0.0,7
2320800142001,TA,784.64,0.0,2
2320800144001,TA,1009.44,0.0,2
2320800145001,TA,8878.33,0.0,13
2320800146001,TA,6789.24,0.0,11
2320800149001,TA,7474.3,0.0,11
2320800152001,TA,6745.02,0.0,10
2320800154001,TA,1876.0,0.0,2
2320800155001,TA,1271.39,0.0,3
2320800156003,TA,659.07,0.0,1
2320800157001,TA,9451.61,0.0,15
2320800158001,TA,5123.55,0.0,8
2320800159001,TA,4609.86,0.0,7
2320800160001,TA,2104.71,0.0,4
2320800161001,TA,10877.44,0.0,18
2320800164001,TA,8222.22,0.0,12
2320800166001,TA,1339.36,0.0,2
2320800167001,TA,1163.28,0.0,3
2320800168001,TA,1209.43,0.0,1
2320800169001,TA,957.02,0.0,1
2320800170001,TA,8295.57,0.0,14
2320800171001,TA,948.36,0.0,2
2320800172001,TA,4870.57,0.0,5
2320800173001,TA,5766.61,0.0,10
2320800174001,TA,1632.94,0.0,4
2320800175001,TA,1257.95,0.0,1
2320800176001,TA,7868.92,0.0,12
2320800177001,TA,1203.97,0.0,3
2320800178001,TA,3897.39,0.0,6
2320800179001,TA,1197.28,0.0,2
2320800181001,TA,6901.78,0.0,11
2320800182001,TA,10006.94,0.0,16
2320800183001,TA,1608.34,0.0,4
2320800183002,TA,1418.09,0.0,2
2320800184001,TA,746.98,0.0,2
2320800185001,TA,2291.85,0.0,4
2320800186001,TA,7277.92,0.0,12
2320800187001,TA,3489.52,0.0,6
2320800188001,TA,10493.18,0.0,18
2320800189001,TA,718.07,0.0,1
2320800190001,TA,35200.44,0.0,57
2320800194001,TA,35312.36,0.0,57
2320800194008,TA,686.08,0.0,2
2320800195001,TA,57019.94,0.0,89
2320800196001,TA,1449.29,0.0,3
2320800197001,TA,33923.52,0.0,52
2320800197003,TA,586.09,0.0,1
2320800198001,TA,12383.98,0.0,21
2320800199001,TA,8365.71,0.0,14
2320800200001,TA,6181.89,0.0,9
2320800201001,TA,2286.83,0.0,3
2320800202001,TA,8837.91,0.0,15
2320800203001,TA,2310.11,0.0,4
2320800204001,TA,1685.9,0.0,2
2320800207001,TA,6392.61,0.0,11
2320800208001,TA,9805.58,0.0,18
2320800209001,TA,3807.4,0.0,6
2320800210001,TA,2277.54,0.0,3
2320800211001,TA,3987.13,0.0,6
2320800212001,TA,3495.42,0.0,6
2320800213001,TA,7082.23,0.0,11
2320800214001,TA,46520.81,0.0,75
2320800215001,TA,25049.35,0.0,42
2320800216001,TA,16715.39,0.0,27
2320800217001,TA,62913.99,0.0,97
2320800218001,TA,13164.86,0.0,22
2320800219001,TA,3198.55,0.0,5
2320800220001,TA,14756.51,0.0,23
2320800221001,TA,7890.52,0.0,15
2320800222001,TA,4229.93,0.0,6
2320800223001,TA,1260.86,0.0,2
2320800226001,TA,495.86,0.0,1
2320800227001,TA,693.53,0.0,1
2320800229001,TA,7071.79,0.0,12
2320800231001,TA,5075.84,0.0,10
2320800232001,TA,3635.83,0.0,7
2320800233001,TA,2553.81,0.0,4
2320800235001,TA,8588.52,0.0,13
2320800236001,TA,959.06,0.0,2
2320800237001,TA,1319.31,0.0,3
2320800240001,TA,9027.95,0.0,16
2320800243001,TA,5484.21,0.0,9
2320800245001,TA,1051.26,0.0,2
2320800249004,TA,2121.3,0.0,2
2320800249005,TA,1713.43,0.0,4
2320800250001,TA,362.93,0.0,1
2320800251001,TA,7646.31,0.0,12
2320800258001,TA,812.08,0.0,1
2320800259001,TA,3672.54,0.0,5
2320800260001,TA,3819.09,0.0,7
2320800261001,TA,3044.93,0.0,4
2320800262001,TA,1232.62,0.0,2
2320800263001,TA,1157.82,0.0,2
2320800266001,TA,11580.58,0.0,21
2320800267001,TA,4918.93,0.0,7
2320800268001,TA,5227.0,0.0,8
2320800269001,TA,3622.26,0.0,5
2320800271001,TA,2588.74,0.0,3
2320800272001,TA,6605.93,0.0,12
2320800273001,TA,8829.84,0.0,13
2320800274004,TA,326.57,0.0,1
2320800275001,TA,8306.3,0.0,14
2320800277001,TA,11654.44,0.0,20
2320800278001,TA,18877.54,0.0,31
2320800281001,TA,2752.03,0.0,4
2320800282001,TA,2766.17,0.0,4
2320800283001,TA,1854.68,0.0,3
2320800284001,TA,12962.33,0.0,20
2320800285001,TA,4314.21,0.0,7
2320800286001,TA,2535.21,0.0,4
2320800287001,TA,2458.36,0.0,3
2320800288001,TA,444.6,0.0,1
2320800289001,TA,6468.99,0.0,10
2320800290001,TA,6894.37,0.0,9
2320800291001,TA,3219.18,0.0,4
2320800293001,TA,3621.12,0.0,6
2320800294001,TA,4144.67,0.0,7
2320800296001,TA,25044.79,0.0,38
2320800299001,TA,949.68,0.0,1
2320800304001,TA,10346.84,0.0,17
2320800305001,TA,671.48,0.0,1
2320800306001,TA,637.9,0.0,1
2320800307001,TA,570.81,0.0,1
2320800308001,TA,12180.66,0.0,19
2320800308009,TA,731.18,0.0,2
2320800309001,TA,1390.3,0.0,2
2320800310001,TA,717.2,0.0,2
2320800311001,TA,1472.46,0.0,3
2320800312001,TA,1319.98,0.0,2
2320800313001,TA,2623.46,0.0,5
2320800316001,TA,1387.28,0.0,2
2320800317001,TA,933.22,0.0,2
2320800318001,TA,1115.73,0.0,1
2320800319001,TA,1673.1,0.0,3
2320800321001,TA,2568.67,0.0,6
2320800322001,TA,2511.72,0.0,4
2320800323001,TA,1924.19,0.0,3
2320800324001,TA,1402.41,0.0,3
2320800325001,TA,1353.55,0.0,1
2320800327001,TA,692.67,0.0,1
2320800328001,TA,934.37,0.0,1
2320800331001,TA,1910.22,0.0,3
2320800332001,TA,1458.91,0.0,3
2320800333001,TA,2239.6,0.0,5
2320800334001,TA,492.34,0.0,1
2320800335001,TA,3047.78,0.0,5
2320800336001,TA,1293.34,0.0,3
2320800338001,TA,783.98,0.0,2
2320800339001,TA,4790.66,0.0,7
2320800341001,TA,6949.72,0.0,11
2320800342001,TA,6347.99,0.0,10
2320800343001,TA,790.24,0.0,2
2320800345001,TA,1570.44,0.0,2
2320800349001,TA,1360.16,0.0,2
2320800350001,TA,5114.8,0.0,8
2320800352001,TA,3302.77,0.0,6
2320800354001,TA,1857.75,0.0,2
2320800355001,TA,3161.04,0.0,6
2320800356001,TA,2071.56,0.0,4
2320800363001,TA,439.88,0.0,2
2320800368001,TA,1343.18,0.0,3
2320800369001,TA,1199.33,0.0,1
2320800370001,TA,590.89,0.0,1
2320800371001,TA,6602.89,0.0,10
2320800375001,TA,1084.59,0.0,1
2320800380001,TA,1042.35,0.0,1
2320800381001,TA,6904.51,0.0,12
2320800382001,TA,5056.73,0.0,8
2320800384001,TA,1835.0,0.0,3
2320800385001,TA,3053.28,0.0,5
2320800386001,TA,2841.98,0.0,5
2320800387001,TA,2648.04,0.0,3
2320800388001,TA,7625.71,0.0,10
2320800389001,TA,7913.49,0.0,14
2320800390001,TA,2730.62,0.0,5
2320800391001,TA,3324.7,0.0,6
2320800392001,TA,7745.82,0.0,12
2320800394001,TA,1894.72,0.0,3
2320800395001,TA,8076.87,0.0,16
2320800396001,TA,2917.36,0.0,4
2320800397001,TA,1866.24,0.0,3
2320800399001,TA,940.96,0.0,2
2320800401001,TA,1009.29,0.0,1
2320800403001,TA,2640.08,0.0,4
2320800404001,TA,5351.13,0.0,8
2320800405001,TA,4675.74,0.0,6
2320800406001,TA,1904.52,0.0,2
2320800407001,TA,1964.44,0.0,3
2320800408001,TA,5519.03,0.0,10
2320800409001,TA,4990.6,0.0,8
2320800410001,TA,3206.64,0.0,6
2320800411001,TA,5489.45,0.0,9
2320800412001,TA,3100.56,0.0,4
2320800413001,TA,2196.23,0.0,3
2320800414001,TA,4524.92,0.0,8
2320800415001,TA,4541.65,0.0,6
2320800416001,TA,3648.26,0.0,6
2320800417001,TA,3820.1,0.0,7
2320800418001,TA,1924.68,0.0,2
2320800419001,TA,2140.51,0.0,4
2320800420001,TA,2906.95,0.0,5
2320800421001,TA,1080.71,0.0,1
2320800422005,TA,370.04,0.0,1
2320800423001,TA,3050.43,0.0,5
2320800424001,TA,1438.94,0.0,2
2320800425001,TA,622.94,0.0,1
2320800426001,TA,723.18,0.0,1
2320800427001,TA,2108.93,0.0,3
2320800428001,TA,1214.82,0.0,2
2320800429001,TA,761.94,0.0,2
2320800432001,TA,258.27,0.0,1
2320800434001,TA,930.8,0.0,2
2320800436001,TA,1451.88,0.0,2
2320800437001,TA,7186.86,0.0,14
2320800439001,TA,1726.53,0.0,3
2320800441001,TA,2618.46,0.0,5
2320800442001,TA,2300.19,0.0,4
2320800443001,TA,7861.43,0.0,12
2320800445001,TA,1728.11,0.0,3
2320800446001,TA,1577.36,0.0,2
2320800447001,TA,3017.62,0.0,5
2320800448001,TA,7315.43,0.0,12
2320800449003,TA,1331.04,0.0,2
2320800450001,TA,5462.87,0.0,9
2320800452001,TA,1676.37,0.0,2
2320800454001,TA,879.57,0.0,1
2320800455001,TA,4091.1,0.0,6
2320800456001,TA,19157.3,0.0,31
2320800457001,TA,8009.97,0.0,12
2320800458001,TA,1751.93,0.0,2
2320800459001,TA,1591.77,0.0,2
2320800460001,TA,910.18,0.0,1
2320800464001,TA,4459.47,0.0,7
2320800465001,TA,2697.23,0.0,4
2320800466001,TA,12804.55,0.0,20
2320800467001,TA,3190.7,0.0,4
2320800471001,TA,2613.46,0.0,5
2320800472001,TA,1244.87,0.0,2
2320800473001,TA,1172.69,0.0,2
2320800474001,TA,4497.01,0.0,7
2320800475001,TA,656.43,0.0,1
2320800476001,TA,771.86,0.0,1
2320800477001,TA,2349.03,0.0,5
2320800478001,TA,4466.13,0.0,8
2320800479001,TA,2920.65,0.0,4
2320800480001,TA,13328.39,0.0,24
2320800481001,TA,6379.62,0.0,10
2320800482001,TA,2455.65,0.0,4
2320800488001,TA,10167.95,0.0,17
2320800489001,TA,673.5,0.0,1
2320800490001,TA,1020.49,0.0,1
2320800492001,TA,2599.33,0.0,3
2320800493001,TA,1786.98,0.0,3
2320800494001,TA,1622.7,0.0,3
2320800499001,TA,2815.6,0.0,5
2320800500001,TA,4418.53,0.0,8
2320800502001,TA,1095.47,0.0,1
2320800503001,TA,1076.65,0.0,2
2320800506001,TA,3115.0,0.0,5
2320800508001,TA,4760.69,0.0,9
2320800509001,TA,2784.44,0.0,3
2320800510001,TA,653.24,0.0,1
2320800511001,TA,3586.32,0.0,7
2320800512001,TA,995.21,0.0,1
2320800513001,TA,529.28,0.0,1
2320800514001,TA,2594.79,0.0,3
2320800515001,TA,2654.43,0.0,5
2320800516001,TA,2414.89,0.0,4
2320800517001,TA,2380.18,0.0,4
2320800519001,TA,1872.44,0.0,3
2320800520001,TA,1202.18,0.0,2
2320800521001,TA,5081.09,0.0,9
2320800522001,TA,6815.81,0.0,11
2320800523001,TA,926.47,0.0,2
2320800525001,TA,1193.0,0.0,1
2320800526001,TA,801.34,0.0,1
2320800527001,TA,858.1,0.0,1
2320800528001,TA,2776.74,0.0,5
2320800529001,TA,2016.23,0.0,2
2320800530001,TA,1867.42,0.0,4
2320800531001,TA,6430.26,0.0,9
2320800533001,TA,7278.03,0.0,12
2320800536001,TA,4642.45,0.0,9
2320800536003,TA,731.66,0.0,1
2320800537001,TA,3845.13,0.0,6
2320800538001,TA,5115.8,0.0,8
2320800540001,TA,2233.63,0.0,3
2320800541001,TA,1280.33,0.0,2
2320800542001,TA,783.09,0.0,1
2320800543001,TA,1590.4,0.0,4
2320800549001,TA,3993.87,0.0,7
2320800550001,TA,1658.09,0.0,4
2320800551001,TA,3279.11,0.0,5
2320800552001,TA,1070.17,0.0,3
2320800557001,TA,1059.17,0.0,1
2320800558001,TA,883.6,0.0,2
2320800559001,TA,3329.92,0.0,6
2320800561001,TA,1749.02,0.0,4
2320800562001,TA,811.08,0.0,1
2320800563001,TA,922.06,0.0,2
2320800564001,TA,6369.65,0.0,8
2320800566001,TA,2470.82,0.0,4
2320800567001,TA,804.32,0.0,1
2320800568001,TA,2127.83,0.0,3
2320800569001,TA,1062.08,0.0,3
2320800570001,TA,7053.64,0.0,11
2320800573001,TA,3028.21,0.0,4
2320800575001,TA,1183.91,0.0,2
2320800576001,TA,1238.28,0.0,2
2320800578001,TA,8363.93,0.0,13
2320800579001,TA,2789.27,0.0,5
2320800580001,TA,4756.26,0.0,6
2320800582001,TA,1115.23,0.0,1
2320800583001,TA,4184.47,0.0,7
2320800584001,TA,1802.62,0.0,4
2320800588001,TA,3225.14,0.0,5
2320800589001,TA,1448.67,0.0,2
2320800590001,TA,1003.21,0.0,1
2320800591001,TA,3785.82,0.0,4
2320800592001,TA,1182.79,0.0,1
2320800594001,TA,624.11,0.0,1
2320800595001,TA,652.24,0.0,1
2320800596001,TA,984.54,0.0,1
2320800597001,TA,2487.74,0.0,4
2320800599001,TA,2051.18,0.0,3
2320800601001,TA,31848.29,0.0,50
2320800601002,TA,325.41,0.0,1
2320800602001,TA,61109.32,0.0,100
2320800602002,TA,593.61,0.0,1
2320800602009,TA,1006.02,0.0,1
2320800604001,TA,1380.82,0.0,2
2320800605001,TA,5995.73,0.0,9
2320800608001,TA,5729.66,0.0,9
2320800609001,TA,1213.78,0.0,3
2320800612001,TA,722.22,0.0,1
2320800613001,TA,3556.66,0.0,6
2320800615001,TA,2575.55,0.0,3
2320800618001,TA,749.66,0.0,1
2320800620001,TA,9255.42,0.0,15
2320800621001,TA,5525.85,0.0,8
2320800622001,TA,675.03,0.0,1
2320800630001,TA,2797.8,0.0,3
2320800631001,TA,3775.98,0.0,6
2320800632001,TA,1491.88,0.0,2
2320800633001,TA,2547.46,0.0,4
2320800634001,TA,961.67,0.0,2
2320800635001,TA,1243.07,0.0,2
2320800638001,TA,1534.5,0.0,2
2320800639001,TA,332.31,0.0,1
2320800640001,TA,1235.51,0.0,2
2320800641001,TA,1109.6,0.0,2
2320800642001,TA,1161.22,0.0,2
2320800643001,TA,3044.69,0.0,5
2320800644001,TA,2975.94,0.0,5
2320800645001,TA,1238.42,0.0,2
2320800646001,TA,3529.39,0.0,5
2320800647001,TA,1035.49,0.0,2
2320800647003,TA,813.01,0.0,1
2320800648001,TA,2098.12,0.0,3
2320800649001,TA,1238.69,0.0,2
2320800650001,TA,1311.04,0.0,2
2320800651001,TA,2081.01,0.0,2
2320800652001,TA,1460.88,0.0,2
2320800653001,TA,1738.41,0.0,3
2320800654001,TA,2847.77,0.0,4
2320800655001,TA,385.4,0.0,2
2320800656001,TA,1599.53,0.0,2
2320800657001,TA,1433.56,0.0,1
2320800658001,TA,3948.11,0.0,7
2320800659001,TA,1852.8,0.0,3
2320800660001,TA,1068.84,0.0,1
2320800661001,TA,2783.94,0.0,5
2320800662001,TA,2359.0,0.0,4
2320800663001,TA,2029.3,0.0,3
2320800664001,TA,1150.22,0.0,3
2320800665001,TA,1091.6,0.0,2
2320800666001,TA,1060.52,0.0,1
2320800667001,TA,6252.29,0.0,9
2320800668001,TA,597.52,0.0,1
2320800669001,TA,599.46,0.0,1
2320800670001,TA,610.27,0.0,1
2320800672001,TA,3405.84,0.0,5
2320800673001,TA,1404.98,0.0,3
2320800674001,TA,886.34,0.0,2
2320800680001,TA,2458.65,0.0,4
2320800681001,TA,1778.02,0.0,4
2320800682001,TA,1130.49,0.0,2
2320800684001,TA,748.87,0.0,1
2320800686001,TA,839.14,0.0,2
2320800687001,TA,1074.02,0.0,1
2320800688001,TA,1170.27,0.0,1
2320800689001,TA,3036.01,0.0,4
2320800690001,TA,2907.33,0.0,5
2320800691001,TA,2506.09,0.0,4
2320800692001,TA,2768.42,0.0,4
2320800693001,TA,1733.36,0.0,4
2320800694001,TA,926.73,0.0,2
2320800695001,TA,2614.09,0.0,4
2320800696001,TA,1650.06,0.0,2
2320800697001,TA,1245.58,0.0,2
2320800698001,TA,1017.27,0.0,3
2320800699001,TA,3129.83,0.0,4
2320800700001,TA,3186.0,0.0,5
2320800702001,TA,591.56,0.0,1
2320800703001,TA,790.12,0.0,2
2320800705001,TA,1015.44,0.0,1
2320800706001,TA,4764.82,0.0,8
2320800707001,TA,2343.09,0.0,4
2320800708001,TA,3710.69,0.0,7
2320800710001,TA,1487.67,0.0,1
2320800711001,TA,1469.11,0.0,3
2320800712001,TA,2858.75,0.0,4
2320800713001,TA,877.05,0.0,1
2320800715001,TA,1208.24,0.0,2
2320800716001,TA,1090.04,0.0,2
2320800717001,TA,2700.73,0.0,5
2320800718001,TA,2739.06,0.0,3
2320800719003,TA,369.49,0.0,1
2320800721001,TA,3282.24,0.0,6
2320800722001,TA,1242.44,0.0,1
2320800723001,TA,1384.49,0.0,1
2320800724001,TA,2521.21,0.0,2
2320800726001,TA,2449.14,0.0,2
2320800727001,TA,676.48,0.0,1
2320800728001,TA,950.2,0.0,1
2320800729001,TA,644.52,0.0,1
2320800730001,TA,3026.85,0.0,5
2320800731001,TA,2145.43,0.0,4
2320800732001,TA,1276.12,0.0,2
2320800733001,TA,1090.72,0.0,2
2320800734001,TA,1245.63,0.0,2
2320800735001,TA,1722.59,0.0,3
2320800736001,TA,3871.5,0.0,7
2320800738001,TA,1567.97,0.0,2
2320800739001,TA,1134.89,0.0,2
2320800740001,TA,957.43,0.0,2
2320800741001,TA,1170.52,0.0,2
2320800742001,TA,1770.42,0.0,4
2320800745001,TA,1682.52,0.0,3
2320800746001,TA,2954.07,0.0,5
2320800747001,TA,1405.86,0.0,2
2320800748001,TA,812.62,0.0,2
2320800750001,TA,950.16,0.0,1
2320800754001,TA,993.87,0.0,2
2320800755001,TA,757.71,0.0,1
2320800758001,TA,423.5,0.0,1
2320800759001,TA,952.6,0.0,1
2320800760001,TA,829.27,0.0,2
2320800763001,TA,1205.12,0.0,2
2320800764001,TA,654.96,0.0,1
2320800768002,TA,1048.21,0.0,2
2320800769001,TA,1619.89,0.0,2
2320800773001,TA,739.17,0.0,1
2320800774001,TA,2760.86,0.0,6
2320800775001,TA,957.17,0.0,2
2320800776001,TA,1535.34,0.0,2
2320800777001,TA,5286.24,0.0,7
2320800778001,TA,1970.39,0.0,4
2320800779001,TA,2465.63,0.0,3
2320800780001,TA,550.02,0.0,1
2320800782001,TA,815.62,0.0,2
2320800784001,TA,654.68,0.0,1
2320800785001,TA,1804.34,0.0,3
2320800786001,TA,2126.5,0.0,4
2320800787001,TA,609.41,0.0,1
2320800790001,TA,1252.97,0.0,2
2320800792001,TA,1191.44,0.0,2
2320800793001,TA,1320.75,0.0,2
2320800794001,TA,1961.13,0.0,4
2320800795001,TA,1455.98,0.0,2
2320800796001,TA,679.35,0.0,1
2320800797001,TA,1229.02,0.0,2
2320800798001,TA,2945.08,0.0,6
2320800799001,TA,2018.03,0.0,4
2320800800001,TA,1995.25,0.0,3
2320800801001,TA,1563.86,0.0,2
2320800802001,TA,1199.01,0.0,2
2320800803001,TA,3105.2,0.0,5
2320800804001,TA,1718.96,0.0,2
2320800805001,TA,872.5,0.0,3
2320800806001,TA,5583.61,0.0,10
2320800807001,TA,2314.78,0.0,4
2320800808001,TA,1792.63,0.0,2
2320800809001,TA,526.09,0.0,2
2320800810001,TA,1012.07,0.0,1
2320800811001,TA,1526.52,0.0,2
2320800812001,TA,2641.49,0.0,4
2320800814001,TA,719.2,0.0,1
2320800815001,TA,1103.65,0.0,2
2320800816001,TA,1527.65,0.0,2
2320800817001,TA,1733.54,0.0,2
2320800819001,TA,886.64,0.0,2
2320800820001,TA,1989.3,0.0,3
2320800822001,TA,1004.76,0.0,1
2320800823001,TA,929.98,0.0,2
2320800824001,TA,1611.03,0.0,1
2320800826001,TA,1076.46,0.0,1
2320800827001,TA,1803.11,0.0,4
2320800829001,TA,760.74,0.0,1
2320800830001,TA,1852.51,0.0,3
2320800831001,TA,2156.53,0.0,4
2320800833001,TA,563.29,0.0,1
2320800834001,TA,1174.68,0.0,1
2320800835001,TA,1098.65,0.0,3
2320800836001,TA,634.04,0.0,1
2320800840001,TA,1075.07,0.0,2
2320800842001,TA,2649.32,0.0,5
2320800843001,TA,2062.62,0.0,3
2320800844001,TA,835.39,0.0,1
2320800846001,TA,356.09,0.0,1
2320800849001,TA,525.7,0.0,1
2320800850001,TA,1859.32,0.0,4
2320800851001,TA,1763.21,0.0,3
2320800852001,TA,792.8,0.0,2
2320800853001,TA,730.49,0.0,2
2320800855001,TA,2443.52,0.0,4
2320800856001,TA,1050.37,0.0,1
2320800857001,TA,1346.17,0.0,2
2320800858001,TA,1490.3,0.0,2
2320800859001,TA,1027.35,0.0,1
2320800860001,TA,759.41,0.0,2
2320800862001,TA,767.0,0.0,2
2320800864001,TA,757.89,0.0,3
2320800865001,TA,1323.9,0.0,3
2320800867001,TA,2038.38,0.0,4
2320800871001,TA,4782.64,0.0,7
2320800872001,TA,1436.26,0.0,2
2320800873001,TA,908.25,0.0,2
2320800874001,TA,1889.76,0.0,2
2320800877001,TA,1459.22,0.0,2
2320800878001,TA,825.12,0.0,2
2320800880001,TA,875.19,0.0,1
2320800882001,TA,619.7,0.0,2
2320800883004,TA,4553.9,0.0,7
2320800884001,TA,754.04,0.0,1
2320800886001,TA,1587.27,0.0,2
2320800888001,TA,843.96,0.0,1
2320800889001,TA,687.36,0.0,1
2320800890001,TA,832.98,0.0,2
2320800893001,TA,1020.57,0.0,2
2320800894001,TA,1324.47,0.0,4
2320800898001,TA,988.38,0.0,3
2320800899001,TA,1091.12,0.0,2
2320800900001,TA,887.55,0.0,1
2320800902001,TA,833.3,0.0,2
2320800904001,TA,3546.7,0.0,6
2320800905001,TA,216.19,0.0,1
2320800905004,TA,688.78,0.0,2
2320800906001,TA,1739.71,0.0,2
2320800907001,TA,845.89,0.0,1
2320800908001,TA,2198.53,0.0,4
2320800912001,TA,815.7,0.0,1
2320800914001,TA,1541.74,0.0,3
2320800916001,TA,4796.05,0.0,7
2320800917001,TA,851.57,0.0,1
2320800918001,TA,3719.07,0.0,6
2320800919001,TA,505.26,0.0,1
2320800922001,TA,1047.1,0.0,2
2320800923001,TA,1043.13,0.0,2
2320800924001,TA,1517.09,0.0,3
2320800925001,TA,597.34,0.0,1
2320800926001,TA,1725.17,0.0,4
2320800929001,TA,1457.49,0.0,1
2320800930001,TA,864.89,0.0,1
2320800931001,TA,641.34,0.0,1
2320800932001,TA,1346.63,0.0,2
2320800934001,TA,1052.31,0.0,1
2320800935001,TA,2147.68,0.0,3
2320800936001,TA,863.53,0.0,1
2320800937001,TA,823.78,0.0,1
2320800938001,TA,918.25,0.0,2
2320800939001,TA,1696.27,0.0,3
2320800940001,TA,990.93,0.0,2
2320800941001,TA,1007.2,0.0,1
2320800942001,TA,351.47,0.0,1
2320800943001,TA,1035.9,0.0,2
2320800944001,TA,1134.85,0.0,3
2320800946001,TA,1949.57,0.0,3
2320800947001,TA,347.22,0.0,1
2320800949001,TA,1346.23,0.0,3
2320800982001,TA,1006.04,0.0,3
2320800983001,TA,1099.8,0.0,2
2320800984001,TA,1005.41,0.0,2
2320800987001,TA,1003.09,0.0,2
2320800989001,TA,543.67,0.0,1
2320800990001,TA,3727.28,0.0,5
2320800991001,TA,3447.45,0.0,8
2320800996001,TA,828.52,0.0,1
2320800997001,TA,892.26,0.0,2
2320800999001,TA,1203.71,0.0,2
2320801000001,TA,572.35,0.0,2
2320801000003,TA,450.64,0.0,1
2320801001001,TA,873.4,0.0,2
2320801002001,TA,833.57,0.0,2
2320801003001,TA,859.54,0.0,1
2320801004001,TA,1200.24,0.0,2
2320801006001,TA,914.67,0.0,1
2320801007001,TA,886.97,0.0,2
2320801009001,TA,4384.18,0.0,7
2320801010001,TA,3914.04,0.0,6
2320801011001,TA,1954.85,0.0,3
2320801012001,TA,577.62,0.0,1
2320801014001,TA,1367.9,0.0,1
2320801017001,TA,5519.68,0.0,9
2320801018001,TA,5891.41,0.0,9
2320801019001,TA,711.51,0.0,1
2320801020001,TA,679.38,0.0,1
2320801022001,TA,615.33,0.0,1
2320801023001,TA,765.39,0.0,1
2320801024001,TA,3003.75,0.0,6
2320801025005,TA,4102.53,0.0,7
2320801028001,TA,1325.92,0.0,2
2320801029001,TA,3772.76,0.0,6
2320801033001,TA,1108.46,0.0,1
2320801034001,TA,1119.75,0.0,2
2320801036001,TA,914.16,0.0,1
2320801036003,TA,137.09,0.0,1
2320801037001,TA,1155.71,0.0,2
2320801042002,TA,1284.29,0.0,3
2320801072001,TA,1048.71,0.0,1
2320801073001,TA,2667.44,0.0,4
2320801074001,TA,1918.68,0.0,4
2320801075001,TA,1630.37,0.0,2
2320801076001,TA,1515.58,0.0,1
2320801079001,TA,853.24,0.0,1
2320801079003,TA,1175.51,0.0,2
2320801080001,TA,71645.64,0.0,113
2320801086001,TA,783.43,0.0,2
2320801088001,TA,820.42,0.0,1
2320801089001,TA,689.84,0.0,1
2320801094001,TA,943.91,0.0,1
2320801095001,TA,5210.15,0.0,8
2320801096001,TA,1030.79,0.0,2
2320801097001,TA,10025.61,0.0,17
2320801099001,TA,1286.61,0.0,3
2320801100001,TA,819.26,0.0,1
2320801101001,TA,1478.45,0.0,3
2320801106001,TA,1361.11,0.0,2
2320801109001,TA,493.15,0.0,1
2320801110001,TA,1467.35,0.0,2
2320801111001,TA,4432.82,0.0,6
2320801112001,TA,2619.62,0.0,4
2320801116001,TA,3083.1,0.0,4
2320801117001,TA,2480.56,0.0,5
2320801118001,TA,992.54,0.0,1
2320801130001,TA,1555.96,0.0,1
2320900004001,TA,1539.2,0.0,2
2320900006001,TA,635.41,0.0,2
2320900007001,TA,1861.28,0.0,3
2320900008001,TA,2277.24,0.0,3
2320900009001,TA,2395.42,0.0,3
2320900010001,TA,2415.88,0.0,5
2320900011001,TA,2393.83,0.0,3
2320900015001,TA,2361.08,0.0,4
2320900016001,TA,3530.62,0.0,6
2320900017001,TA,2841.31,0.0,4
2320900018001,TA,4566.0,0.0,8
2320900019001,TA,2380.05,0.0,6
2320900020001,TA,1043.64,0.0,2
2320900024001,TA,754.62,0.0,1
2320900025001,TA,1621.16,0.0,3
2320900026001,TA,1580.42,0.0,3
2320900027001,TA,3431.07,0.0,6
2320900029001,TA,2293.9,0.0,5
2320900033001,TA,2776.98,0.0,4
2320900034001,TA,1551.35,0.0,3
2320900035001,TA,1498.34,0.0,3
2320900036001,TA,752.21,0.0,1
2320900038001,TA,486.72,0.0,2
2320900039001,TA,1638.34,0.0,2
2320900040001,TA,14241.83,0.0,25
2320900041001,TA,1258.22,0.0,2
2320900042001,TA,658.98,0.0,1
2320900043001,TA,631.1,0.0,1
2320900044001,TA,7601.83,0.0,11
2320900045001,TA,11844.64,0.0,19
2320900046001,TA,5778.19,0.0,8
2320900046003,TA,1018.17,0.0,1
2320900047001,TA,5048.78,0.0,8
2320900048001,TA,3776.7,0.0,5
2320900048002,TA,2106.31,0.0,4
2320900049001,TA,1703.1,0.0,3
2320900051001,TA,1069.54,0.0,2
2320900052001,TA,2566.06,0.0,5
2320900053001,TA,2588.14,0.0,3
2320900054001,TA,6923.55,0.0,12
2320900055001,TA,5131.36,0.0,9
2320900057001,TA,7096.43,0.0,11
2320900059001,TA,2684.03,0.0,6
2320900060001,TA,809.36,0.0,1
2320900061001,TA,1342.1,0.0,3
2320900062001,TA,2334.01,0.0,3
2320900063001,TA,2406.7,0.0,4
2320900064001,TA,2365.27,0.0,3
2320900065001,TA,3449.39,0.0,6
2320900066001,TA,6528.58,0.0,10
2320900067001,TA,2198.62,0.0,3
2320900068001,TA,10532.61,0.0,15
2320900069001,TA,489.19,0.0,1
2320900070004,TA,547.51,0.0,1
2320900071001,TA,5148.03,0.0,7
2320900072001,TA,7000.67,0.0,12
2320900074001,TA,2587.57,0.0,7
2320900075001,TA,4666.15,0.0,6
2320900075002,TA,472.98,0.0,2
2320900076001,TA,7596.63,0.0,13
2320900078001,TA,19833.75,0.0,30
2320900079001,TA,2221.83,0.0,3
2320900079002,TA,210.5,0.0,1
2320900080001,TA,4005.37,0.0,7
2320900081001,TA,2636.94,0.0,4
2320900082002,TA,1591.15,0.0,1
2320900083001,TA,537.52,0.0,1
2320900084001,TA,1000.23,0.0,1
2320900085001,TA,532.09,0.0,1
2320900088001,TA,5914.43,0.0,10
2320900089003,TA,2690.92,0.0,4
2320900090001,TA,4886.69,0.0,8
2320900091001,TA,7356.67,0.0,12
2320900092001,TA,3667.88,0.0,4
2320900093001,TA,3630.4,0.0,7
2320900094001,TA,3955.07,0.0,6
2320900095001,TA,2961.93,0.0,5
2320900095003,TA,453.54,0.0,1
2320900096001,TA,1196.15,0.0,2
2320900097001,TA,13301.73,0.0,21
2320900099003,TA,189.95,0.0,1
2320900100001,TA,732.2,0.0,1
2320900102001,TA,2461.63,0.0,4
2320900103001,TA,1496.81,0.0,2
2320900104001,TA,699.22,0.0,1
2320900105002,TA,413.45,0.0,1
2320900107001,TA,1047.67,0.0,2
2320900110003,TA,901.54,0.0,2
2320900111001,TA,5146.21,0.0,9
2320900112001,TA,5052.83,0.0,8
2320900113001,TA,4454.63,0.0,7
2320900114001,TA,2142.15,0.0,4
2320900115001,TA,2419.32,0.0,4
2320900116001,TA,2255.52,0.0,3
2320900117001,TA,5828.12,0.0,9
2320900120001,TA,1863.46,0.0,4
2320900122001,TA,2713.53,0.0,5
2320900123001,TA,1071.65,0.0,1
2320900124001,TA,1271.27,0.0,2
2320900125001,TA,3748.81,0.0,5
2320900126001,TA,2021.11,0.0,3
2320900127001,TA,787.65,0.0,2
2320900128001,TA,2009.93,0.0,3
2320900129001,TA,3337.83,0.0,5
2320900130001,TA,279.31,0.0,1
2320900131001,TA,2042.79,0.0,3
2320900132001,TA,4264.46,0.0,8
2320900133001,TA,7375.45,0.0,10
2320900134001,TA,1914.84,0.0,2
2320900136001,TA,702.07,0.0,1
2320900137001,TA,1808.99,0.0,1
2320900138001,TA,580.55,0.0,1
2320900139001,TA,3363.05,0.0,6
2320900140004,TA,758.81,0.0,1
2320900141001,TA,3637.81,0.0,6
2320900142001,TA,4016.68,0.0,7
2320900143001,TA,12547.46,0.0,22
2320900144001,TA,3326.03,0.0,5
2320900145001,TA,3625.28,0.0,6
2320900146001,TA,16822.8,0.0,24
2320900147001,TA,5068.69,0.0,9
2320900148001,TA,8330.66,0.0,11
2320900149001,TA,3158.25,0.0,5
2320900150001,TA,4162.29,0.0,7
2320900151001,TA,13354.66,0.0,21
2320900152001,TA,4974.26,0.0,7
2320900153001,TA,11513.72,0.0,21
2320900158001,TA,2945.81,0.0,4
2320900159001,TA,13991.42,0.0,22
2320900159002,TA,1894.65,0.0,2
2320900160001,TA,10568.17,0.0,16
2320900162001,TA,4646.43,0.0,7
2320900164001,TA,2997.56,0.0,4
2320900165001,TA,2232.1,0.0,3
2320900166001,TA,2680.12,0.0,3
2320900167001,TA,10516.98,0.0,16
2320900169001,TA,5735.34,0.0,9
2320900170001,TA,7169.2,0.0,12
2320900173001,TA,2596.83,0.0,3
2320900181001,TA,1085.6,0.0,2
2320900182001,TA,3158.56,0.0,6
2320900184001,TA,9120.74,0.0,15
2320900185001,TA,50388.18,0.0,81
2320900186001,TA,12581.82,0.0,20
2320900187001,TA,9535.95,0.0,16
2320900189001,TA,17713.89,0.0,29
2320900190001,TA,6296.6,0.0,11
2320900191001,TA,10084.82,0.0,15
2320900192001,TA,3871.22,0.0,6
2320900193001,TA,10548.31,0.0,17
2320900195001,TA,2718.44,0.0,5
2320900200001,TA,44100.76,0.0,71
2320900203001,TA,113541.8,0.0,180
2320900206001,TA,21762.81,0.0,35
2320900207001,TA,19833.88,0.0,31
2320900208001,TA,20123.78,0.0,31
2320900209001,TA,27462.89,0.0,43
2320900209005,TA,360.9,0.0,1
2320900210001,TA,15713.45,0.0,26
2320900211001,TA,35373.1,0.0,58
2320900212001,TA,6859.29,0.0,12
2320900213001,TA,6994.98,0.0,11
2320900214001,TA,18366.13,0.0,31
2320900215001,TA,9622.31,0.0,15
2320900215003,TA,700.24,0.0,1
2320900216001,TA,5249.11,0.0,7
2320900217001,TA,6883.1,0.0,12
2320900218001,TA,9380.09,0.0,15
2320900219001,PS,1394.79,0.0,2
2320900221001,TA,8478.15,0.0,15
2320900223001,TA,11687.64,0.0,18
2320900224001,TA,58544.96,0.0,90
2320900237001,TA,13095.55,0.0,22
2320900237004,TA,1957.59,0.0,2
2320900238001,TA,722.85,0.0,1
2320900239001,TA,1574.6,0.0,4
2320900240001,TA,4309.78,0.0,6
2320900241001,TA,4010.49,0.0,6
2320900243001,TA,9524.16,0.0,16
2320900244001,TA,3827.57,0.0,6
2320900245001,TA,2195.33,0.0,3
2320900246001,TA,2621.37,0.0,5
2320900247001,TA,9578.65,0.0,16
2320900250001,TA,20416.27,0.0,34
2320900252001,TA,5433.25,0.0,9
2320900253001,TA,5913.89,0.0,7
2320900254001,TA,3774.59,0.0,5
2320900255001,TA,3413.22,0.0,6
2320900256001,TA,3590.62,0.0,5
2320900257001,TA,3365.7,0.0,6
2320900264001,TA,1851.64,0.0,3
2320900265001,TA,2824.97,0.0,3
2320900266001,TA,4830.06,0.0,8
2320900267001,TA,3955.58,0.0,7
2320900268001,TA,47474.67,0.0,77
2320900270001,TA,92248.48,0.0,147
2320900271001,TA,9991.74,0.0,15
2320900272001,TA,14968.51,0.0,24
2320900273001,TA,7906.11,0.0,13
2320900274001,TA,2048.52,0.0,4
2320900275001,TA,2065.31,0.0,3
2320900276001,TA,3530.32,0.0,6
2320900277001,TA,6157.07,0.0,9
2320900279001,TA,9048.13,0.0,14
2320900280001,TA,4020.56,0.0,6
2320900281001,TA,6346.3,0.0,10
2320900282001,TA,10514.73,0.0,16
2320900283001,TA,1696.33,0.0,3
2320900284001,TA,4914.96,0.0,8
2320900284006,TA,3635.47,0.0,6
2320900285001,TA,1751.71,0.0,2
2320900286001,TA,2110.85,0.0,4
2320900287001,TA,3545.15,0.0,7
2320900290001,TA,12429.99,0.0,19
2320900291001,TA,12209.92,0.0,19
2320900293001,TA,6079.79,0.0,10
2320900295001,TA,7155.48,0.0,11
2320900299001,TA,1721.09,0.0,2
2320900300001,TA,2226.69,0.0,4
2320900301001,TA,2322.67,0.0,3
2320900302001,TA,3398.16,0.0,5
2320900303001,TA,7335.75,0.0,12
2320900304001,TA,24678.34,0.0,39
2320900305001,TA,1210.65,0.0,2
2320900308001,TA,1816.72,0.0,3
2320900310001,TA,8311.65,0.0,16
2320900312003,TA,451.71,0.0,1
2320900313001,TA,3600.11,0.0,4
2320900314001,TA,3963.33,0.0,7
2320900316001,TA,3097.9,0.0,5
2320900317001,TA,2413.17,0.0,5
2320900320001,TA,3222.64,0.0,7
2320900321001,TA,4906.44,0.0,8
2320900322001,TA,3390.43,0.0,7
2320900323001,TA,5101.63,0.0,8
2320900324001,TA,2517.86,0.0,3
2320900327001,TA,10046.1,0.0,16
2320900328001,TA,3038.91,0.0,5
2320900329001,TA,5803.85,0.0,9
2320900330001,TA,8045.45,0.0,15
2320900335001,TA,9763.07,0.0,13
2320900338001,TA,2107.27,0.0,2
2320900339001,TA,1548.76,0.0,3
2320900341001,TA,4748.84,0.0,8
2320900345001,TA,690.14,0.0,1
2320900347001,TA,430.56,0.0,1
2320900348001,TA,1794.7,0.0,3
2320900350001,TA,1175.71,0.0,3
2320900352001,TA,1472.54,0.0,3
2320900353001,TA,2663.49,0.0,4
2320900355001,TA,2473.49,0.0,5
2320900356001,TA,1001.05,0.0,3
2320900357001,TA,4148.05,0.0,7
2320900358001,TA,824.43,0.0,1
2320900359001,TA,1278.95,0.0,2
2320900360001,TA,5012.22,0.0,8
2320900362001,TA,967.98,0.0,2
2320900364001,TA,576.58,0.0,1
2320900365001,TA,1353.97,0.0,2
2320900370001,TA,959.37,0.0,2
2320900373001,TA,653.58,0.0,1
2320900374001,TA,846.26,0.0,2
2320900375001,TA,1487.53,0.0,2
2320900376001,TA,2087.11,0.0,4
2320900377001,TA,2723.35,0.0,5
2320900378001,TA,9409.18,0.0,15
2320900379001,TA,3171.35,0.0,5
2320900381001,TA,2998.03,0.0,5
2320900382001,TA,3135.88,0.0,5
2320900383001,TA,1845.12,0.0,3
2320900384001,TA,754.47,0.0,1
2320900385004,TA,705.35,0.0,1
2320900387001,TA,1326.93,0.0,1
2320900390001,TA,5247.9,0.0,7
2320900391001,TA,3213.41,0.0,5
2320900392001,TA,2798.96,0.0,5
2320900395001,TA,880.19,0.0,2
2320900398001,TA,2311.13,0.0,2
2320900399001,TA,2153.47,0.0,4
2320900408001,TA,4879.51,0.0,9
2320900409001,TA,720.17,0.0,1
2320900411001,TA,3193.92,0.0,5
2320900412001,TA,837.41,0.0,1
2320900414001,TA,684.45,0.0,1
2320900417001,TA,1994.93,0.0,3
2320900418001,TA,5426.52,0.0,9
2320900419001,TA,3320.26,0.0,6
2320900420001,TA,1800.26,0.0,4
2320900421001,TA,690.36,0.0,1
2320900422001,TA,4258.43,0.0,7
2320900423001,TA,2041.89,0.0,3
2320900425001,TA,2230.3,0.0,4
2320900426001,TA,1705.24,0.0,2
2320900427001,TA,1091.82,0.0,2
2320900428001,TA,2050.13,0.0,4
2320900430001,TA,3356.86,0.0,4
2320900431001,TA,1489.96,0.0,3
2320900432001,TA,6111.15,0.0,10
2320900433001,TA,1802.18,0.0,3
2320900434001,TA,1740.78,0.0,2
2320900435001,TA,1699.35,0.0,3
2320900436001,TA,2116.22,0.0,4
2320900437001,TA,2314.55,0.0,3
2320900438001,TA,2322.81,0.0,4
2320900439001,TA,2291.51,0.0,5
2320900443001,TA,2429.97,0.0,4
2320900444001,TA,1836.04,0.0,3
2320900450001,TA,175.99,0.0,1
2320900457001,TA,502.04,0.0,1
2320900463001,TA,4881.68,0.0,7
2320900464001,TA,1738.33,0.0,3
2320900467001,TA,2146.38,0.0,4
2320900468001,TA,2005.18,0.0,4
2320900471001,TA,1740.18,0.0,4
2320900472001,TA,1010.03,0.0,1
2320900473001,TA,1262.33,0.0,2
2320900474001,TA,3710.82,0.0,6
2320900475001,TA,5074.58,0.0,8
2320900479001,TA,8332.97,0.0,14
2320900480001,TA,3544.33,0.0,5
2320900481001,TA,3293.6,0.0,5
2320900482001,TA,1237.94,0.0,3
2320900486001,TA,1209.24,0.0,1
2320900487001,TA,1462.5,0.0,2
2320900488001,TA,5542.55,0.0,9
2320900490001,TA,737.82,0.0,1
2320900491001,TA,934.63,0.0,1
2320900492001,TA,1783.78,0.0,3
2320900495001,TA,311.46,0.0,1
2320900497001,TA,1292.62,0.0,3
2320900498001,TA,1970.74,0.0,3
2320900499001,TA,2755.81,0.0,5
2320900500001,TA,2565.99,0.0,3
2320900501001,TA,987.05,0.0,3
2320900502001,TA,283.91,0.0,1
2320900503001,TA,4779.44,0.0,7
2320900504001,TA,3619.46,0.0,8
2320900509001,TA,5764.65,0.0,9
2320900510001,TA,2554.64,0.0,4
2320900513001,TA,1224.73,0.0,2
2320900515001,TA,6366.26,0.0,11
2320900516001,TA,6162.34,0.0,9
2320900519001,TA,5054.08,0.0,10
2320900520001,TA,3960.33,0.0,6
2320900520003,TA,3990.23,0.0,7
2320900521001,TA,1899.24,0.0,3
2320900524001,TA,417.6,0.0,1
2320900528001,TA,6875.89,0.0,13
2320900529001,TA,3417.02,0.0,6
2320900531001,TA,1946.48,0.0,2
2320900532001,TA,2149.3,0.0,4
2320900533001,TA,8033.64,0.0,12
2320900534001,TA,3233.32,0.0,5
2320900535001,TA,4891.38,0.0,7
2320900536001,TA,2653.26,0.0,4
2320900537001,TA,13877.91,0.0,23
2320900539001,TA,11341.04,0.0,18
2320900540001,TA,2127.48,0.0,3
2320900541001,TA,6936.89,0.0,12
2320900543001,TA,1628.06,0.0,2
2320900544001,TA,1155.19,0.0,2
2320900545001,TA,1041.25,0.0,1
2320900548001,TA,2076.5,0.0,2
2320900556003,TA,555.32,0.0,1
2320900558001,TA,2019.51,0.0,2
2320900559001,TA,9509.15,0.0,15
2320900560001,TA,4815.71,0.0,8
2320900561001,TA,29401.88,0.0,46
2320900562001,TA,2125.75,0.0,3
2320900563001,TA,3019.0,0.0,4
2320900564001,TA,21315.23,0.0,35
2320900565002,TA,461.9,0.0,1
2320900566005,TA,470.99,0.0,1
2320900568001,TA,2650.18,0.0,5
2320900569001,TA,52447.63,0.0,81
2320900570001,TA,5903.93,0.0,8
2320900575001,TA,42680.82,0.0,69
2320900578001,TA,3474.41,0.0,5
2320900579001,TA,6232.44,0.0,10
2320900583001,TA,1413.94,0.0,1
2320900586001,TA,9999.27,0.0,16
2320900587001,TA,15010.76,0.0,22
2320900590001,TA,5046.88,0.0,9
2320900591001,TA,9373.53,0.0,16
2320900594005,TA,5196.14,0.0,8
2320900595001,TA,5207.26,0.0,8
2320900596001,TA,2772.25,0.0,6
2320900597001,TA,2028.71,0.0,2
2320900598001,TA,4180.05,0.0,7
2320900599001,TA,1262.31,0.0,1
2320900602001,TA,1073.82,0.0,1
2320900603001,TA,1373.62,0.0,2
2320900606001,TA,19170.16,0.0,30
2320900608001,TA,6438.02,0.0,11
2320900609001,TA,5411.65,0.0,7
2320900610001,TA,6117.95,0.0,9
2320900612001,TA,661.08,0.0,1
2320900613001,TA,975.83,0.0,2
2320900614001,TA,2209.37,0.0,2
2320900615001,TA,6725.08,0.0,9
2320900616001,TA,11114.71,0.0,18
2320900617001,TA,4595.8,0.0,9
2320900618001,TA,1964.32,0.0,4
2320900619001,TA,7883.43,0.0,10
2320900620001,TA,5487.57,0.0,9
2320900621001,TA,12227.87,0.0,20
2320900622001,TA,4739.76,0.0,9
2320900623001,TA,7723.2,0.0,13
2320900624001,TA,4840.45,0.0,7
2320900625001,TA,14711.95,0.0,26
2320900627001,TA,2348.13,0.0,5
2320900628001,TA,13372.49,0.0,20
2320900629001,TA,2242.72,0.0,3
2320900630001,TA,3048.85,0.0,5
2320900631001,TA,6835.4,0.0,10
2320900632001,TA,3864.54,0.0,7
2320900633001,TA,2740.97,0.0,3
2320900634001,TA,2575.51,0.0,4
2320900635001,TA,2710.71,0.0,5
2320900636001,TA,2651.63,0.0,4
2320900637001,TA,1061.79,0.0,2
2320900639001,TA,1905.28,0.0,4
2320900640001,TA,1052.0,0.0,1
2320900641001,TA,6682.42,0.0,9
2320900645001,TA,15626.15,0.0,25
2320900646001,TA,8910.51,0.0,15
2320900647001,TA,18267.08,0.0,28
2320900648001,TA,9108.88,0.0,14
2320900649001,TA,8865.65,0.0,15
2320900650001,TA,9085.75,0.0,15
2320900651001,TA,12964.5,0.0,21
2320900652001,TA,1610.54,0.0,2
2320900655001,TA,2068.68,0.0,3
2320900658001,TA,4392.92,0.0,5
2320900662001,TA,4758.13,0.0,8
2320900663001,TA,14109.35,0.0,22
2320900666001,TA,7525.27,0.0,13
2320900668001,TA,1052.29,0.0,2
2320900673001,TA,6879.7,0.0,12
2320900674001,TA,8068.2,0.0,12
2320900675001,TA,1892.74,0.0,3
2320900677001,TA,2289.03,0.0,5
2320900678001,TA,2129.18,0.0,3
2320900681001,TA,758.7,0.0,1
2320900686001,TA,1102.81,0.0,1
2320900689001,TA,1077.47,0.0,2
2320900690001,TA,2799.11,0.0,6
2320900691001,TA,603.59,0.0,1
2320900692001,TA,331.72,0.0,1
2320900693001,TA,2784.32,0.0,4
2320900694001,TA,3870.53,0.0,6
2320900697001,TA,2746.39,0.0,5
2320900704001,TA,595.99,0.0,2
2320900706001,TA,561.16,0.0,1
2320900707001,TA,5318.94,0.0,10
2320900708001,TA,6621.28,0.0,10
2320900709001,TA,26341.74,0.0,41
2320900710001,TA,22610.73,0.0,35
2320900711001,TA,7160.04,0.0,12
2320900712001,TA,25021.13,0.0,39
2320900713001,TA,10483.57,0.0,18
2320900714001,TA,324.62,0.0,1
2320900718001,TA,10207.4,0.0,18
2320900719001,TA,51091.84,0.0,81
2320900720001,TA,2690.61,0.0,4
2320900721001,TA,1268.0,0.0,2
2320900722001,TA,1453.33,0.0,2
2320900732001,TA,16177.07,0.0,23
2320900733001,TA,126.2,0.0,1
2320900734001,TA,1907.94,0.0,2
2320900735001,TA,1532.43,0.0,3
2320900736001,TA,2172.13,0.0,5
2320900737001,TA,3410.64,0.0,5
2320900738001,TA,6639.96,0.0,9
2320900739001,TA,6629.41,0.0,11
2320900740001,TA,1648.4,0.0,2
2321000009001,TA,146648.72,1.2060085535049438,233
2321000010001,TA,45564.28,2.0,76
2321000011001,TA,43064.55,2.0,67
2321000012001,TA,90988.31,2.0,144
2321000013001,TA,177904.9,1.978947401046753,285
2321000017001,TA,131063.73,1.8523809909820557,210
2321000018001,TA,66985.68,1.850467324256897,107
2321000019001,TA,124136.84,1.9949748516082764,199
2321000020001,TA,24695.47,2.0,42
2321000026004,TA,5084.86,0.375,8
2321000026005,TA,5686.47,0.1111111119389534,9
2321000026006,TA,548.65,0.0,1
2321000026012,TA,17650.09,1.6206896305084229,29
2321000026014,TA,746.34,1.0,1
2321000032001,TA,16950.37,1.7307692766189575,26
2321000036001,TA,6408.69,1.9166666269302368,12
2321000036003,TA,16590.34,2.0,28
2321000037001,TA,15144.21,1.7272727489471436,22
2321000037003,TA,770.46,2.0,1
2321000038001,TA,21206.23,2.0,36
2321000040001,TA,55738.51,1.100000023841858,90
2321000040004,TA,2096.23,2.0,2
2321000042001,TA,11701.64,0.8235294222831726,17
2321000042003,TA,3028.06,0.0,5
2321000043001,TA,24494.4,1.5384615659713745,39
2321000044001,TA,40153.43,1.377049207687378,61
2321000044003,TA,6030.87,1.545454502105713,11
2321000044004,TA,71971.88,2.424778699874878,113
2321000046009,TA,65151.47,2.3106796741485596,103
2321000046017,TA,768.73,2.0,2
2321000059001,TA,5217.79,0.0,8
2321000059004,TA,289.54,0.0,1
2321000060001,TA,2281.79,0.0,3
2321000061001,TA,2175.02,0.0,4
2321000062001,TA,8567.29,0.0,14
2321000065001,TA,6456.43,0.0,13
2321000066001,TA,11580.93,0.0,17
2321000071001,TA,66813.56,1.9082568883895874,109
2321000074001,TA,2270.82,0.0,3
2321000078001,TA,319983.49,0.0,513
2321000079003,TA,876.79,0.0,2
2321000080001,TA,25419.89,0.0,40
2321000081001,TA,24265.16,0.0,39
2321000083001,TA,26429.38,0.0,43
2321000084001,TA,23818.55,0.0,38
2321000085001,TA,24454.09,0.0,40
2321000086001,TA,20118.01,0.0,31
2321000087001,TA,23222.79,0.0,38
2321000088001,TA,24814.3,0.0,39
2321000089001,TA,23488.49,0.0,37
2321000090001,TA,23270.91,0.0,38
2321000091001,TA,71275.58,0.0,115
2321000092001,TA,47189.77,0.0,74
2321000094001,TA,77261.95,0.0,126
2321000095001,TA,28679.29,0.0,47
2321000098001,TA,22477.3,1.0526316165924072,38
2321000102001,TA,6366.97,0.0,12
2321000103001,TA,58974.53,0.0,96
2321000103004,TA,1513.74,0.0,3
2321000103005,TA,1053.68,0.0,1
2321000104001,TA,5541.08,0.0,9
2321000105003,TA,187.48,0.0,1
2321000105004,TA,194.56,0.0,1
2321000106001,TA,23785.02,0.0,40
2321000107001,TA,48379.23,0.0,77
2321000111001,TA,32103.7,1.8775510787963867,49
2321000111002,TA,7082.75,1.5384615659713745,13
2321000113001,TA,29769.7,0.5957446694374084,47
2321000116001,TA,31017.61,1.7021276950836182,47
2321000122001,TA,21629.82,1.2894736528396606,38
2321000123001,TA,8186.56,0.2142857164144516,14
2321000124004,TA,4013.65,0.0,6
2321000126001,TA,21050.3,3.151515245437622,33
2321000127001,TA,7403.38,3.2727272510528564,11
2321000131001,TA,6543.78,0.0,9
2321000140001,TA,23639.74,0.0,38
2321000141001,TA,20880.05,0.0,34
2321000143001,TA,28690.8,0.0,45
2321000144001,TA,28089.36,0.0,45
2321000153005,TA,2538.22,0.0,4
2321100001001,TA,525842.76,0.004800000227987766,625
2321100001028,TA,28676.56,2.0,41
2321100001029,TA,181656.66,1.9023568630218506,297
2321100001030,TA,122338.75,1.4696969985961914,198
2321100001032,TA,8172.78,2.0,13
2321100001033,TA,423677.55,1.5535976886749268,681
2321100001063,TA,212.68,1.5,2
2321100002001,TA,649027.01,1.6309421062469482,1157
2321100002005,TA,97227.34,1.7402597665786743,154
2321100002014,TA,6775.36,1.454545497894287,11
2321100002025,TA,416570.82,1.2640693187713623,693
2321100002036,TA,47561.46,0.7702702879905701,74
2321100002151,TA,376.1,0.0,1
2321100002196,TA,215.57,0.0,2
2321100002203,TA,267794.84,0.0,365
2321100002204,TA,759.87,0.0,1
2321100005001,TA,247137.44,0.6717791557312012,326
2321100005003,TA,4252.32,0.0,8
2321100005004,TA,3257.87,0.0,5
2321100005011,TA,230848.68,1.240469217300415,341
2321100005013,TA,67079.46,1.4579439163208008,107
2321100005014,TA,114803.67,1.4247311353683472,186
2321100005028,TA,95926.38,0.886904776096344,168
2321100005050,TA,1771.32,0.0,2
2321100005055,TA,326.86,0.0,1
2321100005056,TA,17622.48,0.5714285969734192,28
2321100010002,TA,5335.25,1.7777777910232544,9
2321100013001,TA,26153.03,2.0,42
2321100013004,TA,2587.47,2.0,5
2321200001001,TA,2741.5,0.5,4
2321200006001,TA,1040.97,0.0,2
2321200007001,TA,1767.44,0.0,2
2321200008001,TA,1438.39,0.0,2
2321200009001,TA,2108.72,0.0,3
2321200012001,TA,4656.47,0.3333333432674408,6
2321200012002,TA,176.7,0.0,1
2321200014001,TA,8595.96,0.0,13
2321200015001,TA,2245.05,0.0,3
2321200016001,TA,2418.7,0.0,4
2321200017001,TA,2894.56,0.0,3
2321200018001,TA,3177.47,0.0,7
2321200019001,TA,2441.21,0.0,4
2321200020001,TA,9197.37,0.0,14
2321200021001,TA,4620.24,0.0,8
2321200022001,TA,5956.89,0.0,9
2321200023001,TA,742.27,0.0,1
2321200024001,TA,29764.97,0.0,50
2321200025001,TA,63532.83,0.0,102
2321200026001,TA,5662.23,0.0,9
2321200027001,TA,8223.02,0.0,13
2321200028001,TA,2205.88,0.0,3
2321200100001,TA,2973.27,0.0,6
2321200103001,TA,1597.31,0.6666666865348816,3
2321200104001,TA,2193.79,0.0,4
2321200105001,TA,4103.38,0.0,7
2321200106001,TA,7000.21,1.8333333730697632,12
2321200111001,TA,4754.7,2.0,8
2321200114001,TA,1958.11,2.0,3
2321200115001,TA,4196.71,2.0,6
2321200117001,TA,9106.69,2.0,15
2321200118001,TA,9173.41,2.0,13
2321200119001,TA,13992.13,2.0,21
2321200120001,TA,11582.71,2.0,19
2321200121001,TA,39593.91,2.0,61
2321200123001,TA,16264.67,2.0,26
2321200124001,TA,7222.22,2.0,10
2321200125001,TA,2410.74,2.0,5
2321200127001,TA,5062.17,2.0,9
2321200128001,TA,5082.55,2.0,8
2321200131001,TA,8260.38,2.0,12
2321200134001,TA,4014.32,0.0,7
2321200136001,TA,2473.36,0.0,4
2321200137001,TA,2415.57,0.0,5
2321200138001,TA,2790.0,0.0,4
2321200140001,TA,3491.57,0.0,6
2321200144001,TA,6725.28,0.8888888955116272,9
2321200145001,TA,17019.05,2.0,26
2321200147001,TA,11314.93,1.8888888359069824,18
2321200148001,TA,7681.22,0.0,11
2321200150001,TA,17767.72,0.0,28
2321200151001,TA,4568.46,0.0,5
2321200152001,TA,24970.98,0.0,41
2321200153001,TA,21664.82,0.0,35
2321200154001,TA,13242.79,0.0,21
2321200155001,TA,26756.2,0.0,43
2321200156001,TA,22184.92,0.0,35
2321200157001,TA,8564.98,0.0,14
2321200158001,TA,2840.82,0.0,5
2321200159001,TA,8400.24,0.0,15
2321200160001,TA,3182.12,0.0,6
2321200161001,TA,1558.63,0.0,2
2321200162001,TA,4675.21,0.0,8
2321200163001,TA,8355.58,0.0,15
2321200165001,TA,6152.7,0.0,9
2321200166001,TA,7672.97,0.0,11
2321200177001,TA,3200.85,0.0,5
2321200178001,TA,2547.18,0.0,3
2321200187001,TA,9043.33,0.0,15
2321200188001,TA,10279.17,0.0,16
2321200189001,TA,121292.92,0.0,196
2321200191001,TA,8625.3,0.0,13
2321200192001,TA,9131.01,0.0,11
2321200194001,TA,3124.39,0.0,2
2321200195002,TA,1096.4,0.0,1
2321200196001,TA,16748.64,0.0,14
2321200199001,TA,5973.65,0.0,9
2321200200001,TA,6474.54,0.0,9
2321200201001,TA,5455.93,0.0,2
2321200202001,TA,15418.11,0.0,25
2321200206001,TA,26284.5,0.0,42
2321200207001,TA,4237.57,0.0,7
2321200208001,TA,3365.03,0.0,5
2321200210001,TA,10005.73,0.3333333432674408,12
2321200211001,TA,998.73,1.3333333730697632,3
2321200212001,TA,3536.81,0.0,5
2321200213001,TA,3480.55,0.0,6
2321200214001,TA,6103.74,0.0,9
2321200216001,TA,8044.61,0.0,15
2321200217001,TA,21342.96,0.0,31
2321200218001,TA,9485.12,0.0,20
2321200218002,TA,1891.91,0.0,3
2321200220001,TA,9891.88,0.0,16
2321200221001,TA,1389.08,0.0,2
2321200222001,TA,1091.78,0.0,2
2321200223002,TA,803.07,0.0,2
2321200225001,TA,7733.92,0.0,12
2321200226001,TA,898.18,0.0,2
2321200227001,TA,19609.77,0.0,32
2321200229001,TA,12599.47,0.0,20
2321200231001,TA,13755.76,0.0,24
2321200232001,TA,5291.77,0.0,5
2321200234001,TA,6538.28,0.0,11
2321200235001,TA,12778.11,0.0,24
2321200237001,TA,3687.9,0.0,7
2321200238002,TA,41567.55,0.0,70
2321200244001,TA,7212.29,0.0,8
2321200245001,TA,1084.48,0.0,2
2321200247001,TA,4515.03,0.0,8
2321200248001,TA,10621.69,0.0,16
2321200249001,TA,18737.61,0.0,31
2321200250001,TA,32864.27,0.0,52
2321200251001,TA,52489.3,0.0,83
2321200254001,TA,12161.23,0.0,19
2321200259001,TA,7186.78,1.0,12
2321200263001,TA,3638.03,0.20000000298023224,5
2321200264001,TA,6535.28,0.0,11
2321200265001,TA,8759.44,0.0,15
2321200266001,TA,9375.99,0.0,14
2321200267001,TA,14412.95,0.0,25
2321200268001,TA,10019.44,0.0,13
2321200269001,TA,5228.22,0.0,7
2321200271003,TA,1966.68,0.0,3
2321200272001,TA,6289.33,0.0,9
2321200273001,TA,4250.95,0.0,7
2321200276001,TA,3517.99,0.6666666865348816,6
2321200277001,TA,2326.24,3.3333332538604736,3
2321200278001,TA,3845.68,2.0,6
2321200279001,TA,3625.74,1.600000023841858,5
2321200281001,TA,4182.15,2.0,7
2321200282002,TA,8431.15,1.7333333492279053,15
2321200283001,TA,2760.87,0.0,2
2321200284001,TA,690.26,0.0,2
2321200286001,TA,2860.78,0.3333333432674408,6
2321200288001,TA,4664.6,2.0,8
2321200289001,TA,3052.81,2.0,4
2321200290001,TA,2011.57,2.0,3
2321200291001,TA,4679.67,2.0,9
2321200294001,TA,756.69,4.0,1
2321200295001,TA,623.46,4.0,1
2321200297001,TA,12751.04,3.9000000953674316,20
2321200298001,PS,17510.42,1.1333333253860474,30
2321200299001,TA,2122.09,0.0,4
2321200299003,TA,1505.75,0.0,3
2321200300001,TA,2296.73,2.5,4
2321200302001,TA,6879.53,0.0,10
2321200303001,TA,10877.43,1.3684210777282715,19
2321200304001,TA,10668.84,1.8823529481887817,17
2321200308001,TA,8335.01,0.1428571492433548,14
2321200309001,TA,1286.85,0.0,2
2321200310001,TA,4615.48,0.0,7
2321200311001,TA,11538.5,0.8888888955116272,18
2321200312001,TA,1825.24,2.0,3
2321200314001,TA,8704.79,2.0,13
2321200315001,TA,2608.96,2.0,4
2321200317001,TA,7478.94,0.6666666865348816,12
2321200318001,TA,1810.47,0.6666666865348816,3
2321200319001,TA,4833.52,1.1428571939468384,7
2321200321001,TA,4067.59,2.0,7
2321200322001,TA,5945.53,2.0,9
2321200323001,TA,1627.94,2.0,2
2321200324001,TA,8237.4,2.0,14
2321200326001,TA,1465.74,0.0,3
2321200328001,TA,956.02,1.0,2
2321200331001,TA,2049.48,0.0,3
2321200332001,TA,1901.44,0.0,2
2321200333001,TA,916.0,0.0,2
2321200334001,TA,1830.11,0.0,3
2321200335001,TA,10036.66,0.375,16
2321200335002,TA,3374.01,2.0,7
2321200335008,TA,1512.44,1.0,2
2321200336001,TA,5346.06,1.2222222089767456,9
2321200337001,TA,8297.12,1.8461538553237915,13
2321200338001,TA,5239.03,1.8571428060531616,7
2321200342001,TA,13225.46,1.9047619104385376,21
2321200343001,TA,1740.47,1.0,2
2321200344001,TA,6805.28,0.0,12
2321200346001,TA,1896.22,0.0,3
2321200349001,TA,3812.22,1.1428571939468384,7
2321200350001,TA,3752.96,1.0,6
2321200351001,TA,5935.13,0.6000000238418579,10
2321200352001,TA,1513.83,0.0,3
2321200354001,TA,1920.7,0.0,3
2321200355001,TA,6318.57,0.0,9
2321200356002,TA,4558.23,1.25,8
2321200357001,TA,5795.96,1.5555555820465088,9
2321200358001,TA,6218.32,1.7777777910232544,9
2321200359001,TA,14032.55,1.91304349899292,23
2321200360001,TA,2684.12,2.0,4
2321200361001,TA,12792.94,2.0,20
2321200362001,TA,10719.18,2.0,17
2321200363001,TA,21047.61,2.0,35
2321200364001,TA,20208.41,2.0,31
2321200365001,TA,2721.91,2.0,4
2321200366001,TA,8090.78,2.0,13
2321200367001,TA,8645.74,2.0,17
2321200368001,TA,6668.08,2.0,9
2321200369001,TA,4129.64,2.0,9
2321200370001,TA,5710.41,2.0,8
2321200371001,TA,4959.03,2.0,8
2321200372001,TA,10049.6,2.0,16
2321200373001,TA,4997.24,1.7777777910232544,9
2321200374001,TA,6840.39,2.0,11
2321200375001,TA,8526.92,2.0,12
2321200376001,TA,3309.77,2.0,6
2321200377001,TA,6105.47,2.0,9
2321200378001,TA,19915.64,0.7878788113594055,33
2321200379001,TA,6054.87,1.399999976158142,10
2321200380001,TA,5615.52,2.0,8
2321200381001,TA,1711.66,2.0,3
2321200382001,TA,785.37,2.0,1
2321200383001,TA,911.19,2.0,2
2321200384001,TA,6618.36,2.0,13
2321200385001,TA,9111.08,2.0,13
2321200386001,TA,5982.24,2.0,11
2321200387001,TA,14425.65,2.0,22
2321200390001,TA,1416.81,2.0,2
2321200391001,TA,912.53,2.0,1
2321200393001,TA,2663.1,2.0,4
2321200394001,TA,25598.86,1.899999976158142,40
2321200395001,TA,4412.38,2.0,7
2321200396001,TA,4078.52,2.0,7
2321200397001,TA,20465.42,1.9444444179534912,36
2321200398001,TA,10428.4,0.4444444477558136,18
2321200399001,TA,5139.78,1.5555555820465088,9
2321200401001,TA,8440.21,0.7692307829856873,13
2321200402001,TA,6047.48,0.0,11
2321200403001,TA,3141.95,0.0,6
2321200404001,TA,32950.18,0.7307692170143127,52
2321200405001,TA,2685.41,0.5,4
2321200406001,TA,5031.36,0.8571428656578064,7
2321200407001,TA,6570.24,0.1818181872367859,11
2321200409001,TA,2324.49,1.0,6
2321200410001,TA,3007.13,0.800000011920929,5
2321200412001,TA,5274.35,0.25,8
2321200413001,TA,3845.99,0.5714285969734192,7
2321200414001,TA,5573.76,0.0,10
2321200415001,TA,9195.08,0.800000011920929,15
2321200416001,TA,2709.77,2.0,5
2321200417001,TA,4253.62,2.0,7
2321200418001,TA,8435.74,0.9230769276618958,13
2321200419001,TA,9013.11,0.0,13
2321200420001,TA,5780.49,1.600000023841858,10
2321200422001,TA,1236.21,2.0,2
2321200423001,TA,4501.2,1.1428571939468384,7
2321200424001,TA,1925.75,0.0,5
2321200428001,TA,4647.09,0.0,7
2321200429001,TA,3974.26,0.0,6
2321200432001,TA,19735.66,1.6875,32
2321200433001,TA,14212.89,1.91304349899292,23
2321200434001,TA,6010.87,1.0,10
2321200435001,TA,3286.58,2.0,6
2321200437001,TA,4759.98,0.8571428656578064,7
2321200438001,PS,4053.99,0.25,8
2321200439001,TA,4823.61,0.0,7
2321200440001,TA,8505.63,1.8666666746139526,15
2321200442001,TA,3852.71,2.0,7
2321200443001,TA,8863.48,2.0,7
2321200446001,TA,5102.07,2.0,4
2321200450001,TA,2645.76,2.0,4
2321200456001,TA,914.85,0.0,1
2321200457001,TA,3223.07,0.0,5
2321200459001,TA,2284.58,2.0,4
2321200460001,TA,2140.65,2.0,4
2321200461001,TA,7577.39,0.0,8
2321200462001,TA,7503.63,0.0,12
2321200463001,TA,6887.99,0.0,10
2321200464001,TA,7428.37,0.0,12
2321200468001,TA,7527.38,0.1538461595773697,13
2321200469001,TA,8464.17,0.0,13
2321200605001,TA,22548.35,0.0,33
2321200607001,TA,16962.66,0.0,26
2321200608001,TA,17098.01,0.0,26
2321200609001,TA,5170.77,0.0,9
2321200611001,TA,4885.02,0.0,9
2321200612001,TA,14686.39,1.25,24
2321200613001,TA,11837.52,3.78947377204895,19
2321200614001,TA,11676.4,3.799999952316284,20
2321200615001,TA,5403.28,1.3333333730697632,9
2321200616001,TA,14789.9,0.38461539149284363,26
2321200617001,TA,5533.99,0.5,8
2321200624001,TA,7789.02,0.0,13
2321200625001,TA,6568.47,0.5,12
2321200627001,TA,8114.6,0.1666666716337204,12
2321200636001,TA,11112.1,0.0,21
2321200637001,TA,24488.28,0.21052631735801697,38
2321200638001,TA,3987.25,0.0,7
2321200639001,TA,2748.78,1.3333333730697632,3
2321200645001,TA,18529.88,2.0,31
2321200646001,TA,34992.63,0.0,56
2321200647001,TA,11227.0,0.30000001192092896,20
2321300003001,TA,612170.64,1.336862325668335,1039
2321300003006,TA,1143.78,1.5,2
2321300003031,TA,5653.47,1.625,8
2321300005001,TA,60473.41,0.7640449404716492,89
2321300005002,TA,15259.58,1.04347825050354,23
2321300005003,TA,1389.32,0.5,2
2321300005005,TA,6834.22,0.30000001192092896,10
2321300005008,TA,30041.87,0.7083333134651184,48
2321300005010,TA,19104.16,0.1666666716337204,30
2321300005011,TA,2866.82,0.0,5
2321300005014,TA,362.48,1.0,1
2321300005017,TA,1435.64,0.0,1
2321300006001,TA,520555.39,1.3450292348861694,855
2321300006003,TA,489.38,0.0,1
2321300006004,TA,245.2,1.0,1
2321300006005,TA,861.63,0.0,2
2321300006006,TA,11044.53,0.5882353186607361,17
2321300006008,TA,681.93,0.0,1
2321300006009,TA,7358.56,1.2727272510528564,11
2321300006015,TA,14384.33,1.6818181276321411,22
2321300006028,TA,3789.12,2.0,5
2321300006044,TA,29223.04,1.75,44
2321300006060,TA,7144.46,0.9166666865348816,12
2321300006063,TA,280.68,0.0,1
2321300007001,TA,638924.38,1.0970613956451416,1123
2321300007012,TA,2047.66,0.5,4
2321300007013,TA,2181.43,0.0,2
2321300007015,TA,47227.04,1.3037974834442139,79
2321300007025,TA,11096.0,0.0,18
2321300007026,TA,3746.52,0.8571428656578064,7
2321300007027,TA,6512.46,0.25,12
2321300007029,TA,393.45,0.0,1
2321300007030,TA,69578.95,0.17241379618644714,116
2321300007031,TA,2825.0,0.25,4
2321300007032,TA,6634.29,0.10000000149011612,20
2321300007041,TA,38970.78,0.3442623019218445,61
2321300007059,TA,5546.59,0.0,9
2321300008001,TA,40240.75,0.9193548560142517,62
2321300008007,TA,89589.06,0.8299319744110107,147
2321300009001,TA,135290.42,1.018264889717102,219
2321300009002,TA,6316.53,0.0,9
2321300009009,TA,1662.39,0.0,4
2321300010002,TA,455.23,0.0,1
2321300011001,TA,58810.08,1.4615384340286255,91
2321300011003,TA,60446.2,0.7850467562675476,107
2321300012001,TA,63387.22,0.5041322112083435,121
2321300013001,TA,2203.79,1.3333333730697632,3
2321300014001,TA,125353.55,1.1470588445663452,204
2321300014016,TA,7300.79,1.1428571939468384,14
2321300015001,TA,4142.85,0.6666666865348816,6
2321300016001,TA,2817.2,1.6666666269302368,3
2321300017001,TA,586.34,0.0,1
2321300018001,TA,105854.95,1.699422001838684,173
2321300018003,TA,2244.0,0.75,4
2321300018006,TA,1079.32,2.0,2
2321300019003,TA,773.42,1.0,1
2321300019005,TA,992.86,1.0,3
2321300020003,TA,642.95,0.0,2
2321300021001,TA,12555.67,1.7777777910232544,18
2321300021004,TA,418.4,2.0,1
2321300022001,TA,7207.58,1.600000023841858,10
2321300023001,TA,81919.29,1.0263158082962036,152
2321300023009,TA,1857.78,0.6666666865348816,3
2321300024001,TA,451364.28,1.3229730129241943,740
2321300025001,TA,124814.01,1.8522167205810547,203
2321300026001,TA,187270.11,1.7676767110824585,297
2321300032001,TA,455902.29,1.625,728
2321300032005,TA,107558.65,1.6184971332550049,173
2321300032009,TA,84180.14,0.9861111044883728,144
2321300033002,TA,4050.16,1.125,8
2321300033003,TA,1255.03,2.0,3
2321300033004,TA,2524.63,1.6666666269302368,3
2321300036001,TA,62203.52,1.8775510787963867,98
2321300037001,TA,95361.6,1.843137264251709,153
2321300038001,TA,113260.68,1.3227512836456299,189
2321300039001,TA,672523.04,1.7352941036224365,1088
2321300039017,TA,25908.26,2.0,42
2321300039019,TA,683.08,0.0,2
2321300039020,TA,297661.72,1.4168336391448975,499
2321300039031,TA,1039.15,2.0,3
2321300039035,TA,1073.78,1.5,2
2321300040001,TA,8529.75,0.7692307829856873,13
2321300040002,TA,4956.07,0.875,8
2321300041001,TA,99202.14,1.847133755683899,157
2321300048001,TA,447018.02,1.609418272972107,722
2321300048005,TA,878578.97,1.716417908668518,1407
2321300048011,TA,20110.68,0.8571428656578064,35
2321300048013,TA,45734.45,1.753246784210205,77
2321300048021,TA,3875.36,1.5,6
2321300048028,TA,71133.89,1.5701754093170166,114
2321300048038,TA,620.59,1.0,1
2321300049001,TA,286988.95,1.378947377204895,475
2321300057001,TA,503653.77,2.0,806
2321300058001,TA,99431.79,2.0,165
2321300060001,TA,102377.32,2.0,164
2321300067001,TA,100001.41,1.8385093212127686,161
2321300068001,TA,100026.84,1.899999976158142,160
2321300069001,TA,196827.93,1.907936453819275,315
2321300080001,TA,33538.26,2.0,53
2321300081001,TA,33536.94,2.0,55
2321300082001,TA,33538.14,2.0,53
2321400006004,TA,1132.6,2.0,3
2321400008001,TA,59138.7,1.97826087474823,92
2321400009001,TA,55276.11,1.8068181276321411,88
2321400011001,TA,65077.25,1.6299999952316284,100
2321400011002,TA,1313.0,0.6666666865348816,3
2321400011005,TA,2891.12,1.25,4
2321400013001,TA,165934.58,1.85496187210083,262
2321400015001,TA,44650.56,1.8235293626785278,68
2321400017001,TA,42972.61,1.91304349899292,69
2321400018001,TA,199619.85,1.3372093439102173,344
2321400018007,TA,22029.34,1.6749999523162842,40
2321400018011,TA,1658.82,1.75,4
2321400020001,TA,17583.87,2.0,30
2321400025001,TA,154367.11,1.5524193048477173,248
2321400026001,TA,342380.5,1.2973421812057495,602
2321400027001,TA,106873.09,1.8771929740905762,171
2321400028001,TA,50917.34,1.9629629850387573,81
2321400029001,TA,51000.1,1.8674699068069458,83
2321400033001,TA,19230.94,0.5483871102333069,31
2321400034001,TA,52798.38,1.481927752494812,83
2321400034003,TA,939.49,0.5,2
2321400035001,TA,1432.56,2.0,2
2321400036001,TA,65430.44,1.876190423965454,105
2321400037001,TA,57008.29,1.7173912525177002,92
2321400038001,TA,61820.41,1.7938144207000732,97
2321400039001,TA,76732.46,1.5440000295639038,125
2321400040001,TA,157623.74,1.9203187227249146,251
2321400040003,TA,6950.22,1.100000023841858,10
2321400040005,TA,4200.76,0.7142857313156128,7
2321400040008,TA,723.57,0.0,1
2321400041001,TA,137236.62,1.9086757898330688,219
2321400041003,TA,9730.5,1.375,16
2321400041005,TA,13280.5,1.6190476417541504,21
2321400042001,TA,39333.65,1.9206348657608032,63
2321400042003,TA,650.41,0.0,1
2321400042005,TA,671.77,2.0,1
2321400042006,TA,1340.38,2.0,2
2321400042008,TA,2953.36,1.0,4
2321400042009,TA,626.93,1.0,1
2321400043001,TA,104303.56,1.909638524055481,166
2321400043005,TA,6369.45,1.600000023841858,10
2321400043009,TA,2116.27,1.25,4
2321400043010,TA,309.78,2.0,1
2321400044001,TA,50408.22,1.8641974925994873,81
2321400045001,TA,54052.82,1.7586207389831543,87
2321400046001,TA,56666.06,1.827957034111023,93
2321400047001,TA,58416.33,1.9456521272659302,92
2321400048001,TA,40093.57,1.75,64
2321400049001,TA,49935.23,0.7594936490058899,79
2321400051001,TA,57225.42,1.18478262424469,92
2321400053001,TA,44765.56,1.0945945978164673,74
2321400053002,TA,18803.37,1.2666666507720947,30
2321400056002,TA,906.54,1.0,1
2321400056003,TA,730.26,1.0,1
2321400057002,TA,878.26,1.0,1
2321400058001,TA,128276.31,1.9805824756622314,206
2321400058003,TA,26138.8,1.2790697813034058,43
2321400058005,TA,5416.71,0.5,8
2321400058007,TA,3410.56,0.5,6
2321400059001,TA,128344.1,1.9754902124404907,204
2321400059003,TA,44914.91,1.0243902206420898,82
2321400084001,TA,69614.67,1.4035087823867798,114
2321400084008,TA,127.25,2.0,1
2321400087001,TA,43114.17,1.7647058963775635,68
2321400087004,TA,174.85,0.0,1
2321400089001,TA,277091.65,1.81614351272583,446
2321400089003,TA,22727.45,0.9722222089767456,36
2321400089005,TA,2575.44,0.0,4
2321400089006,TA,35747.22,0.7627118825912476,59
2321400089007,TA,54425.9,1.0561797618865967,89
2321400090001,TA,228862.57,1.9891891479492188,370
2321400090004,TA,153.14,2.0,1
2321400095001,TA,1965.97,0.0,3
2321400095003,TA,1832.31,0.0,3
2321400099001,TA,35353.55,1.8545454740524292,55
2321400100001,TA,52485.79,0.8275862336158752,87
2321400100003,TA,9582.34,1.375,16
2321400101001,TA,46776.72,1.8648648262023926,74
2321400102001,TA,75045.4,1.4297521114349365,121
2321400102007,TA,2259.21,1.3333333730697632,3
2321400102011,TA,233.34,0.0,1
2321400103001,TA,39211.85,1.46875,64
2321400103003,TA,26010.67,0.26829269528388977,41
2321400104001,TA,75710.44,1.544715404510498,123
2321400105001,TA,74421.9,1.43478262424469,115
2321400106001,TA,32216.7,1.399999976158142,50
2321400116003,TA,266.11,2.0,1
2321400116004,TA,151.75,2.0,1
2321400117001,TA,25458.71,1.9459459781646729,37
2321400118001,TA,20336.85,2.0,36
2321400119001,TA,11827.12,1.2999999523162842,20
2321400125001,TA,35002.73,1.9482758045196533,58
2321400126001,TA,49925.8,1.9871795177459717,78
2321400127001,TA,20933.07,1.5882352590560913,34
2321400129001,TA,56724.51,1.417582392692566,91
2321400130002,TA,382.33,2.0,1
2321400134001,TA,2258.93,2.0,2
2321400135001,TA,50813.71,1.9473683834075928,76
2321400136001,TA,13342.14,1.8571428060531616,21
2321400141002,TA,690.66,1.3333333730697632,3
2321400152001,TA,4927.39,0.0,7
2321400153001,TA,4410.37,0.0,6
2321400155003,TA,228392.61,1.1559139490127563,372
2321400155004,TA,7207.95,0.8461538553237915,13
2321400155010,TA,35959.84,0.7966101765632629,59
2321400155022,TA,3216.63,1.1428571939468384,7
2321400157001,TA,19695.72,0.0,33
2321400158001,TA,19567.17,0.0,31
2321400159001,TA,23105.21,0.0,37
2321400160001,TA,24794.37,0.0,40
2321400161001,TA,22672.8,0.0,37
2321400161002,TA,599.59,0.0,1
2321400162001,TA,24101.31,0.0,38
2321400163001,TA,16645.97,0.0,27
2321400165001,TA,21924.58,0.0,36
2321400165003,TA,1714.95,0.0,1
2321400166001,TA,23379.89,0.0,39
2321400167003,TA,206.09,0.0,1
2321400168001,TA,25682.99,0.0,42
2321400169001,TA,29460.61,0.0,46
2321400170001,TA,28263.33,0.0,46
2321400171001,TA,38728.8,0.0,62
2321400172001,TA,24950.85,0.0,39
2321400173001,TA,24340.92,0.0,38
2321400174001,TA,23331.93,0.0,38
2321400175001,TA,22997.7,0.0,36
2321400176001,TA,23289.11,0.0,36
2321400177001,TA,26408.93,0.0,43
2321400178001,TA,25242.69,0.0,39
2321400179001,TA,26325.7,0.0,43
2321400180001,TA,25132.47,0.0,40
2321400181001,TA,23394.51,0.0,39
2321400182001,TA,51150.5,0.0,84
2321400183001,TA,26308.27,0.0,43
2321400184001,TA,25804.35,0.0,41
2321400185001,TA,21266.24,0.0,35
2321400186001,TA,22737.62,0.0,37
2321400187001,TA,25482.03,0.0,42
2321400188001,TA,21375.17,0.0,33
2321400188003,TA,761.89,0.0,1
2321400189001,TA,22148.98,0.0,36
2321400190001,TA,25999.21,0.0,41
2321400191001,TA,23738.61,0.0,37
2321400192001,TA,23747.98,0.0,37
2321400193001,TA,21709.83,0.0,34
2321400194001,TA,29841.87,0.0,49
2321400197001,TA,24483.06,0.0,40
2321400198001,TA,34078.22,0.0,54
2321400199001,TA,30539.74,0.0,48
2321400200001,TA,27604.07,0.0,47
2321400203001,TA,26893.53,0.0,41
2321400204001,TA,26539.02,0.0,41
2321400205001,TA,40038.85,0.0,62
2321400217001,TA,160537.01,1.0909091234207153,253
2321400217003,TA,20445.1,1.2333333492279053,30
2321400218006,TA,124849.13,1.1698113679885864,212
2321400218010,TA,146.6,1.0,1
2321400218011,TA,57.25,1.0,1
2321400218015,TA,1133.04,1.0,2
2321400219005,TA,106.35,0.0,1
2321500001001,TA,100089.13,0.0,159
2321500002001,TA,136980.55,0.0,220
2321500003001,TA,128251.36,0.0,83
2321500008001,TA,91533.2,0.0,52
2321500009001,TA,154950.31,0.0,249
2321500010001,TA,107524.9,0.0,172
2321500011001,TA,94005.98,0.0,151
2321500012001,TA,103221.0,0.0,165
2321500013001,TA,345448.72,0.0,119
2321500014001,TA,289080.48,0.0,382
2321500016001,TA,88296.45,0.0,142
2321500017001,TA,41784.4,0.0,68
2321500018001,TA,52081.34,0.0,83
2321500019001,TA,118803.15,0.0,189
2321500020001,TA,156993.43,0.0,253
2321500021001,TA,257784.21,0.0,346
2321500022001,TA,36091.72,0.0,11
2321500023001,TA,16488.49,0.0,20
2321500024001,TA,154680.97,0.0,247
2321500025001,TA,84231.05,0.0,134
2321500025003,TA,30673.9,0.0,50
2321500025008,TA,769.94,0.0,1
2321500026001,TA,49249.32,0.0,79
2321500026004,TA,7617.35,0.0,14
2321500030001,TA,78175.02,0.0,124
2321500031001,TA,78421.28,0.0,127
2321500035001,TA,28211.2,0.0,46
2321500036001,TA,28212.44,0.0,46
2321500038001,TA,29721.1,0.0,46
2321500039001,TA,29763.23,0.0,47
2321500041001,TA,30134.53,0.0,48
2321500044001,TA,57155.85,0.0,93
2321500045001,TA,24712.91,0.0,40
2321500047001,TA,32981.83,0.0,51
2321500048001,TA,13161.85,0.0,21
2321500050001,TA,14253.48,0.0,22
2321500051001,TA,41211.6,0.0,66
2321500053001,TA,32241.48,0.0,52
2321500054001,TA,19055.04,0.0,30
2321500055001,TA,19234.75,0.0,30
2321500058001,TA,19103.87,0.0,31
2321500060001,TA,19011.46,0.0,30
2321500061001,TA,28351.8,0.0,46
2321500062001,TA,21091.6,0.0,33
2321500063001,TA,22454.08,0.0,37
2321500065001,TA,28859.6,0.0,46
2321500066001,TA,29798.0,0.0,47
2321500067001,TA,25191.52,0.0,40
2321500068001,TA,24708.54,0.0,39
2321500068003,TA,1344.41,0.0,3
2321500072001,TA,88626.27,0.0,142
2321500075001,TA,12327.57,0.0,19
2321500076001,TA,15963.51,0.0,26
2321500077001,TA,24316.93,0.0,38
2321500078001,TA,20732.43,0.0,34
2321500079001,TA,12871.12,0.0,19
2321500080001,TA,11944.45,0.0,20
2321500081001,TA,9500.61,0.0,15
2321500082001,TA,7128.74,0.0,11
2321500083001,TA,7310.09,0.0,11
2321500084001,TA,16447.54,0.0,25
2321500085001,TA,10975.44,0.0,18
2321500086001,TA,6473.79,0.0,10
2321500087001,TA,13062.5,0.0,20
2321500088001,TA,15127.77,0.0,25
2321500089001,TA,17625.84,0.0,29
2321500090001,TA,16818.81,0.0,27
2321500091001,TA,14549.61,0.0,22
2321500092001,TA,13706.23,0.0,22
2321500093001,TA,12990.52,0.0,21
2321500094001,TA,13922.21,0.0,22
2321500095001,TA,10407.14,0.0,16
2321500096001,TA,7326.29,0.0,12
2321500097003,PS,4598.1,0.0,8
2321500098001,TA,76431.81,0.0,122
2321600002001,TA,18986.07,0.0,31
2321600003001,TA,14879.01,0.0,23
2321600004001,TA,16472.07,0.0,25
2321600005001,TA,16646.07,0.0,27
2321600007001,TA,17591.78,0.0,28
2321600008001,TA,16673.51,0.0,27
2321600009001,TA,16554.67,0.0,27
2321600010001,TA,18110.24,0.0,28
2321600011001,TA,16888.35,0.0,27
2321600012001,TA,17185.35,0.0,27
2321600013001,TA,16431.63,0.0,26
2321600014001,TA,16947.02,0.0,28
2321600015001,TA,18315.35,0.0,29
2321600016001,TA,16595.58,0.0,27
2321600017001,TA,17292.6,0.0,28
2321600018001,TA,16970.76,0.0,29
2321600019001,TA,17098.15,0.0,27
2321600020001,TA,16745.54,0.0,27
2321600021001,TA,17148.05,0.0,28
2321600022001,TA,16430.65,0.0,25
2321600023001,TA,5714.29,0.0,10
2321600024001,TA,10229.83,0.0,17
2321600025001,TA,16413.32,0.0,27
2321600026001,TA,16674.69,0.0,26
2321600027001,TA,21084.32,0.0,34
2321600028001,TA,19609.63,0.0,32
2321600029001,TA,18703.28,0.0,30
2321600030001,TA,19303.47,0.0,30
2321600031001,TA,16888.41,0.0,27
2321600032001,TA,17010.61,0.0,28
2321600033001,TA,16937.68,0.0,26
2321600034001,TA,16507.16,0.0,26
2321600035001,TA,18543.08,0.0,30
2321600036001,TA,15965.07,0.0,26
2321600037001,TA,17018.89,0.0,28
2321600038001,TA,16999.61,0.0,28
2321600039001,TA,16157.64,0.0,25
2321600040001,TA,18068.21,0.0,28
2321600041001,TA,16244.75,0.0,26
2321600042001,TA,15937.27,0.0,27
2321600043001,TA,15772.05,0.0,26
2321600044001,TA,17015.26,0.0,26
2321600045001,TA,16944.01,0.0,29
2321600046001,TA,15702.93,0.0,25
2321600047001,TA,23163.5,0.0,36
2321600048001,TA,7835.75,0.0,12
2321600049001,TA,15995.66,0.0,26
2321600050001,TA,17321.25,0.0,26
2321600051001,TA,16744.88,0.0,28
2321600052001,TA,15611.77,0.0,25
2321600053001,TA,15685.51,0.0,24
2321600054001,TA,16146.05,0.0,25
2321600055001,TA,15355.11,0.0,24
2321600056001,TA,15684.24,0.0,25
2321600057001,TA,16995.64,0.0,26
2321600058001,TA,16890.79,0.0,28
2321600059001,TA,15429.44,0.0,24
2321600060001,TA,16446.61,0.0,26
2321600063001,TA,17319.65,0.0,28
2321600064001,TA,15064.55,0.0,24
2321600065001,TA,16703.89,0.0,27
2321600066001,TA,16624.3,0.0,27
2321600067001,TA,15208.28,0.0,25
2321600068001,TA,17267.73,0.0,26
2321600069001,TA,17595.23,0.0,29
2321600070001,TA,15502.66,0.0,24
2321600071001,TA,17335.47,0.0,29
2321600072001,TA,14342.64,0.0,21
2321600073001,TA,72250.44,0.0,113
2321600074001,TA,7722.33,0.0,13
2321600075001,TA,18707.02,0.0,30
2321600076001,TA,226354.88,0.0,359
2321600077001,TA,37583.87,0.0,59
2321600077005,TA,1472.91,0.0,3
2321600080001,TA,7010.76,0.0,11
2321600081001,TA,7812.68,0.0,11
2321600082001,TA,11827.03,0.0,20
2321600083001,TA,6995.9,0.0,11
2321600084001,TA,71052.66,0.0,113
2321600086001,TA,33274.86,0.0,52
2321600087001,TA,4088.41,0.0,7
2321600088001,TA,50008.29,0.0,77
2321600088006,TA,15285.06,0.0,26
2321600089001,TA,35661.58,0.0,57
2321600090001,TA,33478.6,0.0,55
2321600090002,TA,29679.72,0.0,47
2321600091001,TA,9371.43,0.0,16
2321600092001,TA,2320.21,0.0,4
2321600093001,TA,10334.87,0.0,17
2321600094001,TA,2361.79,0.0,5
2321600095001,TA,12711.96,0.0,21
2321600096001,TA,6717.14,0.0,10
2321600106001,TA,6457.74,0.0,9
2321600107001,TA,4340.86,0.0,6
2321600117001,TA,5002.37,0.0,8
2321600117002,TA,1122.15,0.0,2
2321600118001,TA,4785.56,0.0,8
2321600119001,TA,1721.47,0.0,2
2321600120001,TA,2361.8,0.0,5
2321600121001,TA,8817.34,0.0,15
2321600123001,TA,6120.19,0.0,9
2321600124001,TA,5398.07,0.0,9
2321600125001,TA,5387.11,0.0,8
2321600126001,TA,5480.35,0.0,10
2321600127001,TA,2177.69,0.0,3
2321600129001,TA,4952.07,0.0,9
2321600130001,TA,5313.04,0.0,10
2321600131001,TA,1956.29,0.0,3
2321600132001,TA,21198.25,0.0,35
2321600133001,TA,1359.37,0.0,2
2321600134001,TA,32070.26,0.0,52
2321600135001,TA,1600.32,0.0,3
2321600136001,TA,1445.72,0.0,2
2321600137001,TA,5370.55,0.0,9
2321600144001,TA,36968.39,0.0,60
2321600145001,TA,13204.83,0.0,21
2321600146001,TA,12618.67,0.0,19
2321600147001,TA,19689.98,0.0,32
2321600152001,TA,18758.05,0.0,29
2321600153001,TA,3970.86,0.0,4
2321600154001,TA,4625.39,0.0,9
2321600155001,TA,5025.02,0.0,10
2321600156001,TA,3851.8,0.0,7
2321600157001,TA,5280.87,0.0,7
2321600158001,TA,6301.31,0.0,10
2321600159001,TA,2404.26,0.0,3
2321600160001,TA,438.24,0.0,1
2321600161001,TA,3236.72,0.0,4
2321600162001,TA,9371.08,0.0,15
2321600163001,TA,1171.96,0.0,1
2321600164001,TA,6802.02,0.0,11
2321600165001,TA,1783.92,0.0,2
2321600166001,TA,864.0,0.0,1
2321600167001,TA,1111.18,0.0,3
2321600168001,TA,2889.67,0.0,5
2321600168002,TA,1000.0,0.0,2
2321600169001,TA,19068.15,0.0,30
2321600170001,TA,2400.02,0.0,4
2321600171001,TA,3429.37,0.0,5
2321600172001,TA,3915.57,0.0,8
2321600173001,TA,51782.09,0.0,83
2321600174001,TA,42580.02,0.0,67
2321600177001,TA,44517.57,0.0,72
2321600178001,TA,54628.33,0.0,88
2321600180001,TA,12671.18,0.0,21
2321600180003,TA,1686.97,0.0,3
2321600181001,TA,10500.09,0.0,17
2321600184001,TA,1203.28,0.0,3
2321600185001,TA,11747.75,0.0,16
2321600186001,TA,9012.84,0.0,15
2321600186003,TA,2308.48,0.0,4
2321600186004,TA,868.46,0.0,1
2321600194001,TA,6354.15,0.0,10
2321600196001,TA,15089.37,0.0,26
2321600197001,TA,46931.9,0.0,75
2321600198001,TA,2423.99,0.0,4
2321600199001,TA,2424.31,0.0,4
2321700001001,TA,2225.28,0.0,4
2321700003001,TA,13641.5,0.0,20
2321700005001,TA,16720.32,0.0,27
2321700006001,TA,4565.28,0.0,9
2321700007001,TA,16061.73,0.0,26
2321700008001,TA,5930.42,0.0,9
2321700009001,TA,17044.31,0.0,27
2321700010001,TA,7612.46,0.0,13
2321700011001,TA,16789.17,0.0,28
2321700012001,TA,10922.13,0.0,17
2321700013001,TA,17260.49,0.0,28
2321700014001,TA,15062.1,0.0,24
2321700015001,TA,16346.28,0.0,26
2321700016001,TA,16529.29,0.0,27
2321700017001,TA,16771.71,0.0,27
2321700018001,TA,16448.05,0.0,26
2321700020001,TA,15991.46,0.0,27
2321700021001,TA,12247.37,0.0,18
2321700022001,TA,16699.09,0.0,27
2321700023001,TA,16003.64,0.0,26
2321700024001,TA,2645.84,0.0,4
2321700025001,TA,16728.86,0.0,27
2321700026001,TA,13886.09,0.0,22
2321700027001,TA,8347.74,0.0,13
2321700028001,TA,5259.27,0.0,8
2321700029001,TA,1140.14,0.0,2
2321700030001,TA,16853.53,0.0,27
2321700032001,TA,17262.69,0.0,29
2321700033001,TA,21217.47,0.0,33
2321700034001,TA,7854.58,0.0,12
2321700035001,TA,16728.49,0.0,27
2321700036001,TA,16693.42,0.0,28
2321700037001,TA,17559.6,0.0,28
2321700038001,TA,16991.79,0.0,28
2321700039001,TA,10995.65,0.0,17
2321700040001,TA,11680.11,0.0,19
2321700041001,TA,17133.97,0.0,27
2321700042001,TA,17093.7,0.0,26
2321700043001,TA,16533.93,0.0,26
2321700044001,TA,16659.85,0.0,26
2321700045001,TA,16126.52,0.0,26
2321700046001,TA,17639.63,0.0,27
2321700047001,TA,16675.83,0.0,27
2321700048001,TA,16039.18,0.0,26
2321700049001,TA,16792.85,0.0,27
2321700050001,TA,17543.81,0.0,29
2321700051001,TA,17671.02,0.0,29
2321700052001,TA,17430.93,0.0,28
2321700053001,TA,14925.98,0.0,23
2321700054001,TA,16204.78,0.0,26
2321700055001,TA,17577.19,0.0,29
2321700056001,TA,17013.37,0.0,26
2321700057001,TA,16439.63,0.0,26
2321700058001,TA,15959.09,0.0,26
2321700059001,TA,17146.74,0.0,25
2321700060001,TA,16787.52,0.0,28
2321700061001,TA,16628.83,0.0,25
2321700062001,TA,15851.21,0.0,26
2321700063001,TA,16177.63,0.0,26
2321700064001,TA,16567.36,0.0,27
2321700065001,TA,9490.93,0.0,14
2321700065006,TA,1902.95,0.0,3
2321700066001,TA,16987.55,0.0,27
2321700067001,TA,16924.05,0.0,27
2321700068001,TA,16703.9,0.0,27
2321700069001,TA,17772.41,0.0,28
2321700070001,TA,16771.69,0.0,26
2321700071001,TA,17365.42,0.0,29
2321700072001,TA,15595.75,0.0,25
2321700073001,TA,17620.16,0.0,27
2321700074001,TA,8283.65,0.0,12
2321700075001,TA,17148.06,0.0,27
2321700076001,TA,16605.95,0.0,28
2321700077001,TA,16811.32,0.0,28
2321700078001,TA,17259.27,0.0,27
2321700079001,TA,16350.37,0.0,27
2321700080001,TA,17133.09,0.0,28
2321700081001,TA,17072.87,0.0,29
2321700082001,TA,16525.9,0.0,26
2321700083001,TA,16525.18,0.0,25
2321700084001,TA,16922.24,0.0,28
2321700085001,TA,19592.4,0.0,34
2321700086001,TA,16510.99,0.0,25
2321700087001,TA,17061.32,0.0,27
2321700088001,TA,16480.29,0.0,26
2321700089001,TA,17177.91,0.0,28
2321700090001,TA,22140.08,0.0,36
2321700092001,TA,17292.68,0.0,27
2321700095001,TA,17600.38,0.0,28
2321700096001,TA,16951.22,0.0,26
2321700097001,TA,16713.4,0.0,27
2321700098001,TA,17729.14,0.0,30
2321700099001,TA,17526.75,0.0,27
2321700100001,TA,19643.69,0.0,33
2321700101001,TA,17067.08,0.0,26
2321700102001,TA,17315.9,0.0,27
2321700103001,TA,15521.17,0.0,24
2321700104001,TA,17453.55,0.0,29
2321700105001,TA,16711.96,0.0,26
2321700106001,TA,17355.09,0.0,27
2321700107001,TA,17020.0,0.0,25
2321700108001,TA,16707.92,0.0,27
2321700109001,TA,16884.43,0.0,27
2321700110001,TA,16736.89,0.0,27
2321700111001,TA,16777.79,0.0,27
2321700112001,TA,16635.97,0.0,28
2321700113001,TA,17354.96,0.0,26
2321700114001,TA,17167.54,0.0,28
2321700115001,TA,17316.86,0.0,31
2321700116001,TA,16788.41,0.0,25
2321700117001,TA,17013.34,0.0,27
2321700118001,TA,16494.5,0.0,25
2321700119001,TA,17779.78,0.0,30
2321700120001,TA,17673.92,0.0,26
2321700121001,TA,16396.14,0.0,27
2321700124001,TA,14865.13,0.0,23
2321700125001,TA,16853.76,0.0,28
2321700126001,TA,17333.0,0.0,26
2321700127001,TA,26557.99,0.0,43
2321700128001,TA,17328.06,0.0,28
2321700129001,TA,15885.23,0.0,27
2321700130001,TA,16419.33,0.0,26
2321700131001,TA,16750.27,0.0,27
2321700132001,TA,16309.98,0.0,27
2321700133001,TA,17138.33,0.0,27
2321700134001,TA,16778.43,0.0,27
2321700135001,TA,16738.87,0.0,27
2321700136001,TA,16612.39,0.0,27
2321700137001,TA,17420.43,0.0,28
2321700138001,TA,17302.48,0.0,28
2321700139001,TA,17633.5,0.0,27
2321700140001,TA,17449.5,0.0,28
2321700141001,TA,16755.55,0.0,25
2321700142001,TA,16629.01,0.0,28
2321700143001,TA,17122.55,0.0,27
2321700144001,TA,16592.33,0.0,26
2321700145001,TA,17127.41,0.0,28
2321700146001,TA,17372.1,0.0,27
2321700147001,TA,16656.4,0.0,25
2321700148001,TA,16369.21,0.0,25
2321700149001,TA,17947.89,0.0,28
2321700150001,TA,17681.71,0.0,28
2321700151001,TA,16865.21,0.0,26
2321700152001,TA,16825.38,0.0,27
2321700153001,TA,16913.58,0.0,28
2321700154001,TA,16793.45,0.0,26
2321700155001,TA,16916.45,0.0,27
2321700156001,TA,16212.46,0.0,26
2321700157001,TA,17744.55,0.0,29
2321700158001,TA,9254.31,0.0,14
2321700159001,TA,17090.91,0.0,29
2321700160001,TA,17114.64,0.0,27
2321700161001,TA,17334.38,0.0,30
2321700162001,TA,16435.01,0.0,26
2321700164001,TA,16951.66,0.0,28
2321700165001,TA,17497.93,0.0,26
2321700166001,TA,16529.39,0.0,26
2321700167001,TA,18420.44,0.0,30
2321700168001,TA,9584.08,0.0,15
2321700169001,TA,16442.34,0.0,27
2321700170001,TA,16912.99,0.0,25
2321700171001,TA,17960.39,0.0,29
2321700172001,TA,18039.69,0.0,29
2321700173001,TA,17189.79,0.0,29
2321700174001,TA,17049.84,0.0,29
2321700175001,TA,17537.5,0.0,28
2321700176001,TA,17037.15,0.0,27
2321700177001,TA,17016.34,0.0,27
2321700178001,TA,17038.0,0.0,25
2321700179001,TA,17974.08,0.0,29
2321700180001,TA,16183.79,0.0,27
2321700181001,TA,16827.32,0.0,26
2321700182001,TA,16639.79,0.0,27
2321700183001,TA,18288.9,0.0,29
2321700184001,TA,17088.27,0.0,28
2321700185001,TA,16841.99,0.0,26
2321700186001,TA,17553.79,0.0,28
2321700187001,TA,16984.61,0.0,28
2321700188001,TA,16586.8,0.0,27
2321700189001,TA,18251.16,0.0,29
2321700190001,TA,16852.02,0.0,28
2321700191001,TA,16731.51,0.0,26
2321700192001,TA,18109.5,0.0,29
2321700193001,TA,16950.45,0.0,28
2321700194001,TA,17348.99,0.0,27
2321700195001,TA,15293.83,0.0,25
2321700197001,TA,16929.26,0.0,29
2321700198001,TA,16925.85,0.0,27
2321700199001,TA,22749.59,0.0,37
2321700200001,TA,18529.05,0.0,29
2321700201001,TA,16432.85,0.0,26
2321700202001,TA,14401.08,0.0,25
2321700203001,TA,17939.69,0.0,30
2321700204001,TA,18961.28,0.0,30
2321700205001,TA,47124.49,0.0,74
2321700206001,TA,19995.08,0.0,32
2321700209001,TA,13192.79,0.0,20
2321700215001,TA,17231.21,0.0,27
2321700216001,TA,3427.08,0.0,6
2321800001006,TA,73614.07,0.0,116
2321800004001,TA,23171.79,0.0,39
2321800004006,TA,5030.79,0.0,9
2321800091001,TA,4238.77,0.0,7
2321800091003,TA,1758.22,0.0,2
2321800099001,TA,320.88,0.0,1
2321800102001,TA,8556.04,0.0,15
2321800111002,TA,2484.51,0.0,6
2321800115001,TA,47761.57,0.0,75
2321800115005,TA,3464.35,0.0,5
2321800115006,TA,1032.95,0.0,1
2321800115008,TA,855.01,0.0,2
2321800115009,TA,1334.43,0.0,3
2321800115010,TA,1944.04,0.0,3
2321800137001,TA,35612.67,0.0,56
2321800140001,TA,4795.71,0.0,9
2321800142001,TA,17683.08,0.0,29
2321800145001,TA,13974.51,0.0,24
2321800146001,TA,21874.07,0.0,35
2321800146003,TA,640.06,0.0,1
2321800146005,TA,241.54,0.0,1
2321800146006,TA,6766.55,0.0,9
2321800148001,TA,1675.96,0.0,2
2321800163001,TA,2772.06,0.0,4
2321800178001,TA,12624.56,0.0,21
2321800200001,TA,201508.16,0.0,320
2321800201001,TA,8510.18,0.0,12
2321800201003,TA,5518.72,0.0,8
2321800201004,TA,5771.19,0.0,10
2321800201005,TA,2280.81,0.0,3
2321800201006,TA,3859.81,0.0,5
2321800202001,TA,32954.39,0.0,53
2321800202003,TA,13598.39,0.0,21
2321800203001,TA,11254.38,0.0,17
2321800203002,TA,6441.09,0.0,10
2321800207001,TA,101820.43,0.0,164
2321800207003,TA,6052.4,0.0,11
2321800208002,TA,220600.28,0.0,352
2321800209001,TA,45007.43,0.0,73
2321800210001,TA,69236.31,0.0,111
2321800211006,TA,33334.27,0.0,54
2321800212001,TA,123140.47,0.0,200
2321900066001,TA,11511.34,0.0,17
2321900066002,TA,695.57,0.0,3
2321900067001,TA,43917.88,0.0,70
2321900068001,TA,32653.22,0.0,52
2321900069001,TA,40638.73,0.0,64
2321900073001,TA,37715.99,0.0,62
2321900074001,TA,32560.78,0.0,51
2321900076001,TA,16444.86,0.0,26
2321900077001,TA,25704.53,0.0,42
2321900078001,TA,4872.74,0.0,7
2321900079001,TA,61256.29,0.0,99
2321900109001,TA,7771.16,0.0,13
2321900110001,TA,31477.26,0.0,52
2321900215001,TA,894.54,0.0,1
2321900249001,TA,2501.91,0.0,5
2321900253001,TA,15663.15,0.0,23
2321900264001,TA,2422.05,0.0,6
2321900265001,TA,3272.83,0.0,3
2321900270001,TA,4083.17,0.0,6
2321900270003,TA,1303.09,0.0,3
2321900271001,TA,2931.45,0.0,5
2321900274001,TA,5315.47,0.0,9
2321900275001,TA,4106.97,0.0,7
2321900278001,TA,19598.13,0.0,29
2321900278005,TA,2322.72,0.0,4
2321900314001,TA,10468.56,0.0,19
2321900314002,TA,1715.31,0.0,3
2321900343001,TA,2243.63,0.0,3
2321900400001,TA,23648.4,0.0,37
2321900401003,TA,739.14,0.0,1
2321900402001,TA,37118.28,0.0,61
2321900402003,TA,2253.28,0.0,3
2321900403001,TA,189342.98,0.0,301
2321900404001,TA,65241.22,0.0,103
2321900405001,TA,75000.32,0.0,120
2321900406001,TA,132627.24,0.0,214
2321900407001,TA,269005.61,0.0,435
2321900408001,TA,131576.77,0.0,210
2321900408002,TA,2766.83,0.0,4
2321900409001,TA,109123.78,0.0,172
2321900410001,TA,74606.0,0.0,119
2321900411001,TA,79192.66,0.0,130
2321900413001,TA,165006.03,0.0,263
2321900414001,TA,108491.37,0.0,174
2321900414004,TA,213.8,0.0,1
2321900414005,TA,389.24,0.0,1
2321900415003,TA,1442.28,0.0,2
2321900415004,TA,614.14,0.0,1
2321900415005,TA,6089.54,0.0,9
2321900415006,TA,7822.32,0.0,13
2321900415007,TA,720.74,0.0,1
2321900416001,TA,90620.28,0.0,144
2321900417001,TA,59412.46,0.0,93
2321900417002,TA,1278.99,0.0,2
2321900418001,TA,155116.03,0.0,249
2321900419006,TA,2867.51,0.0,4
2321900419008,TA,18156.04,0.0,30
2321900419009,TA,43071.61,0.0,69
2321900420001,TA,53192.38,0.0,85
2321900420003,TA,19407.6,0.0,32
2321900421001,TA,52378.65,0.0,82
2321900422001,TA,85907.29,0.0,138
2321900425001,TA,62601.88,0.0,100
2321900426001,TA,100640.44,0.0,159
2321900427001,TA,70770.97,0.0,111
2321900428001,TA,28008.65,0.0,47
2321900430001,TA,3621.25,0.0,6
2321900432001,TA,14742.07,0.0,24
2321900432003,TA,451.87,0.0,1
2322000079001,TA,7163.25,0.0,11
2322000105002,TA,6293.03,0.0,11
2322000121001,TA,2838.52,0.0,5
2322000126001,TA,3595.89,0.0,6
2322000126003,TA,120.13,0.0,1
2322000127002,TA,4573.48,0.0,7
2322000129001,TA,2516.71,0.0,3
2322000129002,TA,3418.87,0.0,6
2322000132001,TA,2654.18,0.0,4
2322000144001,TA,1461.61,0.0,3
2322000145001,TA,5930.08,0.0,9
2322000152001,TA,2215.35,0.0,4
2322000157001,TA,2068.95,0.0,3
2322000180001,TA,2840.63,0.0,3
2322000187001,TA,203485.06,0.0,328
2322000188001,TA,17436.97,0.0,28
2322000189001,TA,17346.56,0.0,26
2322000190001,TA,17167.11,0.0,28
2322000191001,TA,16815.81,0.0,28
2322000192001,TA,17028.63,0.0,26
2322000193001,TA,16974.42,0.0,27
2322000194001,TA,16086.69,0.0,26
2322000195001,TA,15375.32,0.0,27
2322000196001,TA,24918.36,0.0,40
2322000197001,TA,12430.69,0.0,19
2322000199001,TA,12290.57,0.0,21
2322000200001,TA,14046.82,0.0,23
2322000201001,TA,17166.16,0.0,27
2322000202001,TA,18098.48,0.0,27
2322000203001,TA,19508.7,0.0,34
2322000204001,TA,20646.71,0.0,34
2322000205001,TA,20396.45,0.0,32
2322000206001,TA,20616.43,0.0,33
2322000207001,TA,20450.58,0.0,31
2322000208001,TA,20272.18,0.0,34
2322000209001,TA,20179.02,0.0,31
2322000210001,TA,19968.6,0.0,31
2322000211001,TA,18225.42,0.0,28
2322000212001,TA,19746.74,0.0,32
2322000213001,TA,19924.6,0.0,32
2322000214001,TA,19237.38,0.0,31
2322000215001,TA,18748.13,0.0,29
2322000216001,TA,32741.81,0.0,54
2322000217001,TA,30963.65,0.0,50
2322000218001,TA,30089.73,0.0,46
2322000219001,TA,28517.3,0.0,47
2322000220001,TA,27665.76,0.0,43
2322000221001,TA,26219.52,0.0,43
2322000222001,TA,23477.43,0.0,37
2322000223001,TA,20782.36,0.0,34
2322000224001,TA,49277.62,0.0,78
2322000250001,TA,66901.88,0.0,108
2322000251001,TA,73277.6,0.0,114
2322000252001,TA,111108.87,0.0,177
2322000253001,TA,48398.48,0.0,75
2322000254001,TA,84068.05,0.0,135
2322000256001,TA,8245.09,0.0,12
2322000257001,TA,56900.99,0.0,91
2322000258002,TA,44002.41,0.0,72
2322000259001,TA,124825.35,0.0,201
2322000261001,TA,51232.04,0.0,85
2322000261003,TA,369.46,0.0,1
2322000263003,TA,94432.26,0.0,152
2322000264001,TA,114488.87,0.0,184
2322000265001,TA,65990.27,0.0,104
2322000265004,TA,721.51,0.0,1
2322000266001,TA,9855.71,0.0,16
2322000267001,TA,17208.34,0.0,27
2322000268001,TA,96796.78,0.0,157
2322000269001,TA,5229.72,0.0,10
2322000271001,TA,72098.04,0.0,110
2322000272001,TA,33754.6,0.0,52
2322000273001,TA,107206.94,0.0,176
2322000274001,TA,25451.8,0.0,42
2322000277002,TA,578.02,0.0,1
2322000278003,TA,182.41,0.0,1
2322100017002,TA,611.08,0.0,2
2322100030001,TA,18801.49,0.0,30
2322100148001,TA,1208.17,0.0,1
2322100155001,TA,9428.46,0.0,14
2322100158001,TA,4101.45,0.0,7
2322100159001,TA,14107.02,0.0,22
2322100160001,TA,15004.03,0.0,22
2322100161001,TA,6468.74,0.0,10
2322100163001,TA,13711.55,0.0,25
2322100164001,TA,7970.68,0.0,11
2322100164003,TA,435.18,0.0,1
2322100168001,TA,11406.89,0.0,20
2322100170001,TA,2355.27,0.0,5
2322100170002,TA,253.22,0.0,1
2322100173001,TA,4259.98,0.0,7
2322100174001,TA,1641.54,0.0,3
2322100178001,TA,5926.9,0.0,8
2322100182001,TA,13499.66,0.0,21
2322100183001,TA,28352.85,0.0,47
2322100184001,TA,16035.62,0.0,26
2322100185001,TA,1042.73,0.0,1
2322100193001,TA,4233.88,0.0,7
2322100194001,TA,5162.21,0.0,9
2322100195001,TA,473.2,0.0,1
2322100199001,TA,2455.96,0.0,3
2322100202001,TA,2421.9,0.0,3
2322100203001,TA,5680.49,0.0,9
2322100204001,TA,6412.75,0.0,10
2322100207001,TA,3459.45,0.0,5
2322100208001,TA,5573.83,0.0,8
2322100218002,TA,4451.11,0.0,7
2322100219001,TA,5362.94,0.0,9
2322100220001,TA,1648.0,0.0,2
2322100244002,TA,520.57,0.0,1
2322100244003,TA,1018.02,0.0,2
2322100250002,TA,1965.61,0.0,5
2322100252002,TA,897.6,0.0,3
2322100262002,TA,846.77,0.0,1
2322100285003,TA,452.22,0.0,1
2322100287001,TA,17912.61,0.0,26
2322100294002,TA,585.4,0.0,2
2322100295001,TA,8235.66,0.0,11
2322100295002,TA,2026.01,0.0,4
2322100297004,TA,1385.29,0.0,2
2322100298001,TA,4692.28,0.0,7
2322100299001,TA,7157.11,0.0,12
2322100300001,TA,2495.03,0.0,4
2322100300004,TA,5674.7,0.0,10
2322100301003,TA,253.0,0.0,1
2322100310001,TA,1517.9,0.0,2
2322100311003,TA,6073.21,0.0,12
2322100312001,TA,6965.75,0.0,10
2322100312002,TA,1454.32,0.0,2
2322100314001,TA,17315.46,0.0,26
2322100315001,TA,19158.57,0.0,31
2322100316001,TA,20585.38,0.0,33
2322100317002,TA,982.29,0.0,1
2322100320001,TA,10739.94,0.0,17
2322100321001,TA,9131.93,0.0,16
2322100325001,TA,21872.72,0.0,36
2322100336001,TA,2950.6,0.0,4
2322100346002,TA,517.04,0.0,1
2322100349002,TA,9545.38,0.0,16
2322100353001,TA,1117.51,0.0,2
2322100400001,TA,171587.69,0.0,276
2322100401001,TA,66467.34,0.0,106
2322100402001,TA,169438.2,0.0,271
2322100403001,TA,72446.17,0.0,116
2322100404001,TA,31084.44,0.0,50
2322100405001,TA,23971.46,0.0,38
2322100406001,TA,199115.14,0.0,316
2322100406003,TA,618.74,0.0,1
2322100407001,TA,125317.97,0.0,201
2322100408001,TA,57976.79,0.0,93
2322100409001,TA,189765.91,0.0,300
2322100410001,TA,8380.64,0.0,13
2322100411001,TA,23529.08,0.0,40
2322100413003,TA,22575.32,0.0,37
2322100414001,TA,41010.05,0.0,66
2322100415003,TA,12853.64,0.0,20
2322100416001,TA,53800.54,0.0,86
2322100417001,TA,141681.39,0.0,228
2322100418001,TA,141504.79,0.0,224
2322100419001,TA,69326.22,0.0,112
2322100420001,TA,72163.73,0.0,114
2322100421001,TA,51040.45,0.0,92
2322100421003,TA,915.84,0.0,2
2322100422001,TA,111821.75,0.0,180
2322100423001,TA,45072.88,0.0,69
2322100424001,TA,74959.5,0.0,121
2322100425001,TA,140762.13,0.0,222
2322100426001,TA,50086.84,0.0,80
2322100427001,TA,32172.91,0.0,52
2322100428001,TA,137111.96,0.0,219
2322100429001,TA,4011.18,0.0,7
2322100429003,TA,500.05,0.0,2
2322100430001,TA,2087.24,0.0,2
2322100431001,TA,4111.68,0.0,8
2322100433001,TA,1318.85,0.0,4
2322100434001,TA,4909.81,0.0,7
2322200039002,TA,7816.98,0.0,16
2322200039003,TA,4487.93,0.0,6
2322200063001,TA,5723.03,0.0,8
2322200065001,TA,29232.26,0.0,48
2322200066003,TA,612.28,0.0,2
2322200073001,TA,4882.34,0.0,8
2322200074001,TA,8625.25,0.0,16
2322200081001,TA,7190.38,0.0,12
2322200085001,TA,13176.81,0.0,25
2322200087001,TA,9935.6,0.0,15
2322200087002,TA,4601.1,0.0,10
2322200087004,TA,1068.46,0.0,1
2322200089003,TA,300.63,0.0,1
2322200092001,TA,8804.48,0.0,13
2322200103001,TA,21487.29,0.0,37
2322200105001,TA,3831.25,0.0,7
2322200106001,TA,20428.45,0.0,29
2322200107003,TA,1278.38,0.0,2
2322200108001,TA,8253.88,0.0,12
2322200110001,TA,8597.31,0.0,14
2322200112001,TA,18436.66,0.0,28
2322200112004,TA,395.05,0.0,2
2322200113001,TA,13297.64,0.0,24
2322200114001,TA,8581.59,0.0,13
2322200114002,TA,2718.57,0.0,3
2322200124001,TA,13988.51,0.0,21
2322200171001,TA,729.58,0.0,1
2322200192004,TA,951.54,0.0,1
2322200194001,TA,2766.79,0.0,4
2322200208001,TA,1938.17,0.0,3
2322200212001,TA,2259.38,0.0,5
2322200216003,TA,483.27,0.0,1
2322200264001,TA,5760.3,0.7142857313156128,7
2322200265001,TA,17734.59,1.0,30
2322200267001,TA,9442.86,1.5,16
2322200267004,TA,4172.34,0.8333333134651184,6
2322200271001,TA,4878.89,0.0,8
2322200272001,TA,5055.71,0.0,7
2322200284001,TA,7554.89,1.384615421295166,13
2322200284002,TA,6729.27,0.0833333358168602,12
2322200284003,TA,4972.92,0.8571428656578064,7
2322200284004,TA,3531.2,1.8333333730697632,6
2322200284009,TA,3248.65,1.6666666269302368,6
2322200284010,TA,2877.25,0.0,4
2322200285001,TA,2712.18,2.0,4
2322200285002,TA,1329.59,1.3333333730697632,3
2322200285003,TA,1403.96,1.0,1
2322200285007,TA,1828.34,2.0,3
2322200285008,TA,1513.95,2.0,3
2322200287002,TA,163.77,2.0,1
2322200288001,TA,30870.33,1.7446808815002441,47
2322200309001,TA,4988.89,0.7777777910232544,9
2322200310001,TA,4422.15,1.1428571939468384,7
2322200310002,TA,5316.84,0.6666666865348816,12
2322200310003,TA,2384.37,1.3333333730697632,3
2322200310007,TA,282.41,1.5,2
2322200311001,TA,2547.93,0.3333333432674408,3
2322200311003,TA,2023.42,0.6666666865348816,3
2322200314001,TA,8441.46,1.7142857313156128,14
2322200315001,TA,11064.13,3.75,16
2322200317004,TA,520.17,1.5,2
2322200318001,TA,1139.36,2.0,1
2322200319001,TA,4108.04,0.20000000298023224,5
2322200330001,TA,26288.83,0.09756097197532654,41
2322200334001,TA,1318.99,2.0,2
2322200400003,TA,14954.73,0.0,24
2322200401001,TA,51727.96,0.0,84
2322200401004,TA,729.85,0.0,1
2322200401005,TA,2111.94,0.0,5
2322200401006,TA,1345.51,0.0,2
2322200403001,TA,14067.18,0.0,21
2322200404001,TA,92703.38,0.0,146
2322200405001,TA,57824.27,0.0,93
2322200406001,TA,60722.32,0.0,97
2322200407001,TA,84148.22,0.0,134
2322200409001,TA,77637.74,0.0,124
2322200412001,TA,142968.58,0.0,233
2322200413001,TA,29101.41,0.0,48
2322200413003,TA,18070.92,0.0,28
2322200414001,TA,60409.3,0.0,98
2322200415001,TA,145707.43,0.0,232
2322200416001,TA,117168.04,0.0,189
2322200417001,TA,60784.39,0.0,96
2322200418001,TA,290860.87,0.0,467
2322200419001,TA,79889.93,0.0,128
2322200420001,TA,121041.16,0.0,195
2322200420004,TA,3991.38,0.0,6
2322200420006,TA,978.49,0.0,2
2322200421001,TA,77839.73,0.0,124
2322200422001,TA,28309.88,0.0,47
2322200422003,TA,4358.86,0.0,7
2322200422004,TA,233.03,0.0,1
2322200422005,TA,2762.27,0.0,4
2322200423001,TA,21776.64,0.0,34
2322200424001,TA,90700.85,0.0,145
2322200425001,TA,102014.57,0.0,165
2322200426001,TA,167433.17,0.0,271
2322200427001,TA,115167.29,0.0,188
2322200428001,TA,96229.32,0.0,154
2322200429001,TA,48417.06,0.0,79
2322200430001,TA,49342.31,0.0,79
2322200432001,TA,38573.31,0.0,64
2322200432004,TA,15890.24,0.0,25
2322200433001,TA,35807.85,0.0,54
2322200434001,TA,51316.37,0.0,84
2322200435001,TA,29160.28,0.0,51
2322200436001,TA,43471.61,0.0,72
2322200437001,TA,65476.74,0.0,103
2322200438002,TA,1337.02,0.0,3
2322200445001,TA,10559.26,0.0,18
2322200446001,TA,1188.57,0.0,2
2322200449002,TA,1140.89,0.0,2
2322200449004,TA,170.79,0.0,1
2322200450001,TA,951.25,0.0,2
2322200452001,TA,2882.95,0.0,6
2322300038001,TA,9106.02,0.0,15
2322300039001,TA,6153.55,0.0,10
2322300040001,TA,21876.12,0.0,36
2322300041001,TA,139800.42,0.0,224
2322300042001,TA,20316.81,0.0,33
2322300044001,TA,6749.02,0.0,12
2322300044003,TA,851.22,0.0,1
2322300046001,TA,77155.3,0.0,122
2322300047001,TA,149745.66,0.0,238
2322300049001,TA,27643.02,0.0,44
2322300050001,TA,53964.59,0.0,85
2322300051001,TA,13169.51,0.0,20
2322300053001,TA,3335.2,0.0,6
2322300055001,TA,7925.84,0.0,14
2322300056001,TA,3961.61,0.0,5
2322300057001,TA,8502.47,0.0,15
2322300058001,TA,8826.48,0.0,14
2322300059001,TA,28434.65,0.0,47
2322300060001,TA,21838.44,0.0,33
2322300061004,TA,564.46,0.0,1
2322300063001,TA,130004.87,0.0,209
2322300064001,TA,26538.51,0.0,44
2322300069001,TA,26636.47,0.0,45
2322300070001,TA,6141.27,0.0,9
2322300071001,TA,53166.4,0.0,84
2322300072001,TA,36338.36,0.0,58
2322300076001,TA,11439.36,0.0,18
2322300077001,TA,67892.37,0.0,106
2322300077006,TA,14466.57,0.0,23
2322300077009,TA,3347.62,0.0,5
2322300077010,TA,1320.27,0.0,3
2322300077012,TA,43785.11,0.0,70
2322300078001,TA,19594.86,0.0,33
2322300082001,TA,53010.77,0.0,82
2322300083001,TA,78374.73,0.0,124
2322300084001,TA,47327.18,0.0,78
2322300085001,TA,128876.32,0.0,205
2322300086003,TA,1307.89,0.0,1
2322300087001,TA,15244.72,0.0,24
2322300088001,TA,17522.47,0.0,28
2322300089001,TA,3846.71,0.0,5
2322300090001,TA,3104.39,0.0,5
2322300091001,TA,14870.09,0.0,27
2322300091002,TA,414.56,0.0,1
2322300093001,TA,3688.09,0.0,4
2322300095001,TA,28322.25,0.0,45
2322300095002,TA,349.35,0.0,1
2322300095005,TA,20813.27,0.0,31
2322300096001,TA,20900.25,0.0,33
2322300098001,TA,21537.98,0.0,36
2322300099001,TA,23549.05,0.0,38
2322300100001,TA,27427.43,0.0,43
2322300101003,TA,2776.93,0.0,6
2322300103001,TA,1156.47,0.0,1
2322300104001,TA,31840.15,0.0,50
2322300105001,TA,13405.66,0.0,20
2322300106001,TA,16780.42,0.0,26
2322300107001,TA,7268.26,0.0,12
2322300108001,TA,4780.54,0.0,9
2322300110001,TA,351.97,0.0,2
2322400103001,TA,219199.04,0.0,350
2322400105001,TA,33057.54,0.0,51
2322400106001,TA,56891.06,0.0,91
2322400108001,TA,47399.15,0.0,74
2322400109001,TA,238065.8,0.0,377
2322400110001,TA,33868.37,0.0,53
2322400111003,TA,493.84,0.0,2
2322400112001,TA,30846.31,0.0,49
2322400115001,TA,97279.48,0.0,155
2322400116001,TA,93153.87,0.0,151
2322400117001,TA,74701.35,0.0,119
2322400119001,TA,68199.11,0.0,110
2322400119003,TA,963.86,0.0,1
2322400120002,TA,102.06,0.0,1
2322400121001,TA,24852.16,0.0,39
2322400122001,TA,19405.83,0.0,31
2322400122002,TA,715.88,0.0,1
2322400123001,TA,29003.45,0.0,47
2322400124001,TA,29137.13,0.0,46
2322400125001,TA,27129.15,0.0,43
2322400125002,TA,2429.17,0.0,5
2322400127001,TA,16698.98,0.0,25
2322400128001,TA,32298.29,0.0,51
2322400128003,TA,470.02,0.0,2
2322400129001,TA,32744.45,0.0,53
2322400130001,TA,19410.09,0.0,32
2322400131001,TA,22063.61,0.0,36
2322400132001,TA,20828.16,0.0,34
2322400133001,TA,37531.77,0.0,58
2322400134001,TA,14336.57,0.0,23
2322400135001,TA,60449.03,0.0,96
2322400136001,TA,23675.49,0.0,36
2322400138001,TA,27463.11,0.0,45
2322400139001,TA,24723.75,0.0,38
2322400140001,TA,28281.65,0.0,47
2322400141001,TA,21902.78,0.0,35
2322400142003,TA,21709.06,0.0,35
2322400143001,TA,23892.97,0.0,39
2322400144003,TA,23878.93,0.0,37
2322400145001,TA,24407.0,0.0,38
2322400146001,TA,25264.08,0.0,40
2322400147001,TA,25530.21,0.0,41
2322400148001,TA,25312.15,0.0,41
2322400149001,TA,22669.89,0.0,35
2322400150001,TA,24902.13,0.0,39
2322400151001,TA,27317.41,0.0,45
2322400152001,TA,27145.74,0.0,42
2322400153001,TA,27127.08,0.0,44
2322400154001,TA,24017.03,0.0,38
2322400155001,TA,27095.07,0.0,44
2322400157001,TA,22704.56,0.0,36
2322400158001,TA,20423.0,0.0,33
2322400159001,TA,20770.79,0.0,31
2322400160001,TA,24093.39,0.0,39
2322400161001,TA,24709.14,0.0,41
2322400162001,TA,23792.24,0.0,38
2322400164001,TA,21839.22,0.0,33
2322400165001,TA,24088.73,0.0,37
2322400166001,TA,24970.91,0.0,41
2322400170001,TA,25216.03,0.0,39
2322400171001,TA,24538.22,0.0,40
2322400172001,TA,24584.1,0.0,41
2322400173001,TA,25174.3,0.0,41
2322400174001,TA,25040.62,0.0,42
2322400176001,TA,25080.15,0.0,40
2322400177001,TA,24556.19,0.0,41
2322400178001,TA,23700.46,0.0,38
2322400180001,TA,25858.43,0.0,40
2322400181001,TA,25136.52,0.0,43
2322400182001,TA,24803.27,0.0,39
2322400183001,TA,25641.85,0.0,41
2322400184001,TA,25594.71,0.0,42
2322400185001,TA,22199.89,0.0,39
2322400186001,TA,25180.0,0.0,41
2322400187001,TA,25079.93,0.0,39
2322400188001,TA,25321.67,0.0,40
2322400189001,TA,25330.94,0.0,39
2322400190001,TA,18523.35,0.0,30
2322400191001,TA,26333.74,0.0,39
2322400192001,TA,11497.36,0.0,18
2322400193001,TA,24824.58,0.0,41
2322400194001,TA,4634.16,0.0,7
2322400195001,TA,25119.22,0.0,42
2322400196001,TA,23299.15,0.0,36
2322400197001,TA,24554.05,0.0,40
2322400198001,TA,25066.49,0.0,41
2322400199001,TA,24355.53,0.0,40
2322400200001,TA,23827.92,0.0,39
2322400201001,TA,24019.25,0.0,38
2322400202001,TA,23833.94,0.0,39
2322400203001,TA,23738.29,0.0,36
2322400204001,TA,24173.52,0.0,40
2322400205001,TA,23789.86,0.0,39
2322400206001,TA,24564.81,0.0,38
2322400207001,TA,26478.41,0.0,45
2322400208001,TA,26203.86,0.0,41
2322400209001,TA,26732.39,0.0,41
2322400210001,TA,26838.4,0.0,41
2322400211001,TA,29584.99,0.0,47
2322400211003,TA,7415.37,0.0,12
2322400211004,TA,39516.29,0.0,64
2322400211012,TA,5754.33,0.0,10
2322400211016,TA,5238.57,0.0,9
2322400211019,TA,1675.35,0.0,3
2322400212001,TA,27130.43,0.0,43
2322400213001,TA,73962.68,0.0,118
2322400214001,TA,13278.11,0.0,21
2322400215001,TA,29090.25,0.0,47
2322400216001,TA,22012.2,0.0,36
2322400217001,TA,24721.69,0.0,38
2322400218001,TA,23567.38,0.0,39
2322400219001,TA,24554.0,0.0,39
2322400220001,TA,23534.67,0.0,38
2322400221001,TA,45998.02,0.0,75
2322400222003,TA,192.33,0.0,1
2322400223002,TA,392.86,0.0,1
2322400224001,TA,22949.1,0.0,36
2322400225001,TA,17611.23,0.0,29
2322400225004,TA,251.03,0.0,1
2322400226001,TA,21926.87,0.0,36
2322400227001,TA,22411.13,0.0,37
2322400229001,TA,31457.09,0.0,52
2322500057001,TA,29500.17,0.0,46
2322500057002,TA,371.5,0.0,1
2322500058001,TA,23354.22,0.0,38
2322500058002,TA,1206.88,0.0,2
2322500059003,TA,387.15,0.0,1
2322500060001,TA,26259.34,0.0,45
2322500061001,TA,27127.89,0.0,42
2322500061002,TA,797.19,0.0,2
2322500062001,TA,25365.62,0.0,41
2322500063001,TA,25733.3,0.0,42
2322500065001,TA,23386.79,0.0,37
2322500066001,TA,25189.18,0.0,40
2322500067001,TA,21752.53,0.0,35
2322500070001,TA,24751.29,0.0,41
2322500071001,TA,98891.3,0.0,164
2322500072001,TA,27550.63,0.0,42
2322500073001,TA,19216.87,0.0,31
2322500074001,TA,28610.84,0.0,44
2322500075001,TA,24924.38,0.0,41
2322500076001,TA,25693.64,0.0,42
2322500077001,TA,26941.74,0.0,45
2322500078001,TA,19143.56,0.0,33
2322500079001,TA,23474.91,0.0,38
2322500080001,TA,26111.86,0.0,39
2322500081001,TA,24498.73,0.0,40
2322500082001,TA,12552.7,0.0,18
2322500082002,TA,6137.83,0.0,7
2322500082007,TA,142.28,0.0,1
2322500083001,TA,14118.81,0.0,22
2322500083002,TA,8872.56,0.0,18
2322500084001,TA,25826.43,0.0,44
2322500085001,TA,24978.98,0.0,42
2322500085003,TA,671.01,0.0,1
2322500086001,TA,26280.58,0.0,41
2322500086003,TA,512.18,0.0,1
2322500087001,TA,25219.93,0.0,36
2322500087003,TA,397.93,0.0,1
2322500088001,TA,21395.11,0.0,35
2322500088004,TA,237.4,0.0,4
2322500089001,TA,25444.78,0.0,41
2322500090001,TA,21593.53,0.0,35
2322500091001,TA,20987.91,0.0,34
2322500092001,TA,17010.09,0.0,27
2322500092002,TA,8027.51,0.0,13
2322500094001,TA,31323.43,0.0,52
2322500095001,TA,23078.03,0.0,35
2322500096001,TA,21962.63,0.0,34
2322500096002,TA,2444.64,0.0,4
2322500098001,TA,22956.58,0.0,37
2322500099001,TA,10177.39,0.0,15
2322500099002,TA,9457.64,0.0,16
2322500100001,TA,23471.36,0.0,39
2322500101001,TA,22582.33,0.0,35
2322500103001,TA,24737.41,0.0,39
2322500104001,TA,836.25,0.0,1
2322500105001,TA,16908.44,0.0,26
2322500106001,TA,19642.63,0.0,33
2322500108001,TA,25859.18,0.0,40
2322500109001,TA,19586.68,0.0,33
2322500110001,TA,23822.76,0.0,41
2322500111001,TA,24044.07,0.0,38
2322500112001,TA,31322.13,0.0,50
2322500113001,TA,8143.76,0.0,13
2322500113002,TA,1633.17,0.0,3
2322500114001,TA,58072.59,0.0,95
2322500120001,TA,34352.4,0.1785714328289032,56
2322500121001,TA,24665.62,0.0,40
2322500122001,TA,25332.15,0.0,39
2322500123001,TA,23398.72,0.0,39
2322500124001,TA,20155.02,0.0,30
2322500125001,TA,22127.9,0.0,35
2322500127001,TA,25010.89,0.0,40
2322500128001,TA,48436.61,0.7532467246055603,77
2322500129001,TA,18280.26,0.75,28
2322500130001,TA,25588.29,0.0,41
2322500139001,TA,91998.59,2.013986110687256,143
2322500141001,TA,88754.13,0.811188817024231,143
2322500141005,TA,3708.13,0.0,4
2322500141008,TA,1855.82,0.0,3
2322500142001,TA,137196.39,0.4018264710903168,219
2322500142003,TA,8143.21,0.0,12
2322500144001,TA,168679.48,0.0,273
2322500144005,TA,2016.13,0.0,2
2322500145001,TA,37675.07,0.0,62
2322500146002,TA,2808.92,0.0,3
2322500147001,TA,17805.18,0.5517241358757019,29
2322500148001,TA,19514.08,1.40625,32
2322500149001,TA,22794.93,1.7714285850524902,35
2322500150001,TA,150959.86,0.0,242
2322500154001,TA,34994.09,0.3636363744735718,55
2322500156001,TA,21526.3,1.0810810327529907,37
2322500158001,TA,66702.78,0.03773584961891174,106
2322500159001,TA,4263.73,0.0,6
2322500159002,TA,216.46,0.0,1
2322500161001,TA,5704.37,0.0,8
2322500162001,TA,6635.72,0.0,11
2322500163001,TA,7297.28,0.0,13
2322500164001,TA,16936.28,0.0,28
2322500165001,TA,9402.39,0.0,17
2322500166001,TA,15220.45,0.0,24
2322500167001,TA,4318.9,0.0,7
2322500168001,TA,4328.19,0.0,7
2322500169001,TA,23547.98,0.6666666865348816,39
2322500170001,TA,12368.18,0.0,21
2322500171001,TA,7765.76,0.0,11
2322500172001,TA,63345.97,0.0,101
2322500173001,TA,10091.6,0.0,16
2322500174001,TA,10373.98,0.0,17
2322500176001,TA,40375.87,0.0,64
2322500178001,TA,22065.76,0.0,36
2322500180001,TA,11618.28,0.0,19
2322500181001,TA,14981.77,0.0,23
2322500182001,TA,46844.02,0.0,77
2322500183001,TA,5918.63,0.4444444477558136,9
2322500184001,TA,6114.85,3.200000047683716,10
2322500186001,TA,23301.6,1.6571428775787354,35
2322500187001,TA,13035.57,0.4000000059604645,20
2322500189001,TA,45283.49,1.0135135650634766,74
2322500191001,TA,78076.72,2.0,124
2322500192001,TA,248851.88,1.7713568210601807,398
2322500193001,TA,27840.58,1.56521737575531,46
2322500197001,TA,21324.46,0.0,33
2322500198001,TA,19870.5,0.0,30
2322500199001,TA,21994.94,0.0,36
2322500203001,TA,11960.18,0.6499999761581421,20
2322500204001,TA,38338.57,1.5873016119003296,63
2322500204008,TA,419.59,0.0,1
2322500205001,TA,3493.18,2.0,6
2322500207001,TA,12329.87,1.1904761791229248,21
2322500208001,TA,1539.36,0.0,2
2322500209014,TA,751.99,2.0,1
2322500209019,TA,102.14,0.0,1
2322500210001,TA,18377.94,2.5,28
2322500212001,TA,6487.75,4.0,9
2322500213001,TA,69368.12,2.7767856121063232,112
2322500217001,TA,73267.9,2.0172414779663086,116
2322500218001,TA,15852.23,1.5555555820465088,27
2322500220001,TA,12142.27,1.7222222089767456,18
2322500222001,TA,28578.98,1.5116279125213623,43
2322500224001,TA,34512.42,1.3035714626312256,56
2322500233001,TA,92767.35,3.2567567825317383,148
2322500234001,TA,27355.22,3.813953399658203,43
2322500236001,TA,49159.36,1.6708860397338867,79
2322500239001,TA,12297.42,1.7999999523162842,20
2322500241001,TA,2552.79,3.5,4
2322500243001,TA,18051.4,3.3333332538604736,30
2322500249001,TA,53356.98,1.9058823585510254,85
2322500250001,TA,25761.42,2.0,40
2322500251001,TA,44552.52,0.8552631735801697,76
2322500258001,TA,16062.5,1.440000057220459,25
2322500261001,TA,148499.58,0.0,238
2322500263001,TA,27733.05,0.043478261679410934,46
2322500265001,TA,62167.46,0.0,99
2322500265003,TA,1606.53,0.0,2
2322500266001,TA,98481.49,0.0,158
2322500266003,TA,17946.96,0.0,28
2322500272001,TA,19984.19,0.0,34
2322600066001,TA,30238.26,0.043478261679410934,46
2322600067004,TA,540.83,0.0,1
2322600067005,TA,1231.97,1.3333333730697632,3
2322600068001,TA,20034.35,1.2647058963775635,34
2322600069001,TA,4499.49,0.0,7
2322600070001,TA,15336.71,0.0,26
2322600076001,TA,16940.99,1.8518518209457397,27
2322600077001,TA,15932.66,1.875,24
2322600078001,TA,20116.36,1.8125,32
2322600079001,TA,73764.77,1.8032786846160889,122
2322600080001,TA,23758.4,2.0,39
2322600081001,TA,42552.77,2.03125,64
2322600083001,TA,24306.04,0.75,36
2322600085001,TA,121069.91,0.0,197
2322600086002,TA,3788.59,1.0,6
2322600086003,TA,2629.63,0.0,1
2322600088001,TA,10657.38,0.0,17
2322600089001,TA,10898.01,0.0,19
2322600090001,TA,16292.93,0.0,26
2322600091001,TA,117220.81,0.3641025722026825,195
2322600093001,TA,23945.55,1.2972972393035889,37
2322600094001,TA,21408.54,2.1212120056152344,33
2322600095001,TA,3386.61,1.399999976158142,5
2322600096001,TA,31212.96,1.4680850505828857,47
2322600097001,TA,29509.44,0.0,47
2322600098002,TA,17467.33,0.0,28
2322600100003,TA,2660.28,0.0,6
2322600100006,TA,4492.0,2.6666667461395264,6
2322600101001,TA,24871.16,2.409090995788574,44
2322600104001,TA,7343.42,2.0,10
2322600105001,TA,27352.14,1.325581431388855,43
2322600110001,TA,79105.24,0.356589138507843,129
2322600111001,TA,30199.7,0.0,47
2322600113001,TA,67526.38,0.0,109
2322600114001,TA,16372.19,0.0,26
2322600116001,TA,29248.02,0.0,50
2322600121001,TA,19312.75,1.4482758045196533,29
2322600122001,TA,1217.93,2.0,1
2322600124001,TA,9018.65,0.0,14
2322600124002,TA,9307.8,0.0,15
2322600135001,TA,22429.89,1.5428571701049805,35
2322600137001,TA,6074.51,2.0,10
2322600160001,TA,11203.36,0.0,15
2322600161001,TA,11863.32,1.1578947305679321,19
2322600164001,TA,7188.04,1.0,12
2322600164005,TA,161.13,0.0,1
2322600165001,TA,49042.74,1.6419752836227417,81
2322600166001,TA,432.05,0.0,1
2322600167001,TA,19693.79,0.4838709533214569,31
2322600167003,TA,15103.87,2.2608695030212402,23
2322600169001,TA,130817.89,0.40625,224
2322600169019,TA,119.87,0.0,1
2322600172001,TA,16790.38,0.2068965584039688,29
2322600173001,TA,14152.15,2.090909004211426,22
2322600174001,TA,33581.54,2.0,54
2322600175001,TA,14884.59,2.0,23
2322600176001,TA,66674.97,2.0,107
2322600179001,TA,25970.27,1.9302325248718262,43
2322600181001,TA,60875.94,1.6262626647949219,99
2322600183001,TA,19171.86,1.1612902879714966,31
2322600186001,TA,25368.8,0.0,41
2322600189001,TA,84744.1,1.4160584211349487,137
2322600190001,TA,16696.67,2.576923131942749,26
2322600192001,TA,17121.62,2.692307710647583,26
2322600194001,TA,19005.48,0.9677419066429138,31
2322600196001,TA,12411.82,1.5789474248886108,19
2322600198001,TA,1111.41,2.0,1
2322600203001,TA,9275.99,0.0,13
2322600204001,TA,5726.27,0.0,9
2322600212001,TA,12184.4,0.0,18
2322600227001,TA,76496.76,1.1190476417541504,126
2322600231001,TA,5757.59,0.0,10
2322600232001,TA,4262.43,0.0,8
2322600250001,TA,57927.06,0.0,87
2322600251001,TA,60195.54,0.0,95
2322600252002,TA,12843.11,0.0,23
2322600252003,TA,31336.89,0.0,49
2322600252004,TA,6207.32,0.0,10
2322600253001,TA,107808.33,0.0,170
2322600254001,TA,38643.25,0.0,60
2322600255001,TA,9088.97,0.0,15
2322600256001,TA,5831.13,0.0,9
2322600257001,TA,6327.26,2.200000047683716,10
2322600258001,TA,2475.55,1.0,4
2322600259001,TA,1678.72,0.0,3
2322700041001,TA,241279.89,0.06185567006468773,388
2322700116001,TA,19718.43,1.1333333253860474,30
2322700118001,TA,17947.17,2.689655065536499,29
2322700119001,TA,13297.13,1.454545497894287,22
2322700119003,TA,3870.81,0.2857142984867096,7
2322700122001,TA,12317.32,1.2000000476837158,20
2322700123001,TA,11563.75,1.3888888359069824,18
2322700126001,TA,19878.48,2.2580645084381104,31
2322700127001,TA,10621.08,2.0,17
2322700128001,TA,14795.2,1.0416666269302368,24
2322700129001,TA,12830.27,1.2105263471603394,19
2322700134001,TA,3604.71,1.7999999523162842,5
2322700153001,TA,30285.83,0.804347813129425,46
2322700160001,TA,43473.2,0.0,71
2322700167001,TA,30990.46,1.1875,48
2322700169001,TA,20867.14,0.12121212482452393,33
2322700170001,TA,17878.98,0.0,31
2322700171001,TA,6028.36,0.0,7
2322700172001,TA,33387.88,0.0,55
2322700173001,TA,40043.1,0.0,62
2322700194001,TA,9417.36,0.13333334028720856,15
2322700197001,TA,25976.74,3.2195122241973877,41
2322700207001,TA,87523.94,0.0,144
2322700208001,TA,8021.53,0.0,13
2322700209001,TA,18264.16,0.0,31
2322700210001,TA,27750.02,0.0,45
2322700211001,TA,24240.92,0.0,38
2322700212001,TA,16889.32,0.0,28
2322700213001,TA,1464.64,0.0,2
2322700214001,TA,43727.26,0.0,74
2322700216001,TA,4677.77,0.0,7
2322700226003,TA,1187.05,0.0,2
2322800002001,TA,2868.85,0.0,4
2322800006001,TA,1653.04,0.0,3
2322800007001,TA,443.85,0.0,1
2322800008001,TA,1813.37,0.0,3
2322800009001,TA,1360.36,0.0,1
2322800010001,TA,2578.17,0.0,5
2322800011001,TA,2795.38,0.0,3
2322800012001,TA,18144.29,0.0,28
2322800013001,TA,727.6,0.0,1
2322800015001,TA,2240.54,0.0,3
2322800017001,TA,2377.71,0.0,3
2322800018001,TA,10723.81,0.0,16
2322800018003,TA,1823.88,0.0,4
2322800018006,TA,244.98,0.0,1
2322800019001,TA,1638.53,0.0,3
2322800020007,TA,19961.16,0.0,33
2322800020010,TA,2002.87,0.0,2
2322800021001,TA,9695.8,0.0,17
2322800022001,TA,2092.05,0.0,4
2322800023001,TA,3058.62,0.0,4
2322800024001,TA,5119.11,0.0,9
2322800025001,TA,2352.27,0.0,4
2322800026001,TA,2007.03,0.0,3
2322800027001,TA,1657.6,0.0,2
2322800028001,TA,3535.26,0.0,5
2322800030001,TA,2111.95,0.0,4
2322800031001,TA,1991.69,0.0,2
2322800034001,TA,2867.97,0.0,4
2322800035001,TA,2042.06,0.0,3
2322800039001,TA,393.14,0.0,1
2322800043001,TA,3728.72,0.0,7
2322800043010,TA,2487.02,0.0,3
2322800045001,TA,7914.3,0.0,12
2322800047001,TA,892.91,0.0,2
2322800048001,TA,13118.0,0.0,21
2322800048003,TA,7796.64,0.0,14
2322800049001,TA,4662.49,0.0,7
2322800050001,TA,2898.07,0.0,5
2322800052001,TA,2713.6,0.0,5
2322800054001,TA,1576.49,0.0,3
2322800055001,TA,1564.7,0.0,3
2322800056001,TA,1384.13,0.0,2
2322800057001,TA,5179.05,0.0,9
2322800059001,TA,974.52,0.0,2
2322800060001,TA,1110.51,0.0,2
2322800061001,TA,2336.98,0.0,3
2322800062001,TA,1063.58,0.0,1
2322800064001,TA,4025.71,0.0,6
2322800065001,TA,4107.86,0.0,7
2322800066001,TA,2903.36,0.0,4
2322800068001,TA,7784.61,0.0,12
2322800070001,TA,3700.6,0.0,5
2322800071001,TA,2714.91,0.0,4
2322800072001,TA,4563.78,0.0,6
2322800073001,TA,4036.52,0.0,8
2322800074001,TA,2557.01,0.0,4
2322800075001,TA,6593.95,0.0,11
2322800075004,TA,460.88,0.0,1
2322800076001,TA,4371.43,0.0,6
2322800077001,TA,1801.45,0.0,2
2322800078001,TA,2024.12,0.0,3
2322800079001,TA,3732.82,0.0,6
2322800080001,TA,412.39,0.0,1
2322800081001,TA,3189.68,0.0,5
2322800082001,TA,3504.02,0.0,7
2322800083001,TA,3200.92,0.0,4
2322800084001,TA,7200.11,0.0,13
2322800085001,TA,4486.43,0.0,8
2322800086001,TA,1319.77,0.0,3
2322800087001,TA,11562.41,0.0,17
2322800088001,TA,6345.48,0.0,10
2322800089001,TA,18286.16,0.0,30
2322800090001,TA,7976.76,0.0,12
2322800091001,TA,1396.74,0.0,3
2322800092001,TA,3397.65,0.0,6
2322800093001,TA,4397.23,0.0,7
2322800094001,TA,13859.7,0.0,24
2322800094007,TA,1699.1,0.0,3
2322800095001,TA,4538.25,0.0,6
2322800096001,TA,5205.66,0.0,9
2322800097001,TA,3937.79,0.0,7
2322800098001,TA,6680.38,0.0,10
2322800101001,TA,1343.58,0.0,2
2322800102001,TA,2018.89,0.0,4
2322800103001,TA,4438.86,0.0,8
2322800106001,TA,1836.63,0.0,3
2322800108001,TA,1436.54,0.0,2
2322800114001,TA,7120.81,0.0,13
2322800115001,TA,6177.45,0.0,10
2322800116001,TA,4495.51,0.0,6
2322800118001,TA,8374.89,0.0,14
2322800119001,TA,36856.85,0.0,60
2322800120001,TA,2998.35,0.0,4
2322800122001,TA,3708.0,0.0,6
2322800123001,TA,5252.89,0.0,7
2322800124001,TA,19563.07,0.0,33
2322800125001,TA,15849.93,0.0,25
2322800128001,TA,8653.09,0.0,14
2322800129001,TA,13333.19,0.0,21
2322800129005,TA,551.78,0.0,1
2322800130001,TA,2304.29,0.0,4
2322800130003,TA,8350.8,0.0,14
2322800134001,TA,4082.95,0.0,6
2322800135001,TA,5353.68,0.0,8
2322800136001,TA,7174.64,0.0,13
2322800137001,TA,40997.57,0.0,66
2322800138001,TA,36582.84,0.0,59
2322800140001,TA,3215.69,0.0,4
2322800141001,TA,4565.85,0.0,7
2322800142001,TA,2009.29,0.0,3
2322800143001,TA,2177.25,0.0,4
2322800144001,TA,1466.25,0.0,3
2322800145001,TA,1212.54,0.0,2
2322800146001,TA,5065.66,0.0,8
2322800147001,TA,857.15,0.0,2
2322800148001,TA,984.93,0.0,2
2322800150001,TA,1460.14,0.0,2
2322800151001,TA,1197.29,0.0,1
2322800152001,TA,976.17,0.0,1
2322800153001,TA,3935.57,0.0,4
2322800154001,TA,2175.06,0.0,5
2322800155001,TA,698.25,0.0,2
2322800156001,TA,4850.0,0.0,4
2322800157001,TA,4027.18,0.0,8
2322800158001,TA,16162.65,0.0,27
2322800159001,TA,2008.75,0.0,3
2322800160001,TA,4145.31,0.0,7
2322800161001,TA,3481.72,0.0,6
2322800162001,TA,2660.05,0.0,4
2322800163001,TA,3090.69,0.0,5
2322800164001,TA,2200.66,0.0,4
2322800165001,TA,4403.75,0.0,4
2322800166001,TA,4165.02,0.0,7
2322800167001,TA,3798.04,0.0,7
2322800169001,TA,1699.98,0.0,2
2322800170001,TA,3505.13,0.0,6
2322800170002,TA,46.41,0.0,1
2322800171001,TA,973.17,0.0,1
2322800173001,TA,2015.72,0.0,2
2322800175001,TA,3354.56,0.0,8
2322800178001,TA,2114.85,0.0,4
2322800179001,TA,6156.27,0.0,11
2322800180001,TA,2351.76,0.0,4
2322800181001,TA,6055.02,0.0,9
2322800189001,TA,3175.67,0.0,6
2322800190001,TA,4155.63,0.0,6
2322800192001,TA,3257.73,0.0,5
2322800194001,TA,11053.61,0.0,18
2322800195001,TA,9744.66,0.0,17
2322800196001,TA,3428.93,0.0,5
2322800197001,TA,1782.92,0.0,3
2322800198001,TA,2160.67,0.0,3
2322800201001,TA,763.96,0.0,1
2322800203001,TA,2122.04,0.0,3
2322800205001,TA,3889.13,0.0,6
2322800206001,TA,3812.34,0.0,7
2322800209001,TA,1255.52,0.0,2
2322800211001,TA,2954.19,0.0,4
2322800212001,TA,1475.84,0.0,3
2322800213001,TA,1476.45,0.0,1
2322800214001,TA,984.91,0.0,1
2322800215001,TA,782.76,0.0,1
2322800219001,TA,2328.89,0.0,6
2322800222001,TA,382.41,0.0,1
2322800223001,TA,1552.06,0.0,2
2322800224001,TA,1488.6,0.0,3
2322800225001,TA,2714.32,0.0,4
2322800226001,TA,9249.31,0.0,16
2322800227001,TA,32490.6,0.0,53
2322800228001,TA,35466.53,0.0,56
2322800229001,TA,8835.48,0.0,14
2322800230002,TA,552.2,0.0,1
2322800231001,TA,1347.19,0.0,3
2322800232001,TA,898.75,0.0,2
2322800233001,TA,1760.78,0.0,1
2322800235001,TA,4974.81,0.0,8
2322800236001,TA,6927.23,0.0,9
2322800304001,TA,825.89,0.0,1
2322800305001,TA,13875.91,0.0,21
2322800306001,TA,4273.41,0.0,7
2322800307001,TA,1847.29,0.0,2
2322800308001,TA,1436.67,0.0,2
2322900005001,TA,621.95,0.0,1
2322900007001,TA,3385.24,0.0,6
2322900009002,TA,718.61,0.0,2
2322900013001,TA,893.44,0.0,2
2322900015001,TA,1238.7,0.0,3
2322900016001,TA,2159.61,0.0,3
2322900021001,TA,1700.64,0.0,3
2322900024001,TA,3526.55,0.0,5
2322900025001,TA,1487.53,0.0,2
2322900026001,TA,4276.34,0.0,8
2322900029001,TA,854.56,0.0,2
2322900030001,TA,1472.64,0.0,3
2322900032002,TA,989.53,0.0,2
2322900032003,TA,854.85,0.0,1
2322900033001,TA,1153.78,0.0,1
2322900034001,TA,3983.78,0.0,5
2322900035001,TA,504.21,0.0,1
2322900040001,TA,774.15,0.0,1
2322900046001,TA,2008.29,0.0,3
2322900047001,TA,2817.97,0.0,3
2322900048001,TA,932.09,0.0,1
2322900049001,TA,1044.67,0.0,2
2322900050001,TA,1470.48,0.0,2
2322900051001,TA,1030.74,0.0,2
2322900053001,TA,718.71,0.0,2
2322900054001,TA,1341.6,0.0,3
2322900055001,TA,491.3,0.0,2
2322900073001,TA,3181.71,0.0,3
2322900074001,PS,4326.99,0.0,5
2322900075002,TA,2814.39,0.0,5
2322900075003,TA,382.74,0.0,2
2322900076001,TA,5108.67,0.0,8
2322900077001,TA,850.75,0.0,2
2322900078001,TA,4742.66,0.0,7
2322900080001,TA,2409.37,0.0,4
2322900081001,TA,1963.98,0.0,4
2322900086001,TA,2171.29,0.0,4
2322900088001,TA,4234.11,0.0,9
2322900091001,TA,779.57,0.0,1
2322900095001,TA,782.44,0.0,1
2322900097001,TA,1061.53,0.0,1
2322900099001,TA,1227.97,0.0,3
2322900101001,TA,1904.54,0.0,5
2322900102001,TA,4438.67,0.0,5
2322900103001,TA,2626.16,0.0,5
2322900104001,TA,836.06,0.0,2
2322900107001,TA,4189.72,0.0,5
2322900108001,TA,1479.04,0.0,2
2322900109001,TA,2045.37,0.0,4
2322900111001,PS,6485.67,0.0,9
2322900112001,TA,7693.87,0.0,13
2322900114001,TA,780.69,0.0,1
2322900116001,TA,3893.46,0.0,6
2322900117001,TA,1726.75,0.0,2
2322900119001,TA,8947.02,0.0,16
2322900120001,TA,3974.47,0.0,6
2322900121001,TA,8120.17,0.0,12
2322900122001,TA,4061.8,0.0,6
2322900123001,TA,2217.17,0.0,2
2322900124001,TA,1629.44,0.0,3
2322900124002,TA,1361.85,0.0,2
2322900125001,TA,812.03,0.0,1
2322900129001,TA,599.35,0.0,1
2322900130001,TA,2386.2,0.0,3
2322900131001,TA,3891.7,0.0,6
2322900132001,TA,3873.77,0.0,8
2322900133001,TA,3776.91,0.0,5
2322900133003,TA,1018.31,0.0,1
2322900134001,TA,5308.64,0.0,8
2322900135001,TA,2098.27,0.0,4
2322900136001,TA,4916.28,0.0,9
2322900137001,TA,5327.93,0.0,7
2322900138001,TA,6812.62,0.0,12
2322900140001,TA,2585.72,0.0,4
2322900142001,TA,1028.93,0.0,1
2322900143001,TA,3678.87,0.0,6
2322900144001,TA,6415.31,0.0,10
2322900145001,TA,3353.62,0.0,5
2322900146001,TA,4051.57,0.0,6
2322900150001,TA,1217.97,0.0,2
2322900152001,TA,1020.88,0.0,1
2322900153001,TA,2811.32,0.0,5
2322900154001,TA,1420.62,0.0,2
2322900155001,TA,1892.07,0.0,3
2322900158001,TA,2523.39,0.0,6
2322900159001,TA,2811.01,0.0,5
2322900160001,TA,1779.08,0.0,3
2322900161001,TA,6302.81,0.0,9
2322900162001,TA,4624.56,0.0,8
2322900162002,TA,1173.38,0.0,2
2322900163001,TA,2875.62,0.0,4
2322900167001,TA,3554.09,0.0,5
2322900169001,TA,4081.31,0.0,6
2322900170001,TA,2221.12,0.0,4
2322900171001,TA,5180.04,0.0,8
2322900172001,TA,6621.14,0.0,11
2322900173001,TA,4705.3,0.0,7
2322900173003,TA,975.28,0.0,2
2322900174001,TA,1816.59,0.0,3
2322900175001,TA,3240.9,0.0,5
2322900176001,TA,2184.53,0.0,4
2322900177001,TA,2186.86,0.0,4
2322900181001,TA,3251.28,0.0,7
2322900183001,TA,807.08,0.0,2
2322900189001,TA,1834.87,0.0,3
2322900191001,TA,9585.47,0.0,16
2322900192001,TA,5352.24,0.0,9
2322900194001,TA,1837.27,0.0,2
2322900195001,TA,3493.0,0.0,4
2322900196001,TA,6266.12,0.0,11
2322900197001,TA,10636.2,0.0,16
2322900198001,TA,3563.8,0.0,5
2322900199001,TA,2920.14,0.0,5
2322900200001,TA,2678.03,0.0,4
2322900201001,TA,7979.86,0.0,12
2322900202001,TA,7324.26,0.0,12
2322900203001,TA,2571.95,0.0,4
2322900204001,TA,1038.26,0.0,2
2322900205001,TA,1512.74,0.0,3
2322900206001,TA,585.98,0.0,1
2322900207001,TA,7671.23,0.0,14
2322900208001,TA,7556.76,0.0,11
2322900209001,TA,2968.49,0.0,5
2322900210001,TA,5583.12,0.0,9
2322900211001,TA,7505.73,0.0,12
2322900212001,TA,1818.48,0.0,4
2322900213001,TA,2626.38,0.0,4
2322900214001,TA,4111.26,0.0,7
2322900215001,TA,1758.2,0.0,3
2322900219001,TA,2803.68,0.0,5
2322900226001,TA,874.73,0.0,2
2322900227001,TA,1052.19,0.0,2
2322900228001,TA,3083.01,0.0,6
2322900231001,TA,742.73,0.0,1
2322900232001,TA,1717.57,0.0,2
2322900233001,TA,2271.27,0.0,4
2322900234001,TA,4134.66,0.0,6
2322900235001,TA,3751.79,0.0,6
2322900236001,TA,3152.79,0.0,5
2322900237001,TA,3228.26,0.0,5
2322900238001,TA,2921.81,0.0,5
2322900239001,TA,1308.37,0.0,2
2322900240001,TA,1801.36,0.0,3
2322900241001,TA,6176.82,0.0,8
2322900242001,TA,13724.08,0.0,22
2322900243001,TA,3906.92,0.0,6
2322900244001,TA,1323.69,0.0,3
2322900245001,TA,5295.0,0.0,8
2322900246001,TA,3207.45,0.0,5
2322900247001,TA,2852.43,0.0,5
2322900251001,TA,5564.23,0.0,8
2322900252001,TA,2706.6,0.0,4
2322900253001,TA,577.84,0.0,1
2322900253002,TA,313.95,0.0,1
2322900255001,TA,991.93,0.0,1
2322900255002,TA,900.95,0.0,2
2322900256001,TA,1618.67,0.0,3
2322900257001,TA,6665.75,0.0,13
2322900258001,TA,1073.31,0.0,2
2322900260001,TA,5290.49,0.0,8
2322900261001,TA,796.43,0.0,1
2322900262001,TA,495.62,0.0,1
2322900265001,TA,353.13,0.0,1
2322900266001,TA,3388.96,0.0,6
2322900269001,TA,528.64,0.0,1
2322900270001,TA,6991.51,0.0,10
2322900271001,TA,1862.37,0.0,1
2322900273001,TA,2438.53,0.0,4
2322900274001,TA,4927.45,0.0,8
2322900276001,TA,1301.75,0.0,2
2322900277001,TA,879.8,0.0,2
2322900278001,TA,657.04,0.0,1
2322900279001,TA,2833.04,0.0,5
2322900281001,TA,3985.95,0.0,5
2322900282001,TA,3552.54,0.0,7
2322900285001,TA,7448.11,0.0,11
2322900287001,TA,3910.71,0.0,5
2322900288001,TA,527.49,0.0,1
2322900289001,TA,18961.99,0.0,33
2322900290001,TA,9667.66,0.0,14
2322900291001,TA,3275.04,0.0,5
2322900292001,TA,3410.22,0.0,7
2322900293001,TA,5028.89,0.0,8
2322900294001,TA,3028.28,0.0,4
2322900295001,TA,3523.66,0.0,5
2322900296001,TA,2189.83,0.0,3
2322900297001,TA,2743.46,0.0,5
2322900298001,TA,943.39,0.0,1
2322900300001,TA,1250.08,0.0,2
2322900301001,TA,1244.16,0.0,2
2322900302001,TA,3460.78,0.0,5
2322900303001,TA,1306.18,0.0,2
2322900306001,TA,935.19,0.0,2
2322900307001,TA,4176.12,0.0,5
2322900308001,TA,3141.72,0.0,5
2322900309001,TA,1171.24,0.0,1
2322900310001,TA,1219.66,0.0,2
2322900311001,TA,1084.41,0.0,2
2322900312001,TA,625.78,0.0,1
2322900313002,TA,921.69,0.0,2
2322900314001,TA,12298.26,0.0,21
2322900315001,TA,13564.1,0.0,21
2322900316001,TA,10989.65,0.0,18
2322900317001,TA,3543.07,0.0,6
2322900318001,TA,2030.85,0.0,3
2322900319001,TA,3352.86,0.0,5
2322900320001,TA,9841.43,0.0,16
2322900323001,TA,37935.91,0.0,14
2322900323003,TA,44303.13,0.0,67
2322900327001,TA,820.9,0.0,2
2322900328001,TA,2240.11,0.0,3
2322900329001,TA,2338.9,0.0,2
2322900330001,TA,1480.16,0.0,3
2322900331001,TA,576.89,0.0,1
2322900334001,TA,1692.82,0.0,3
2322900336001,TA,572.74,0.0,1
2322900336002,TA,688.52,0.0,1
2322900337001,TA,1938.44,0.0,4
2322900339001,TA,3716.99,0.0,5
2322900341001,TA,562.82,0.0,1
2322900344001,TA,2183.48,0.0,4
2322900345001,TA,2161.65,0.0,3
2322900350004,TA,405.19,0.0,1
2323000004001,TA,11343.32,0.0,19
2323000005001,TA,1071.95,0.0,2
2323000006001,TA,5518.34,0.0,8
2323000008001,TA,7080.24,0.0,12
2323000009001,TA,1082.33,0.0,2
2323000013001,TA,877.12,0.0,1
2323000015001,TA,706.6,0.0,2
2323000017001,TA,4076.4,0.0,6
2323000021001,TA,966.75,0.0,2
2323000022001,TA,1421.02,0.0,3
2323000024001,TA,1129.84,0.0,1
2323000025001,TA,5423.75,0.0,10
2323000026001,TA,900.97,0.0,1
2323000027001,TA,1122.42,0.0,2
2323000028001,TA,8018.65,0.0,14
2323000030001,TA,1700.43,0.0,2
2323000031001,TA,504.09,0.0,1
2323000034001,TA,5753.02,0.0,10
2323000037001,TA,1569.65,0.0,2
2323000039001,TA,1594.35,0.0,3
2323000041002,TA,551.72,0.0,1
2323000047001,TA,2791.59,0.0,5
2323000048001,TA,4713.32,0.0,7
2323000049002,TA,949.96,0.0,1
2323000050001,TA,431.08,0.0,1
2323000051001,TA,1125.89,0.0,2
2323000053001,TA,863.67,0.0,1
2323000053002,TA,253.84,0.0,1
2323000054001,TA,903.4,0.0,1
2323000055001,TA,3545.04,0.0,7
2323000056001,TA,1381.36,0.0,3
2323000057001,TA,1407.53,0.0,2
2323000058001,TA,4095.03,0.0,8
2323000059001,TA,3162.47,0.0,5
2323000060001,TA,1608.43,0.0,2
2323000061001,TA,2299.32,0.0,3
2323000062001,TA,1688.3,0.0,4
2323000063001,TA,2346.86,0.0,3
2323000064001,TA,2078.59,0.0,3
2323000065001,TA,3125.68,0.0,5
2323000066001,TA,3414.21,0.0,5
2323000067001,TA,8523.71,0.0,12
2323000068001,TA,946.49,0.0,2
2323000069001,TA,820.25,0.0,2
2323000070001,TA,2311.91,0.0,3
2323000071001,TA,8703.66,0.0,14
2323000072001,TA,4812.8,0.0,8
2323000073001,TA,8225.3,0.0,16
2323000074001,TA,1234.18,0.0,2
2323000078001,TA,2049.38,0.0,3
2323000082001,TA,2351.19,0.0,4
2323000084001,TA,2929.31,0.0,5
2323000086001,TA,2679.94,0.0,3
2323000087001,TA,2136.46,0.0,4
2323000089001,TA,1806.9,0.0,3
2323000097001,TA,6993.91,0.0,11
2323000098001,TA,3204.56,0.0,5
2323000099001,TA,2238.6,0.0,4
2323000100001,TA,2782.64,0.0,4
2323000101001,TA,6987.01,0.0,11
2323000102001,TA,4312.03,0.0,7
2323000103001,TA,2767.62,0.0,5
2323000106001,TA,4248.35,0.0,7
2323000107001,TA,3335.13,0.0,5
2323000108001,TA,3100.82,0.0,5
2323000109001,TA,3506.62,0.0,6
2323000114001,TA,16632.59,0.0,26
2323000116001,TA,5089.55,0.0,9
2323000124001,TA,13219.39,0.0,19
2323000127001,TA,2827.53,0.0,5
2323000128001,TA,2646.29,0.0,3
2323000129001,TA,4158.62,0.0,7
2323000130001,TA,2800.47,0.0,6
2323000131001,TA,4521.35,0.0,7
2323000132001,TA,35844.9,0.0,57
2323000133002,TA,279.1,0.0,1
2323000134001,TA,1273.47,0.0,2
2323000135001,TA,1094.23,0.0,1
2323000136001,TA,5483.85,0.0,8
2323000139001,TA,3730.37,0.0,7
2323000141001,TA,973.82,0.0,3
2323000142001,TA,2157.02,0.0,3
2323000143001,TA,2746.26,0.0,4
2323000144001,TA,864.64,0.0,2
2323000145001,TA,20095.48,0.0,32
2323000146001,TA,1978.11,0.0,4
2323000147001,TA,3181.72,0.0,3
2323000148001,TA,2392.59,0.0,5
2323000149001,TA,2773.22,0.0,4
2323000150001,TA,2902.19,0.0,5
2323000151001,TA,3924.15,0.0,6
2323000152001,TA,3838.43,0.0,5
2323000153001,TA,7487.48,0.0,13
2323000154001,TA,7367.28,0.0,11
2323000155001,TA,3773.75,0.0,5
2323000156001,TA,3328.01,0.0,6
2323000157001,TA,1078.5,0.0,3
2323000158001,TA,5487.24,0.0,8
2323000159001,TA,5300.86,0.0,8
2323000160001,TA,5720.09,0.0,10
2323000161001,TA,5699.29,0.0,10
2323000162001,TA,5568.22,0.0,9
2323000163001,TA,3406.95,0.0,6
2323000171001,TA,4918.27,0.0,8
2323000172001,TA,5631.46,0.0,9
2323000173001,TA,8450.14,0.0,14
2323000175001,TA,3991.54,0.0,6
2323000176001,TA,2306.85,0.0,4
2323000177001,TA,2294.6,0.0,4
2323000178001,TA,1223.12,0.0,2
2323000182001,TA,3333.19,0.0,7
2323000183001,TA,6535.37,0.0,10
2323000184001,TA,1444.03,0.0,2
2323000184002,TA,1162.76,0.0,2
2323000185001,TA,2932.74,0.0,3
2323000186001,TA,9334.66,0.0,15
2323000187001,TA,16409.08,0.0,27
2323000188001,TA,2851.71,0.0,4
2323000189001,TA,22150.42,0.0,36
2323000190001,TA,968.3,0.0,1
2323000191001,TA,1745.34,0.0,3
2323000192001,TA,1719.22,0.0,3
2323000193001,TA,2909.01,0.0,6
2323000200001,TA,3402.3,0.0,6
2323000202001,TA,3686.97,0.0,7
2323000206001,TA,1354.77,0.0,2
2323000207001,TA,7389.71,0.0,11
2323000208001,TA,6899.43,0.0,12
2323000217001,TA,5519.29,0.0,8
2323000218001,TA,823.05,0.0,2
2323000219001,TA,4168.19,0.0,8
2323000220001,TA,3103.51,0.0,4
2323000221001,TA,16421.26,0.0,25
2323000222001,TA,3976.65,0.0,7
2323000223001,TA,4152.62,0.0,7
2323000224001,TA,3620.15,0.0,5
2323000225001,TA,6634.3,0.0,10
2323000226001,TA,1751.76,0.0,3
2323000227001,TA,3130.71,0.0,4
2323000229001,TA,5294.86,0.0,8
2323000230001,TA,4390.02,0.0,7
2323000232001,TA,33940.24,0.0,55
2323000233001,TA,5015.22,0.0,8
2323000234001,TA,2770.48,0.0,4
2323000235001,TA,2706.24,0.0,4
2323000236001,TA,2743.65,0.0,6
2323000237001,TA,2563.08,0.0,3
2323000238001,TA,3228.41,0.0,5
2323000239001,TA,15674.65,0.0,24
2323000240001,TA,2338.43,0.0,3
2323000241001,TA,3751.04,0.0,7
2323000242001,TA,3269.37,0.0,5
2323000243001,TA,9485.91,0.0,15
2323000244001,TA,677.31,0.0,1
2323000245001,TA,23487.74,0.0,33
2323000246001,TA,7639.2,0.0,13
2323000247001,TA,24935.38,0.0,40
2323000252001,TA,20854.97,0.0,32
2323000253001,TA,5005.22,0.0,8
2323000254001,TA,3976.78,0.0,5
2323000255001,TA,4042.3,0.0,6
2323000256001,TA,2804.06,0.0,5
2323000257001,TA,9786.5,0.0,16
2323000258001,TA,8834.86,0.0,14
2323000263001,TA,15360.97,0.0,24
2323000266001,TA,8770.5,0.0,14
2323000276001,TA,6669.26,0.0,11
2323000278001,TA,875.61,0.0,1
2323000279001,TA,6235.44,0.0,11
2323000289001,TA,4066.39,0.0,9
2323000290001,TA,3707.97,0.0,6
2323000291001,TA,5409.35,0.0,8
2323000292001,TA,3261.74,0.0,4
2323000293001,TA,4374.81,0.0,6
2323000294001,TA,6546.07,0.0,10
2323000295001,TA,2814.84,0.0,6
2323000304001,TA,3200.64,0.0,5
2323000305001,TA,3118.67,0.0,3
2323000306001,TA,12413.54,0.0,20
2323000307001,TA,2677.94,0.0,3
2323000313001,TA,15097.04,0.0,25
2323000314001,TA,8112.55,0.0,4
2323000319001,TA,1149.24,0.0,3
2323000320001,TA,1692.77,0.0,2
2323000321001,TA,819.62,0.0,1
2323000322001,TA,3627.98,0.0,5
2323000323001,TA,3046.94,0.0,6
2323000324001,TA,7694.49,0.0,10
2323000325001,TA,1734.1,0.0,3
2323000326001,TA,3933.04,0.0,6
2323000328001,TA,13077.54,0.0,23
2323000329001,TA,4723.35,0.0,9
2323000330001,TA,2479.43,0.0,4
2323000331001,TA,1031.95,0.0,2
2323000331002,TA,1082.31,0.0,1
2323000332001,TA,1349.96,0.0,3
2323000333001,TA,1254.26,0.0,2
2323000335001,TA,4049.02,0.0,7
2323000336001,TA,1987.09,0.0,2
2323000337001,TA,2164.67,0.0,2
2323000338001,TA,2233.44,0.0,4
2323000339001,TA,2600.44,0.0,5
2323000342001,TA,11105.55,0.0,17
2323000343001,TA,12325.52,0.0,18
2323000347001,TA,9198.31,0.0,12
2323000349001,TA,17209.05,0.0,28
2323000350001,TA,43800.42,0.0,67
2323000354001,TA,5561.44,0.0,9
2323000355001,TA,6321.03,0.0,11
2323000356001,TA,32790.61,0.0,52
2323000358001,TA,66294.87,0.0,107
2323000359001,TA,102344.37,0.0,163
2323000360001,TA,7349.73,0.0,11
2323000361001,TA,9208.0,0.0,13
2323000421001,TA,6377.21,0.0,11
2323000422001,TA,10300.45,0.0,15
2323000424001,TA,17041.04,0.0,27
2323000426001,TA,2098.5,0.0,3
2323000427001,TA,2100.31,0.0,4
2323100003001,TA,1247.96,0.0,3
2323100007001,TA,7484.5,0.0,12
2323100008001,TA,2966.78,0.0,4
2323100009003,TA,2874.37,0.0,3
2323100009004,TA,1784.45,0.0,2
2323100009005,TA,2704.23,0.0,6
2323100010001,TA,1197.29,0.0,2
2323100015001,TA,3559.2,0.0,6
2323100020001,TA,1831.15,0.0,3
2323100021001,TA,537.78,0.0,1
2323100024001,TA,2723.96,0.0,5
2323100025001,TA,117357.12,0.0,188
2323100025006,TA,323.48,0.0,2
2323100026001,TA,1939.77,0.0,3
2323100027001,TA,469.28,0.0,1
2323100028001,TA,3397.6,0.0,7
2323100029001,TA,9264.75,0.0,15
2323100030001,TA,2384.87,0.0,3
2323100031001,TA,2123.97,0.0,4
2323100032001,TA,3529.33,0.0,5
2323100033001,TA,1113.36,0.0,2
2323100036001,TA,1718.39,0.0,3
2323100037001,TA,12762.01,0.0,21
2323100038001,TA,7528.72,0.0,11
2323100039001,TA,2406.12,0.0,3
2323100040001,TA,42600.42,0.0,66
2323100041001,TA,12381.45,0.0,21
2323100042001,TA,4442.74,0.0,8
2323100043001,TA,4406.11,0.0,6
2323100044001,TA,4482.41,0.0,7
2323100045001,TA,5245.76,0.0,9
2323100046001,TA,3835.16,0.0,6
2323100047001,TA,9143.3,0.0,13
2323100048001,TA,2018.69,0.0,5
2323100050001,TA,451.35,0.0,1
2323100051001,TA,4629.04,0.0,6
2323100053001,TA,5630.87,0.0,9
2323100054001,TA,4096.11,0.0,8
2323100056001,TA,1979.41,0.0,3
2323100057001,TA,2937.75,0.0,3
2323100058001,TA,4160.84,0.0,6
2323100059001,TA,4232.0,0.0,7
2323100060001,TA,4473.8,0.0,8
2323100061001,TA,2289.77,0.0,4
2323100062001,TA,5798.25,0.0,8
2323100063001,TA,7961.31,0.0,13
2323100064001,TA,9022.58,0.0,14
2323100065001,TA,3710.55,0.0,7
2323100066001,TA,2448.4,0.0,3
2323100068001,TA,5061.14,0.0,8
2323100073001,TA,1779.44,0.0,4
2323100075001,TA,1216.34,0.0,2
2323100076001,TA,2319.99,0.0,5
2323100077001,TA,2047.72,0.0,4
2323100088001,TA,22978.41,0.0,37
2323100090001,TA,4199.02,0.0,6
2323100480001,TA,3636.63,0.0,5
2323100481001,TA,9647.82,0.0,16
2323100482001,TA,2426.14,0.0,4
2323100483001,TA,5293.37,0.0,9
2323100486001,TA,19402.17,0.0,31
2323100487001,TA,12177.51,0.0,20
2323200017001,TA,7051.38,0.0,11
2323200018001,TA,1595.59,0.0,2
2323200019001,TA,1932.96,0.0,4
2323200020001,TA,28260.19,0.0,46
2323200021001,TA,1265.07,0.0,2
2323200021002,TA,441.52,0.0,1
2323200022001,TA,1220.36,0.0,2
2323200023001,TA,6422.63,0.0,11
2323200025001,TA,2318.19,0.0,4
2323200027001,TA,2672.55,0.0,4
2323200028001,TA,3642.62,0.0,6
2323200029001,TA,10614.7,0.0,16
2323200030001,TA,2303.44,0.0,4
2323200031001,TA,6970.58,0.0,11
2323200032001,TA,5044.14,0.0,9
2323200033001,TA,4704.19,0.0,7
2323200034001,TA,2741.34,0.0,4
2323200035001,TA,31543.0,0.0,50
2323200036001,TA,1174.55,0.0,2
2323200037001,TA,4511.24,0.0,6
2323200038001,TA,5112.16,0.0,8
2323200039001,TA,1870.47,0.0,3
2323200039002,TA,2258.42,0.0,3
2323200041001,TA,5922.89,0.0,10
2323200042001,TA,3487.7,0.0,7
2323200043001,TA,806.9,0.0,1
2323200044001,TA,2999.39,0.0,5
2323200045001,TA,2627.03,0.0,3
2323200046001,TA,809.03,0.0,3
2323200047001,TA,982.68,0.0,2
2323200051001,TA,4482.1,0.0,6
2323200052002,TA,608.65,0.0,1
2323200064001,TA,10614.45,0.0,18
2323200065001,TA,10243.07,0.0,16
2323200066001,TA,4542.29,0.0,8
2323200067001,TA,3084.73,0.0,6
2323200068001,TA,2129.61,0.0,3
2323200069001,TA,1540.7,0.0,3
2323200070001,TA,4175.96,0.0,6
2323200072001,TA,872.39,0.0,1
2323200073001,TA,846.54,0.0,2
2323200073005,TA,374.99,0.0,1
2323200074001,TA,2881.16,0.0,5
2323200075001,TA,1737.15,0.0,2
2323200077001,TA,902.35,0.0,1
2323200078001,TA,7318.95,0.0,10
2323200079001,TA,12657.28,0.0,20
2323200080004,TA,517.56,0.0,2
2323200081001,TA,605.08,0.0,1
2323200082001,TA,774.99,0.0,1
2323200083003,TA,61.12,0.0,1
2323200084001,TA,1480.48,0.0,2
2323200085001,TA,4530.82,0.0,8
2323200094001,TA,14874.43,0.0,24
2323200096001,TA,8293.55,0.0,13
2323200098001,TA,3108.68,0.0,4
2323200099001,TA,1350.71,0.0,2
2323200100001,TA,6221.31,0.0,10
2323200101001,TA,2529.27,0.0,4
2323200102001,TA,1771.12,0.0,3
2323200105001,TA,2635.63,0.0,4
2323200106001,TA,3031.22,0.0,4
2323200107001,TA,6612.85,0.0,10
2323200108001,TA,3697.93,0.0,8
2323200109001,TA,37948.23,0.0,63
2323200110004,TA,13407.74,0.0,22
2323200111001,TA,6142.17,0.0,10
2323200112001,TA,2607.68,0.0,4
2323200113001,TA,1277.52,0.0,1
2323200115001,TA,3029.43,0.0,6
2323200116001,TA,1874.52,0.0,2
2323200117001,TA,6724.01,0.0,10
2323200118002,TA,409.23,0.0,1
2323200119001,TA,2671.4,0.0,4
2323200120001,TA,5642.16,0.0,11
2323200128002,TA,4694.8,0.0,7
2323200130001,TA,1248.54,0.0,3
2323200131001,TA,3607.94,0.0,6
2323200132001,TA,1469.59,0.0,2
2323200133001,TA,6172.62,0.0,10
2323200134002,TA,439.29,0.0,1
2323200135001,TA,12014.86,0.0,19
2323200136001,TA,8782.16,0.0,14
2323200137001,TA,757.06,0.0,2
2323200138001,TA,2952.73,0.0,5
2323200139001,TA,3381.31,0.0,6
2323200140001,TA,588.02,0.0,1
2323200141001,TA,1272.52,0.0,2
2323200142001,TA,8421.65,0.0,15
2323200143001,TA,1543.29,0.0,2
2323200144001,TA,4295.48,0.0,9
2323200146001,TA,1938.17,0.0,3
2323200149001,TA,2403.34,0.0,3
2323200150001,TA,1157.19,0.0,3
2323200150006,TA,150.54,0.0,1
2323200151001,TA,1845.96,0.0,1
2323200152001,TA,13347.36,0.0,21
2323200152002,TA,899.3,0.0,3
2323200153001,TA,14965.2,0.0,24
2323200154001,TA,3353.84,0.0,5
2323200155001,TA,3288.8,0.0,5
2323200158001,TA,14566.04,0.0,22
2323200159001,TA,5679.74,0.0,9
2323200160001,TA,2481.56,0.0,3
2323200161001,TA,2769.8,0.0,4
2323200162001,TA,7929.0,0.0,13
2323200163001,TA,12004.34,0.0,19
2323200164001,TA,16400.84,0.0,28
2323200165001,TA,1394.92,0.0,2
2323200167001,TA,4364.36,0.0,7
2323200168001,TA,2714.2,0.0,5
2323200168006,TA,877.49,0.0,1
2323200169001,TA,2128.5,0.0,3
2323200171001,TA,4411.87,0.0,6
2323200172001,TA,6873.59,0.0,12
2323200173001,TA,4716.48,0.0,7
2323200176001,TA,2459.4,0.0,4
2323200177001,TA,3160.58,0.0,5
2323200180001,TA,1168.29,0.0,2
2323200181001,TA,10670.01,0.0,17
2323200182001,TA,25049.77,0.0,38
2323200183001,TA,2617.09,0.0,5
2323200184001,TA,4998.06,0.0,8
2323200185001,TA,15675.58,0.0,25
2323200186001,TA,5100.66,0.0,6
2323200187001,TA,13527.81,0.0,23
2323200188001,TA,9226.22,0.0,14
2323200189001,TA,6658.94,0.0,10
2323200190001,TA,16282.25,0.0,27
2323200191001,TA,403.89,0.0,1
2323200194001,TA,13451.04,0.0,22
2323200194003,TA,2497.59,0.0,4
2323200195001,TA,4268.9,0.0,7
2323200196001,TA,4614.88,0.0,7
2323200197001,TA,4456.68,0.0,8
2323200198001,TA,5184.21,0.0,7
2323200198003,TA,6545.57,0.0,11
2323200199001,TA,4272.58,0.0,7
2323200200001,TA,11544.77,0.0,17
2323200201001,TA,5604.03,0.0,9
2323200202001,TA,5390.27,0.0,9
2323200203001,TA,5775.07,0.0,10
2323200205001,TA,10065.41,0.0,15
2323200206001,TA,5004.6,0.0,7
2323200207001,TA,13954.05,0.0,23
2323200208001,TA,28393.25,0.0,45
2323200209001,TA,6100.63,0.0,9
2323200211001,TA,2114.16,0.0,3
2323200212001,TA,16969.56,0.0,28
2323200213001,TA,1739.28,0.0,2
2323200214001,TA,2149.5,0.0,4
2323200216001,TA,595.43,0.0,1
2323200218001,TA,313.6,0.0,1
2323200219001,TA,8219.32,0.0,15
2323200224001,TA,1623.06,0.0,2
2323200225001,TA,3886.94,0.0,6
2323200226001,TA,5618.26,0.0,9
2323200226002,TA,379.79,0.0,1
2323200228001,TA,756.76,0.0,2
2323200229002,TA,4309.26,0.0,7
2323200232001,TA,9456.5,0.0,15
2323200232002,TA,533.56,0.0,1
2323200233001,TA,13435.04,0.0,22
2323200234001,TA,2055.21,0.0,3
2323200237001,TA,3320.58,0.0,5
2323200240001,TA,3776.31,0.0,6
2323200243001,TA,1114.46,0.0,2
2323200245001,TA,2406.17,0.0,4
2323200246001,TA,948.46,0.0,1
2323200248001,TA,1286.51,0.0,2
2323200249001,TA,7074.95,0.0,9
2323200250001,TA,6040.15,0.0,10
2323200256001,TA,3955.04,0.0,5
2323200256002,TA,1473.21,0.0,3
2323200257001,TA,4203.7,0.0,7
2323200259001,TA,770.67,0.0,1
2323200282001,TA,6490.22,0.0,12
2323200283001,TA,5993.58,0.0,9
2323200340001,TA,3461.8,0.0,4
2323200341001,TA,4769.78,0.0,8
2323200343001,TA,1521.31,0.0,3
2323200344001,TA,11288.89,0.0,18
2323200351001,TA,6265.3,0.0,6
2323200352001,TA,2126.31,0.0,4
2323300003001,TA,739.23,0.0,1
2323300003002,TA,4779.04,0.0,9
2323300004001,TA,2016.05,0.0,4
2323300005002,TA,7529.16,0.0,12
2323300006002,TA,1784.97,0.0,4
2323300007002,TA,4695.95,0.0,8
2323300008001,TA,1551.79,0.0,2
2323300009001,TA,1631.63,0.0,3
2323300010004,TA,1393.36,0.0,2
2323300011001,TA,6425.47,0.0,10
2323300012003,TA,715.48,0.0,2
2323300013001,TA,14602.75,0.0,25
2323300016001,TA,2941.86,0.0,5
2323300017001,TA,552.95,0.0,1
2323300018001,TA,6244.19,0.0,9
2323300019001,TA,4185.37,0.0,6
2323300020001,TA,3730.68,0.0,7
2323300021001,TA,3347.85,0.0,5
2323300022001,TA,4241.91,0.0,6
2323300023001,TA,3774.97,0.0,7
2323300025001,TA,6148.37,0.0,10
2323300026001,TA,5964.33,0.0,10
2323300027002,TA,2155.38,0.0,3
2323300028001,TA,707.45,0.0,1
2323300029001,TA,928.11,0.0,2
2323300030001,TA,1484.22,0.0,3
2323300031001,TA,1442.61,0.0,2
2323300032001,TA,846.11,0.0,2
2323300033001,TA,6912.02,0.0,12
2323300034001,TA,16600.78,0.0,27
2323300034003,TA,337.6,0.0,1
2323300035001,TA,5103.74,0.0,8
2323300036001,TA,2811.17,0.0,4
2323300038001,TA,1483.26,0.0,3
2323300039001,TA,2250.8,0.0,4
2323300040001,TA,5568.55,0.0,9
2323300041001,TA,1740.64,0.0,3
2323300042001,TA,2638.36,0.0,6
2323300045001,TA,1523.54,0.0,3
2323300046001,TA,1112.31,0.0,2
2323300047001,TA,4321.47,0.0,6
2323300048001,TA,1658.85,0.0,3
2323300050001,TA,6037.75,0.0,8
2323300051001,TA,2993.32,0.0,4
2323300052001,TA,3676.81,0.0,9
2323300053001,TA,21680.98,0.0,32
2323300054001,TA,2982.88,0.0,6
2323300055001,TA,6394.0,0.0,11
2323300056001,TA,5982.71,0.0,10
2323300057001,TA,3353.62,0.0,6
2323300058001,TA,2805.11,0.0,4
2323300059001,TA,1331.69,0.0,2
2323300060001,TA,4259.16,0.0,7
2323300061001,TA,786.01,0.0,2
2323300064001,TA,3037.4,0.0,5
2323300067001,TA,2148.34,0.0,3
2323300068001,TA,1579.34,0.0,3
2323300069001,TA,2504.73,0.0,4
2323300070001,TA,2457.55,0.0,3
2323300071001,TA,3192.72,0.0,6
2323300072001,TA,6791.64,0.0,10
2323300073001,TA,5519.36,0.0,8
2323300074001,TA,6580.49,0.0,11
2323300076001,TA,4570.77,0.0,7
2323300077001,TA,2769.12,0.0,6
2323300078001,TA,16188.18,0.0,28
2323300081001,TA,6861.69,0.0,10
2323300082001,TA,2464.13,0.0,3
2323300084001,TA,872.55,0.0,1
2323300085001,TA,1042.46,0.0,2
2323300086001,TA,9000.45,0.0,14
2323300087001,TA,3618.93,0.0,6
2323300089001,TA,14551.49,0.0,22
2323300091001,TA,2750.85,0.0,5
2323300092001,TA,4591.63,0.0,6
2323300093001,TA,3368.17,0.0,6
2323300094001,TA,1244.65,0.0,2
2323300095001,TA,2495.55,0.0,4
2323300096001,TA,2686.84,0.0,4
2323300097001,TA,4312.88,0.0,7
2323300098001,TA,22487.57,0.0,36
2323300099001,TA,8580.19,0.0,13
2323300100001,TA,8654.65,0.0,13
2323300102001,TA,7818.77,0.0,12
2323300103001,TA,14468.04,0.0,25
2323300108001,TA,1257.03,0.0,2
2323300111001,TA,2827.0,0.0,4
2323300112001,TA,1496.16,0.0,3
2323300114001,TA,844.97,0.0,2
2323300116001,TA,1036.26,0.0,2
2323300118001,TA,1955.48,0.0,3
2323300119001,TA,1625.53,0.0,2
2323300120001,TA,16490.46,0.0,26
2323300121001,TA,17331.23,0.0,27
2323300123001,TA,3420.19,0.0,6
2323300125001,TA,884.6,0.0,1
2323300126001,TA,18484.35,0.0,29
2323300128001,TA,6415.92,0.0,11
2323300129001,TA,348.08,0.0,1
2323300131001,TA,6924.62,0.0,11
2323300132001,TA,2528.91,0.0,4
2323300133001,TA,2821.64,0.0,4
2323300135001,TA,8850.59,0.0,13
2323300136001,TA,1284.62,0.0,3
2323300141001,TA,1140.72,0.0,1
2323300142001,TA,2403.47,0.0,4
2323300143001,TA,1289.46,0.0,2
2323300144001,TA,2647.89,0.0,5
2323300144006,TA,1304.15,0.0,2
2323300144009,TA,1800.02,0.0,1
2323300145001,TA,34554.99,0.0,52
2323300146001,TA,7833.72,0.0,12
2323300149001,TA,6016.87,0.0,9
2323300150001,TA,3918.35,0.0,6
2323300151001,TA,7659.67,0.0,13
2323300152001,TA,20194.7,0.0,32
2323300153001,TA,5504.29,0.0,9
2323300154001,TA,5859.41,0.0,11
2323300155001,TA,2376.31,0.0,5
2323300156001,TA,992.8,0.0,1
2323300157001,TA,3534.52,0.0,6
2323300158001,TA,12509.19,0.0,18
2323300160001,TA,5913.36,0.0,10
2323300161003,TA,552.3,0.0,1
2323300165001,TA,470.44,0.0,1
2323300171001,TA,1671.76,0.0,2
2323300172001,TA,8375.14,0.0,13
2323300175001,TA,9673.76,0.0,14
2323300176001,TA,5359.56,0.0,8
2323300177001,TA,3012.65,0.0,6
2323300180001,TA,1730.51,0.0,4
2323300181001,TA,1059.81,0.0,1
2323300185001,TA,6765.71,0.0,12
2323300191001,TA,712.54,0.0,2
2323300192001,TA,984.06,0.0,2
2323300193001,TA,3254.08,0.0,5
2323300194001,TA,3713.59,0.0,5
2323300195001,TA,1478.15,0.0,2
2323300196001,TA,3694.7,0.0,5
2323300197001,TA,2754.47,0.0,5
2323300198001,TA,382.35,0.0,1
2323300199001,TA,2232.68,0.0,2
2323300200001,TA,4705.97,0.0,10
2323300202001,TA,1168.98,0.0,2
2323300203001,TA,6915.79,0.0,9
2323300204001,TA,3810.91,0.0,6
2323300205001,TA,9875.06,0.0,15
2323300206001,TA,1164.33,0.0,2
2323300207001,TA,4412.92,0.0,7
2323300207005,TA,3879.97,0.0,6
2323300208001,TA,1342.9,0.0,2
2323300210001,TA,13268.78,0.0,23
2323300211001,TA,1126.02,0.0,2
2323300213001,TA,899.36,0.0,2
2323300214001,TA,1339.74,0.0,2
2323300214003,TA,799.78,0.0,1
2323300218001,TA,2296.97,0.0,4
2323300219001,TA,1915.74,0.0,3
2323300220001,TA,1232.92,0.0,2
2323300221001,TA,3440.65,0.0,6
2323300235001,TA,10532.41,0.0,17
2323300237001,TA,1256.58,0.0,3
2323300242001,TA,3908.6,0.0,6
2323300249001,TA,462.34,0.0,1
2323300250001,TA,1290.45,0.0,2
2323300255001,TA,1292.35,0.0,2
2323300256001,TA,1540.19,0.0,2
2323300303001,TA,1553.73,0.0,3
2323300308001,TA,2839.86,0.0,5
2323300310001,TA,5676.93,0.0,6
2323300311001,TA,11343.83,0.0,19
2323300322001,TA,1667.15,0.0,3
2323400004001,TA,9683.6,0.0,15
2323400006001,TA,6976.33,0.0,11
2323400008001,TA,12939.85,0.0,21
2323400009001,TA,6307.48,0.0,11
2323400010001,TA,12098.49,0.0,20
2323400015001,TA,1443.41,0.0,3
2323400017001,TA,1094.63,0.0,2
2323400019001,TA,6205.82,0.0,9
2323400020001,TA,6267.6,0.0,12
2323400021001,TA,8188.69,0.0,13
2323400023002,TA,1448.37,0.0,2
2323400024001,TA,5758.14,0.0,9
2323400026001,TA,4203.01,0.0,7
2323400027001,TA,7479.34,0.0,13
2323400028001,TA,3523.29,0.0,5
2323400029001,TA,12125.21,0.0,20
2323400030001,TA,7041.57,0.0,10
2323400033001,TA,5679.19,0.0,8
2323400033002,TA,4431.2,0.0,7
2323400034001,TA,2874.73,0.0,4
2323400035001,TA,3133.46,0.0,6
2323400037001,TA,8607.85,0.0,14
2323400038001,TA,4747.92,0.0,7
2323400039001,TA,4984.2,0.0,8
2323400040001,TA,5803.3,0.0,10
2323400041001,TA,5892.42,0.0,9
2323400042001,TA,13030.48,0.0,21
2323400043001,TA,6694.63,0.0,11
2323400044001,TA,2573.01,0.0,3
2323400045001,TA,4408.4,0.0,7
2323400046001,TA,6684.79,0.0,10
2323400047001,TA,5347.43,0.0,9
2323400048001,TA,2532.48,0.0,5
2323400049001,TA,20633.44,0.0,33
2323400051001,TA,1113.14,0.0,1
2323400052001,TA,794.44,0.0,1
2323400053001,TA,841.25,0.0,2
2323400054003,TA,865.11,0.0,1
2323400057001,TA,5138.26,0.0,7
2323400058001,TA,8244.45,0.0,14
2323400059001,TA,3333.38,0.0,6
2323400060001,TA,19214.68,0.0,31
2323400061001,TA,4268.45,0.0,6
2323400062001,TA,986.16,0.0,1
2323400063001,TA,1941.68,0.0,1
2323400065001,TA,4890.99,0.0,8
2323400066001,TA,2511.26,0.0,4
2323400067001,TA,4978.36,0.0,7
2323400068001,TA,6444.49,0.0,11
2323400069001,TA,5866.53,0.0,10
2323400070001,TA,6515.4,0.0,8
2323400071001,TA,6807.88,0.0,10
2323400072001,TA,2757.1,0.0,5
2323400073001,TA,7262.74,0.0,14
2323400074001,TA,4720.83,0.0,6
2323400075001,TA,4553.35,0.0,9
2323400076001,TA,740.21,0.0,2
2323400078001,TA,10684.96,0.0,18
2323400080001,TA,1276.19,0.0,2
2323400081001,TA,3403.89,0.0,5
2323400083001,TA,21637.47,0.0,35
2323400083002,TA,4415.15,0.0,9
2323400084001,TA,2173.95,0.0,3
2323400086001,TA,6785.91,0.0,12
2323400087001,TA,9195.47,0.0,14
2323400088001,TA,251.62,0.0,1
2323400089001,TA,4292.52,0.0,5
2323400089002,TA,757.72,0.0,2
2323400090001,TA,2796.48,0.0,7
2323400091001,TA,3096.99,0.0,4
2323400092001,TA,3385.29,0.0,5
2323400094001,TA,5948.81,0.0,9
2323400094002,TA,1351.52,0.0,2
2323400095001,TA,8987.83,0.0,14
2323400096001,TA,80069.15,0.0,131
2323400098001,TA,3234.16,0.0,5
2323400099001,TA,5245.52,0.0,8
2323400100001,TA,2188.48,0.0,4
2323400101001,TA,4779.48,0.0,9
2323400102001,TA,2307.47,0.0,4
2323400103001,TA,5952.78,0.0,10
2323400104001,TA,3196.91,0.0,4
2323400105001,TA,5458.47,0.0,9
2323400106001,TA,11067.85,0.0,20
2323400109001,TA,2525.59,0.0,3
2323400110001,TA,4066.66,0.0,5
2323400110003,TA,1498.34,0.0,2
2323400111001,TA,10563.72,0.0,17
2323400113001,TA,4298.26,0.0,5
2323400114001,TA,9524.64,0.0,16
2323400115001,TA,5804.94,0.0,8
2323400116001,TA,2594.51,0.0,4
2323400117001,TA,1854.53,0.0,5
2323400120001,TA,5430.16,0.0,8
2323400121001,TA,6587.36,0.0,11
2323400123001,TA,3452.7,0.0,5
2323400124001,TA,1516.5,0.0,3
2323400125001,TA,896.01,0.0,1
2323400128002,TA,2744.14,0.0,4
2323400129001,TA,7695.11,0.0,14
2323400132001,TA,3674.19,0.0,4
2323400133001,TA,2223.97,0.0,3
2323400135001,TA,1016.89,0.0,2
2323400136001,TA,1396.69,0.0,2
2323400137001,TA,1241.77,0.0,2
2323400138001,TA,13661.11,0.0,23
2323400138003,TA,9410.45,0.0,15
2323400139001,TA,1819.12,0.0,2
2323400141001,TA,1843.17,0.0,4
2323400142001,TA,9109.55,0.0,13
2323400143001,TA,6497.77,0.0,12
2323400144001,TA,11240.72,0.0,17
2323400148001,TA,10750.12,0.0,18
2323400149001,TA,3990.33,0.0,7
2323400150001,TA,5434.31,0.0,6
2323400153001,TA,21029.13,0.0,35
2323400154001,TA,2679.79,0.0,4
2323400155001,TA,4049.99,0.0,7
2323400156001,TA,1798.41,0.0,4
2323400159001,TA,5205.15,0.0,8
2323400160001,TA,5212.86,0.0,9
2323400161001,TA,9409.61,0.0,16
2323400162001,TA,4152.75,0.0,7
2323400163001,TA,2594.67,0.0,5
2323400164001,TA,1697.44,0.0,4
2323400165001,TA,1748.35,0.0,1
2323400167001,TA,1413.37,0.0,2
2323400168001,TA,5118.04,0.0,8
2323400170004,TA,4388.88,0.0,7
2323400171001,TA,3667.96,0.0,6
2323400175001,TA,1111.92,0.0,3
2323400177001,TA,1244.88,0.0,2
2323400178001,TA,533.3,0.0,1
2323400179001,TA,752.97,0.0,2
2323400180001,TA,10296.09,0.0,17
2323400181001,TA,7286.43,0.0,11
2323400182001,TA,15642.59,0.0,27
2323400187001,TA,4411.47,0.0,8
2323400188001,TA,11040.88,0.0,20
2323400188002,TA,3541.21,0.0,5
2323400188003,TA,2869.43,0.0,3
2323400190001,TA,4590.37,0.0,7
2323400193001,TA,2265.37,0.0,4
2323400194001,TA,4019.06,0.0,7
2323400195001,TA,3683.09,0.0,4
2323400196001,TA,8071.04,0.0,15
2323400197001,TA,1076.92,0.0,2
2323400198001,TA,1442.36,0.0,2
2323400199001,TA,2367.94,0.0,4
2323400200001,TA,4800.39,0.0,8
2323400201001,TA,3815.14,0.0,6
2323400202001,TA,5737.89,0.0,9
2323400204001,TA,2073.36,0.0,3
2323400205001,TA,991.92,0.0,2
2323400208001,TA,2509.85,0.0,4
2323400209001,TA,522.73,0.0,1
2323400210001,TA,5289.57,0.0,9
2323400211001,TA,3891.68,0.0,6
2323400212001,TA,1966.59,0.0,3
2323400213001,TA,3764.93,0.0,6
2323400214001,TA,1325.23,0.0,2
2323400215001,TA,1286.04,0.0,1
2323400216001,TA,1107.64,0.0,2
2323400217001,TA,1665.93,0.0,2
2323400218001,TA,16574.79,0.0,29
2323400219001,TA,2348.98,0.0,3
2323400220001,TA,766.09,0.0,2
2323400221001,TA,25321.1,0.0,44
2323400222001,TA,135631.93,0.0,216
2323400223004,TA,16695.75,0.0,28
2323400224008,TA,681.21,0.0,2
2323400226001,TA,161691.93,1.9566929340362549,254
2323400226015,TA,1260.86,1.5,2
2323400226016,TA,1380.34,0.0,1
2323400226017,TA,428.85,2.0,1
2323400226018,TA,3465.53,0.4285714328289032,7
2323400228001,TA,6520.4,0.0,9
2323400231001,TA,6445.75,0.0,9
2323400231002,TA,5294.75,0.0,7
2323400232001,TA,20680.99,0.0,33
2323400233001,TA,5181.22,0.0,9
2323400234001,TA,5464.63,0.0,8
2323400235001,TA,7025.66,0.0,10
2323400236001,TA,2914.08,0.0,5
2323400237001,TA,2252.04,0.0,4
2323400238001,TA,7734.07,0.0,13
2323400239001,TA,4835.09,0.0,8
2323400240001,TA,3304.28,0.0,5
2323400241001,TA,2993.52,0.0,5
2323400242001,TA,9692.45,0.0,15
2323400243001,TA,4080.47,0.0,8
2323400244001,TA,2503.19,0.0,4
2323400245001,TA,15171.74,0.0,24
2323400246001,TA,2991.2,0.0,5
2323400247001,TA,3107.12,0.0,6
2323400248001,TA,7925.76,0.0,12
2323400249001,TA,4690.36,0.0,8
2323400250001,TA,17735.66,0.0,30
2323400250003,TA,4604.27,0.0,7
2323400253001,TA,2454.16,0.0,5
2323400254001,TA,4110.65,0.0,5
2323400258001,TA,6808.97,0.0,11
2323400259001,TA,1001.57,0.0,2
2323400260001,TA,5814.47,0.0,10
2323400263001,TA,6559.83,0.0,9
2323400263002,TA,7184.12,0.0,12
2323400263003,TA,6945.63,0.0,12
2323400264001,TA,16004.69,0.0,25
2323400268001,TA,2824.67,0.0,4
2323400269001,TA,6515.09,0.0,10
2323400270001,TA,1826.87,0.0,3
2323400271001,TA,2774.57,0.0,4
2323400273001,TA,22247.33,0.0,35
2323400274001,TA,5009.57,0.0,9
2323400275001,TA,8882.43,0.0,13
2323400276001,TA,4813.42,0.0,9
2323400277001,TA,5007.61,0.0,8
2323400278001,TA,927.06,0.0,2
2323400279001,TA,18996.17,0.0,27
2323400280001,TA,5424.19,0.0,12
2323400280002,TA,951.34,0.0,2
2323400281001,TA,2178.42,0.0,4
2323400281003,TA,330.24,0.0,1
2323400282001,TA,2721.56,0.0,4
2323400282004,TA,388.13,0.0,1
2323400283001,TA,3410.32,0.0,5
2323400283002,TA,1755.84,0.0,3
2323400284001,TA,3360.48,0.0,5
2323400285001,TA,4199.03,0.0,6
2323400286001,TA,4446.26,0.0,8
2323400286003,TA,485.72,0.0,1
2323400286004,TA,1847.43,0.0,2
2323400286007,TA,1489.41,0.0,3
2323400287001,TA,2726.24,0.0,4
2323400288001,TA,2776.63,0.0,4
2323400289001,TA,3357.43,0.0,4
2323400290001,TA,5262.87,0.0,10
2323400291001,TA,1345.31,0.0,1
2323400292001,TA,2352.75,0.0,4
2323400293001,TA,792.37,0.0,2
2323400294001,TA,4391.42,0.0,8
2323400295001,TA,9175.92,0.0,16
2323400297001,TA,5183.66,0.0,8
2323400298001,TA,6102.09,0.0,10
2323400298003,TA,5038.41,0.0,8
2323400299001,TA,2138.0,0.0,4
2323400300001,TA,3622.59,0.0,6
2323400301001,TA,12381.12,0.0,20
2323400302001,TA,8946.81,0.0,13
2323400303001,TA,2746.31,0.0,5
2323400304002,TA,2372.84,0.0,4
2323400304003,TA,8843.61,0.0,15
2323400305001,TA,9296.73,0.0,10
2323400306001,TA,4725.07,0.0,7
2323400307001,TA,9894.72,0.0,17
2323400308001,TA,8559.3,0.0,13
2323400309001,TA,4697.51,0.0,8
2323400310001,TA,2555.47,0.0,3
2323400311001,TA,1608.87,0.0,3
2323400312001,TA,2346.97,0.0,4
2323400321001,TA,7619.29,0.0,10
2323400322001,TA,631.75,0.0,1
2323400323001,TA,1885.58,0.0,2
2323400324001,TA,1508.0,0.0,2
2323400325001,TA,3153.26,0.0,7
2323400329001,TA,1068.58,0.0,2
2323400330001,TA,6288.01,0.0,10
2323400333001,TA,2793.1,0.0,3
2323400334001,TA,11384.26,0.0,17
2323400334003,TA,4637.07,0.0,9
2323400335001,TA,881.97,0.0,1
2323400336001,TA,12043.9,0.0,20
2323400337001,TA,8266.83,0.0,14
2323400338001,TA,998.78,0.0,2
2323400339001,TA,715.94,0.0,3
2323400342001,TA,4346.91,0.0,8
2323400347001,TA,2092.31,0.0,4
2323400348001,TA,4361.04,0.0,7
2323400350001,TA,5712.23,0.0,10
2323400351001,TA,46052.75,0.0,74
2323400352001,TA,6622.92,0.0,10
2323400353001,TA,6040.76,0.0,9
2323400354001,TA,11783.32,0.0,19
2323400354008,TA,1738.59,0.0,2
2323400355001,TA,2768.3,0.0,6
2323400356003,TA,1041.44,0.0,2
2323400357001,TA,13956.73,0.0,23
2323400365001,TA,645.16,0.0,2
2323400373001,TA,2022.59,0.0,2
2323400380001,TA,1476.15,0.0,3
2323400382001,TA,882.11,0.0,1
2323400386001,TA,714.33,0.0,2
2323400387001,TA,2156.07,0.0,2
2323400388001,TA,2130.43,0.0,4
2323400389001,TA,3249.03,0.0,5
2323400390001,TA,1372.08,0.0,4
2323400391001,TA,10549.2,0.0,17
2323400393001,TA,7930.74,0.0,13
2323400394001,TA,14555.4,0.0,24
2323400395001,TA,7981.81,0.0,12
2323400396001,TA,9658.56,0.0,13
2323400397001,TA,23917.0,0.0,41
2323400398001,TA,6834.21,0.0,11
2323400398003,TA,205.42,0.0,1
2323400399002,TA,28539.29,0.0,45
2323400400001,TA,10098.36,0.0,17
2323400400004,TA,397.19,0.0,1
2323400400005,TA,214.34,0.0,1
2323400401001,TA,45875.89,0.0,74
2323400402001,TA,23823.79,0.0,37
2323400404001,TA,2938.24,0.0,4
2323500002001,TA,4177.24,0.0,7
2323500005001,TA,12683.41,0.0,21
2323500010001,TA,2340.81,0.0,4
2323500013001,TA,2180.09,0.0,4
2323500015001,TA,2002.82,0.0,3
2323500016001,TA,11043.15,0.0,18
2323500017001,TA,589.24,0.0,1
2323500018001,TA,5265.46,0.0,9
2323500019001,TA,1020.1,0.0,2
2323500020001,TA,1018.4,0.0,1
2323500021001,TA,5814.0,0.0,9
2323500024001,TA,589.14,0.0,1
2323500026001,TA,4196.68,0.0,7
2323500027001,TA,2288.66,0.0,3
2323500028001,TA,2270.14,0.0,4
2323500029001,TA,10019.75,0.0,16
2323500030001,TA,1933.44,0.0,4
2323500034002,TA,347.25,0.0,1
2323500035001,TA,999.22,0.0,1
2323500036001,TA,1664.17,0.0,4
2323500037001,TA,5838.94,0.0,10
2323500040001,TA,3223.41,0.0,5
2323500042002,TA,850.46,0.0,1
2323500049001,TA,3773.08,0.0,7
2323500051001,TA,4818.15,0.0,7
2323500052001,TA,4075.12,0.0,7
2323500054001,TA,4929.78,0.0,8
2323500055001,TA,9214.48,0.0,16
2323500056001,TA,8506.41,0.0,13
2323500059001,TA,2531.24,0.0,3
2323500068001,TA,448.51,0.0,1
2323500070001,TA,452.92,0.0,1
2323500072001,TA,1663.82,0.0,2
2323500074001,TA,1234.96,0.0,2
2323500075001,TA,3739.18,0.0,7
2323500076001,TA,1286.8,0.0,2
2323500077001,TA,3452.06,0.0,5
2323500081001,TA,23159.47,0.0,38
2323500082001,TA,7934.29,0.0,14
2323500084001,TA,2565.88,0.0,5
2323500093001,TA,1088.85,0.0,2
2323500097001,TA,3378.37,0.0,4
2323500102001,TA,1401.94,0.0,2
2323500103001,TA,1097.22,0.0,1
2323500109001,TA,4589.82,0.0,6
2323500110001,TA,18598.55,0.0,31
2323500113001,TA,17399.47,0.0,28
2323500114001,TA,7740.39,0.0,13
2323500115001,TA,33970.04,0.0,53
2323500116001,TA,1235.41,0.0,3
2323500120001,TA,6919.69,0.0,11
2323500147001,TA,2868.73,0.0,6
2323500150001,TA,14261.56,0.0,23
2323500153001,TA,8771.28,0.0,14
2323500154001,TA,20592.92,0.0,33
2323500156001,TA,14621.8,0.0,24
2323500161001,TA,15583.75,0.0,25
2323500163002,TA,251.5,0.0,1
2323500165001,TA,5391.65,0.0,9
2323500166001,TA,2189.2,0.0,4
2323500169001,TA,13069.95,0.0,20
2323500172001,TA,2496.67,0.0,4
2323500173001,TA,3413.59,0.0,5
2323500176001,TA,3499.19,0.0,6
2323500177001,TA,3063.52,0.0,5
2323500183001,TA,2282.27,0.0,4
2323500184001,TA,3534.27,0.0,6
2323500186001,TA,14325.69,0.0,22
2323500187001,TA,300.72,0.0,1
2323500191001,TA,2204.61,0.0,3
2323500192001,TA,3286.11,0.0,5
2323500194001,TA,846.18,0.0,2
2323500195001,TA,1099.55,0.0,2
2323500197001,TA,2392.37,0.0,4
2323500199001,TA,10401.36,0.0,19
2323500200001,TA,2046.74,0.0,2
2323500201001,TA,1958.72,0.0,4
2323500205001,TA,1388.89,0.0,2
2323500207001,TA,4805.71,0.0,7
2323500208001,TA,521.69,0.0,2
2323500210001,TA,1077.63,0.0,1
2323500211001,TA,4482.26,0.0,8
2323500212001,TA,15847.17,0.0,27
2323500215001,TA,5377.96,0.0,7
2323500218001,TA,2252.29,0.0,4
2323500219001,TA,12806.33,0.0,21
2323500220001,TA,3664.33,0.0,6
2323500221001,TA,1047.43,0.0,3
2323500222001,TA,4076.6,0.0,6
2323500223001,TA,1875.68,0.0,3
2323500226001,TA,3711.76,0.0,7
2323500227001,TA,2504.6,0.0,4
2323500228001,TA,710.36,0.0,1
2323500229001,TA,1780.33,0.0,2
2323500230001,TA,3735.76,0.0,6
2323500231001,TA,8269.76,0.0,14
2323500235001,TA,5566.24,0.0,9
2323500237001,TA,39859.14,0.0,64
2323500238001,TA,4997.7,0.0,8
2323500239001,TA,6502.59,0.0,10
2323500239002,TA,491.21,0.0,1
2323500240001,TA,2212.65,0.0,5
2323500241001,TA,31208.14,0.0,53
2323500242001,TA,18683.78,0.0,27
2323500243001,TA,5903.67,0.0,11
2323500244001,TA,3572.11,0.0,4
2323500251001,TA,6561.75,0.0,9
2323500252001,TA,35373.85,0.0,54
2323500254001,TA,9640.53,0.0,16
2323500255001,TA,5973.0,0.0,9
2323500256001,TA,3217.08,0.0,6
2323500257001,TA,4557.65,0.0,6
2323500260001,TA,155535.67,0.0,250
2323500261001,TA,52805.61,0.0,87
2323500262001,TA,5487.22,0.0,9
2323500265002,TA,35457.35,0.0,57
2323500266002,TA,84049.97,0.0,131
2323500266006,TA,3248.45,0.0,4
2323500269001,TA,79695.06,3.9344263076782227,122
2323500271001,TA,80450.78,0.0,131
2323500272001,TA,57962.5,1.02173912525177,92
2323500273001,TA,116249.47,0.0,184
2323500274001,TA,62838.89,0.0,101
2323500276001,TA,14964.52,0.0,24
2323500277001,TA,76671.27,0.0,125
2323500278001,TA,106283.02,0.0,170
2323500279001,TA,6964.89,0.0,11
2323500280001,TA,14890.19,0.0,25
2323500281001,TA,8180.46,0.0,15
2323500282001,TA,11463.47,0.0,21
2323500286001,TA,48022.5,0.0,78
2323500287001,TA,6285.4,0.0,11
2323500291001,TA,11266.16,0.0,19
2323500293001,TA,5274.34,0.0,9
2323500297001,TA,3207.59,0.0,3
2323500299002,TA,398.79,0.0,1
2323500300001,TA,4961.49,0.0,8
2323500306001,TA,796.26,0.0,2
2323500307001,TA,11201.66,0.0,14
2323500308001,TA,1450.68,0.0,2
2323500310001,TA,1893.08,0.0,3
2323500311001,TA,8644.08,0.0,15
2323500312001,TA,2793.03,0.0,5
2323500314001,TA,8073.31,0.0,14
2323500317001,TA,15379.8,0.0,24
2323500318001,TA,6460.68,0.0,10
2323500320001,TA,17149.43,0.0,25
2323500322001,TA,2277.88,0.0,4
2323500331001,TA,724.94,0.0,1
2323500332001,TA,12856.93,0.0,20
2323500336001,TA,37677.52,0.0,58
2323500346001,TA,829.42,0.0,2
2323500348001,TA,378.43,0.0,1
2323500349001,TA,11953.12,0.0,18
2323500350001,TA,18405.33,0.0,29
2323500351001,TA,8368.79,0.0,14
2323500352001,TA,1786.92,0.0,3
2323600006001,TA,1709.03,0.0,4
2323600007001,TA,798.47,0.0,1
2323600008001,TA,1336.92,0.0,3
2323600011001,TA,1869.61,0.0,4
2323600012001,TA,3903.72,0.0,6
2323600013001,TA,40063.72,0.0,66
2323600015001,TA,5057.82,0.0,9
2323600016001,TA,7999.16,0.0,14
2323600017001,TA,11536.54,0.0,17
2323600019001,TA,1481.05,0.0,3
2323600020001,TA,1036.93,0.0,1
2323600022001,TA,2633.23,0.0,3
2323600023001,TA,3788.14,0.0,8
2323600024001,TA,1627.55,0.0,3
2323600025001,TA,1574.42,0.0,3
2323600026001,TA,1339.96,0.0,2
2323600027001,TA,2541.77,0.0,4
2323600028001,TA,1192.0,0.0,1
2323600029001,TA,848.01,0.0,1
2323600030003,TA,3245.75,0.0,6
2323600031001,TA,4093.52,0.0,5
2323600035001,TA,9429.63,0.0,17
2323600036001,TA,1097.03,0.0,3
2323600036004,TA,774.05,0.0,2
2323600037001,TA,4391.57,0.0,7
2323600038001,TA,2596.31,0.0,4
2323600041001,TA,4715.54,0.0,8
2323600042001,TA,10709.27,0.0,18
2323600043001,TA,4645.45,0.0,7
2323600044001,TA,5506.74,0.0,7
2323600045001,TA,10422.22,0.0,20
2323600046001,TA,10575.3,0.0,14
2323600047001,TA,5776.38,0.0,10
2323600048001,TA,5796.64,0.0,7
2323600049001,TA,811.74,0.0,2
2323600050001,TA,829.07,0.0,2
2323600051001,TA,344.91,0.0,1
2323600052001,TA,314.17,0.0,1
2323600053001,TA,2393.74,0.0,5
2323600054001,TA,1938.54,0.0,3
2323600055001,TA,2587.28,0.0,3
2323600056001,TA,10626.17,0.0,17
2323600057001,TA,2140.04,0.0,4
2323600062001,TA,6813.53,0.0,11
2323600063001,TA,2537.79,0.0,4
2323600064001,TA,3815.87,0.0,7
2323600065001,TA,6330.14,0.0,8
2323600066001,TA,3645.52,0.0,4
2323600067001,TA,3643.52,0.0,5
2323600068001,TA,2385.27,0.0,6
2323600070001,TA,4022.13,0.0,7
2323600071001,TA,1967.04,0.0,3
2323600072001,TA,3456.1,0.0,5
2323600073001,TA,11029.14,0.0,18
2323600073003,TA,143.81,0.0,1
2323600074001,TA,10304.18,0.0,14
2323600075004,TA,2516.03,0.0,4
2323600077001,TA,3634.03,0.0,6
2323600078001,TA,1654.97,0.0,3
2323600079001,TA,2740.59,0.0,4
2323600080001,TA,2782.07,0.0,5
2323600081001,TA,2141.0,0.0,4
2323600082001,TA,8044.9,0.0,13
2323600083001,TA,2946.45,0.0,4
2323600085001,TA,7371.73,0.0,13
2323600086001,TA,3271.02,0.0,5
2323600087001,TA,1383.6,0.0,3
2323600088001,TA,1611.27,0.0,2
2323600089001,TA,13339.93,0.0,22
2323600090001,TA,1233.62,0.0,2
2323600091001,TA,3069.24,0.0,5
2323600092001,TA,3697.33,0.0,5
2323600093001,TA,12890.27,0.0,22
2323600094001,TA,500.63,0.0,1
2323600099001,TA,5827.24,0.0,9
2323600103001,TA,2497.44,0.0,3
2323600106001,TA,1812.72,0.0,4
2323600107001,TA,5988.77,0.0,11
2323600108001,TA,2225.76,0.0,3
2323600109001,TA,4388.45,0.0,7
2323600110001,TA,3542.72,0.0,6
2323600111001,TA,3484.08,0.0,7
2323600112001,TA,9780.39,0.0,15
2323600113001,TA,5833.85,0.0,10
2323600114001,TA,1784.25,0.0,3
2323600115001,TA,1906.09,0.0,4
2323600116001,TA,2895.66,0.0,5
2323600117001,TA,12118.67,0.0,19
2323600118001,TA,16146.07,0.0,27
2323600122001,TA,12956.98,0.0,21
2323600126002,TA,2872.44,0.0,5
2323600128001,TA,1013.25,0.0,1
2323600132001,TA,6532.59,0.0,11
2323600133001,TA,12415.27,0.0,21
2323600134001,TA,1480.92,0.0,2
2323600135001,TA,1233.87,0.0,2
2323600139001,TA,6327.76,0.0,10
2323600142001,TA,4462.82,0.0,8
2323600143001,TA,835.33,0.0,2
2323600146001,TA,2619.39,0.0,5
2323600147001,TA,3029.86,0.0,5
2323600148001,TA,3134.5,0.0,6
2323600149001,TA,2032.94,0.0,3
2323600151001,TA,20597.16,0.0,33
2323600152001,TA,11560.65,0.0,16
2323600155001,TA,3907.13,0.0,6
2323600156001,TA,1415.06,0.0,2
2323600157001,TA,2360.03,0.0,4
2323600158001,TA,3882.7,0.0,6
2323600159001,TA,4741.43,0.0,7
2323600160001,TA,5423.39,0.0,8
2323600161001,TA,11355.97,0.0,17
2323600162001,TA,8696.18,0.0,13
2323600163001,TA,1173.72,0.0,2
2323600164001,TA,4193.21,0.0,8
2323600165001,TA,1819.38,0.0,2
2323600166001,TA,5194.7,0.0,8
2323600167001,TA,7266.85,0.0,12
2323600171001,TA,3266.22,0.0,6
2323600172001,TA,2675.19,0.0,5
2323600172003,TA,795.77,0.0,1
2323600173001,TA,2921.45,0.0,5
2323600174001,TA,3067.74,0.0,7
2323600175001,TA,3427.67,0.0,5
2323600176001,TA,18561.81,0.0,29
2323600177001,TA,22474.68,0.0,38
2323600179001,TA,5313.91,0.0,8
2323600181001,TA,4365.87,0.0,8
2323600182001,TA,3747.42,0.0,7
2323600183001,TA,3557.49,0.0,5
2323600184001,TA,3921.01,0.0,6
2323600185001,TA,1509.54,0.0,2
2323600186001,TA,5846.59,0.0,10
2323600187001,TA,9204.55,0.0,16
2323600188001,TA,8517.5,0.0,13
2323600189001,TA,417.31,0.0,1
2323600190001,TA,11766.12,0.0,21
2323600191001,TA,27973.99,0.0,45
2323600192001,TA,11914.11,0.0,19
2323600193001,TA,12725.23,0.0,20
2323600194001,TA,74695.73,0.0,120
2323600195001,TA,6481.43,0.0,10
2323600196001,TA,1993.2,0.0,4
2323600197001,TA,2127.38,0.0,3
2323600198001,TA,3723.33,0.0,6
2323600199001,TA,5059.73,0.0,8
2323600200001,TA,7832.57,0.0,11
2323600201001,TA,3372.02,0.0,4
2323600203001,TA,7441.43,0.0,11
2323600208001,TA,15534.23,0.0,27
2323600209001,TA,8607.97,0.0,13
2323600211001,TA,11303.22,0.0,16
2323600212001,TA,10976.15,0.0,17
2323600213001,TA,5651.18,0.0,10
2323600214001,TA,5820.75,0.0,9
2323600219001,TA,2947.65,0.0,4
2323600220001,TA,1902.71,0.0,3
2323600221001,TA,1726.4,0.0,3
2323600222003,TA,199.74,0.0,1
2323600223001,TA,2191.61,0.0,5
2323600224001,TA,4939.38,0.0,7
2323600225001,TA,4138.27,0.0,6
2323600229001,TA,8996.67,0.0,13
2323600230001,TA,3803.76,0.0,6
2323600231001,TA,4479.3,0.0,6
2323600232001,TA,4048.62,0.0,7
2323600233001,TA,7506.31,0.0,10
2323600235001,TA,11153.19,0.0,18
2323600236001,TA,25309.74,0.0,39
2323600237001,TA,2082.35,0.0,4
2323600238001,TA,3595.84,0.0,6
2323600239001,TA,3253.78,0.0,5
2323600240001,TA,4801.15,0.0,7
2323600241001,TA,2068.74,0.0,3
2323600243001,TA,4976.5,0.0,8
2323600245001,TA,13994.2,0.0,22
2323600246001,TA,3029.39,0.0,5
2323600247001,TA,2923.16,0.0,6
2323600247002,TA,1045.1,0.0,2
2323600248001,TA,14960.59,0.0,24
2323600249001,TA,9775.32,0.0,15
2323600250001,TA,11466.86,0.0,19
2323600252001,TA,19880.35,0.0,28
2323600253001,TA,8809.71,0.0,13
2323600253002,TA,8937.19,0.0,13
2323600254001,TA,21770.49,0.0,36
2323600256001,TA,83975.62,0.0,130
2323600257001,TA,2384.77,0.0,5
2323600258001,TA,84247.72,0.0,136
2323600259001,TA,19786.64,0.0,32
2323600263001,TA,6103.33,0.0,11
2323600264001,TA,5333.51,0.0,7
2323600265001,TA,3329.23,0.0,4
2323600268001,TA,4531.94,0.0,7
2323600269001,TA,4874.7,0.0,9
2323600271001,TA,2384.27,0.0,2
2323600272001,TA,15935.37,0.0,27
2323600273001,TA,10128.52,0.0,16
2323600280001,TA,1156.48,0.0,2
2323600282001,TA,927.55,0.0,1
2323600283001,TA,20306.91,0.0,33
2323600284001,TA,20894.12,0.0,32
2323600285001,TA,19296.19,0.0,30
2323600287001,TA,1093.79,0.0,1
2323600288001,TA,1509.09,0.0,3
2323600291001,TA,1840.92,0.0,2
2323600292001,TA,785.69,0.0,1
2323600294001,TA,4795.14,0.0,8
2323600300001,TA,6130.1,0.0,9
2323700006001,TA,4627.74,0.0,8
2323700007004,TA,737.28,0.0,1
2323700008001,TA,7505.52,0.0,12
2323700009001,TA,3769.18,0.0,7
2323700010001,TA,4896.51,0.0,5
2323700011001,TA,3328.35,0.0,9
2323700015001,TA,1692.2,0.0,3
2323700016001,TA,1732.45,0.0,3
2323700017001,TA,1540.72,0.0,2
2323700018001,TA,3547.7,0.0,6
2323700019001,TA,4952.62,0.0,8
2323700020001,TA,4625.17,0.0,8
2323700021001,TA,1967.93,0.0,4
2323700022001,TA,5266.71,0.0,9
2323700023001,TA,7616.33,0.0,11
2323700024001,TA,4607.89,0.0,8
2323700026001,TA,16786.85,0.0,29
2323700028001,TA,1417.2,0.0,3
2323700029001,TA,5786.46,0.0,8
2323700030001,TA,4529.18,0.0,8
2323700031001,TA,5361.77,0.0,8
2323700032001,TA,4644.02,0.0,8
2323700035001,TA,8976.74,0.0,16
2323700036001,TA,3014.73,0.0,2
2323700037001,TA,3345.95,0.0,6
2323700038001,TA,5639.29,0.0,8
2323700039001,TA,1999.42,0.0,4
2323700040001,TA,1287.59,0.0,1
2323700041001,TA,696.69,0.0,2
2323700043001,TA,3361.74,0.0,5
2323700044001,TA,21260.91,0.0,35
2323700045001,TA,2437.92,0.0,5
2323700047001,TA,12759.16,0.0,21
2323700048001,TA,20502.16,0.0,33
2323700049001,TA,5306.11,0.0,8
2323700050001,TA,19235.5,0.0,31
2323700051001,TA,8369.17,0.0,13
2323700052001,TA,3002.45,0.0,5
2323700053001,TA,3692.97,0.0,5
2323700054001,TA,1881.29,0.0,2
2323700055001,TA,3979.29,0.0,7
2323700056001,TA,14916.59,0.0,24
2323700057001,TA,6442.7,0.0,10
2323700058001,TA,8682.96,0.0,14
2323700060001,TA,22736.99,0.0,36
2323700063001,TA,10573.27,0.0,16
2323700065001,TA,10655.8,0.0,19
2323700066001,TA,16456.8,0.0,29
2323700067001,TA,3996.31,0.0,7
2323700068001,TA,12431.67,0.0,20
2323700069001,TA,7256.54,0.0,11
2323700070001,TA,4472.81,0.0,5
2323700071001,TA,6740.14,0.0,11
2323700072001,TA,1636.07,0.0,2
2323700073001,TA,1932.55,0.0,3
2323700074001,TA,7441.84,0.0,12
2323700075001,TA,6506.59,0.0,11
2323700076001,TA,4949.46,0.0,7
2323700077001,TA,4912.75,0.0,9
2323700078001,TA,31470.47,0.0,51
2323700079001,TA,14811.74,0.0,22
2323700080001,TA,2554.31,0.0,4
2323700081001,TA,12513.34,0.0,20
2323700082001,TA,11378.39,0.0,18
2323700082002,TA,3215.65,0.0,6
2323700083001,TA,9010.58,0.0,13
2323700084001,TA,11311.03,0.0,20
2323700085001,TA,33145.18,0.0,54
2323700085002,TA,7493.61,0.0,10
2323700085003,TA,16175.42,0.0,25
2323700086001,TA,4206.49,0.0,7
2323700086002,TA,3940.49,0.0,7
2323700087001,TA,18512.24,0.0,32
2323700089001,TA,26987.35,0.0,43
2323700089003,TA,23577.71,0.0,37
2323700090001,TA,8155.08,0.0,15
2323700091001,TA,7637.57,0.0,11
2323700092001,TA,2692.63,0.0,4
2323700093001,TA,4127.33,0.0,6
2323700095001,TA,16672.22,0.0,27
2323700096001,TA,1758.45,0.0,2
2323700097001,TA,3125.38,0.0,5
2323700098001,TA,7904.13,0.0,12
2323700099001,TA,1439.26,0.0,2
2323700100001,TA,1737.78,0.0,2
2323700101001,TA,1968.48,0.0,4
2323700102001,TA,3685.99,0.0,5
2323700103001,TA,2870.72,0.0,6
2323700104001,TA,4329.38,0.0,6
2323700105001,TA,1978.71,0.0,4
2323700106001,TA,1890.95,0.0,3
2323700107001,TA,7454.35,0.0,12
2323700108001,TA,8509.61,0.0,14
2323700109002,TA,223.19,0.0,1
2323700110001,TA,2188.99,0.0,3
2323700111001,TA,16335.7,0.0,22
2323700112001,TA,940.06,0.0,2
2323700113001,TA,2126.62,0.0,3
2323700114001,TA,3166.59,0.0,5
2323700115001,TA,8018.74,0.0,13
2323700117001,TA,1557.61,0.0,2
2323700118001,TA,1889.63,0.0,3
2323700119001,TA,1515.8,0.0,2
2323700121001,TA,1865.78,0.0,2
2323700123001,TA,5218.9,0.0,7
2323700124001,TA,6395.06,0.0,10
2323700125001,TA,4086.72,0.0,7
2323700130001,TA,5642.2,0.0,7
2323700130003,TA,428.76,0.0,1
2323700131001,TA,1829.86,0.0,3
2323700135001,TA,1298.4,0.0,3
2323700136001,TA,2846.21,0.0,3
2323700138001,TA,2730.98,0.0,2
2323700139001,TA,2535.19,0.0,5
2323700144001,TA,3965.37,0.0,6
2323700152001,TA,3618.39,0.0,6
2323700153001,TA,1591.17,0.0,2
2323700159001,TA,6253.23,0.0,9
2323700160001,TA,7380.03,0.0,11
2323700161001,TA,7996.99,0.0,12
2323700162001,TA,1186.26,0.0,1
2323700163001,TA,1119.69,0.0,2
2323700164001,TA,1093.68,0.0,2
2323700167001,TA,1242.86,0.0,2
2323700168001,TA,607.5,0.0,1
2323700169001,TA,6101.65,0.0,10
2323700170001,TA,17487.44,0.0,28
2323700171001,TA,3932.27,0.0,6
2323700172001,TA,4749.01,0.0,8
2323700174001,TA,3589.32,0.0,5
2323700177001,TA,3463.32,0.0,5
2323700178001,TA,4881.21,0.0,9
2323700179001,TA,1413.06,0.0,3
2323700180001,TA,3443.89,0.0,4
2323700181001,TA,36169.21,0.0,59
2323700182001,TA,5624.27,0.0,9
2323700184001,TA,2842.02,0.0,5
2323700185001,TA,3027.57,0.0,4
2323700186001,TA,3179.24,0.0,5
2323700188001,TA,4006.8,0.0,6
2323700191001,TA,1994.22,0.0,4
2323700192001,TA,12220.57,0.0,19
2323700193001,TA,10585.59,0.0,18
2323700195001,TA,10003.28,0.0,17
2323700196001,TA,3028.17,0.0,4
2323700197001,TA,5432.8,0.0,9
2323700198001,TA,5419.01,0.0,8
2323700199001,TA,2632.32,0.0,4
2323700200001,TA,3633.44,0.0,5
2323700201001,TA,7583.63,0.0,12
2323700203001,TA,10296.34,0.0,17
2323700204001,TA,4587.68,0.0,8
2323700205001,TA,5220.26,0.0,8
2323700207001,TA,26104.01,0.0,42
2323700208001,TA,878.47,0.0,1
2323700209001,TA,3744.64,0.0,6
2323700210001,TA,3491.64,0.0,7
2323700211003,TA,2731.84,0.0,3
2323700212001,TA,5878.45,0.0,9
2323700213001,TA,9988.38,0.0,17
2323700214001,TA,10897.79,0.0,18
2323700215001,TA,3078.29,0.0,6
2323700220001,TA,2659.0,0.0,4
2323700220002,TA,1712.67,0.0,3
2323700221001,TA,6353.77,0.0,11
2323700222001,TA,2625.93,0.0,5
2323700223001,TA,2821.7,0.0,5
2323700231001,TA,2025.99,0.0,3
2323700232001,TA,3120.24,0.0,6
2323700233001,TA,3829.7,0.0,5
2323700238001,TA,637.7,0.0,1
2323700239001,TA,9324.5,0.0,16
2323700241001,TA,6040.64,0.0,10
2323700244001,TA,290.25,0.0,1
2323700248001,TA,3169.49,0.0,6
2323700251001,TA,7532.44,0.0,14
2323700253001,TA,6450.09,0.0,10
2323700254001,TA,2288.83,0.0,4
2323700256001,TA,11830.88,0.0,17
2323700261001,TA,7850.31,0.0,13
2323700262001,TA,4689.46,0.0,8
2323700263001,TA,9363.1,0.0,14
2323700264001,TA,1578.24,0.0,3
2323700265001,TA,5664.25,0.0,8
2323700267001,TA,3063.77,0.0,5
2323700268001,TA,1609.44,0.0,3
2323700269001,TA,5166.96,0.0,10
2323700270001,TA,3049.34,0.0,4
2323700271001,TA,3646.79,0.0,6
2323700272001,TA,4937.64,0.0,8
2323700273001,TA,7381.02,0.0,12
2323700277001,TA,6072.01,0.0,10
2323700277003,TA,2382.89,0.0,4
2323700279001,TA,3281.89,0.0,6
2323700280001,TA,1119.03,0.0,2
2323700281001,TA,945.04,0.0,1
2323700283001,TA,3479.17,0.0,5
2323700286001,TA,1757.47,0.0,3
2323700288001,TA,3152.29,0.0,4
2323700289001,TA,2558.95,0.0,3
2323700290001,TA,1924.22,0.0,3
2323700292001,TA,1207.45,0.0,2
2323700293001,TA,1252.91,0.0,3
2323700294001,TA,2246.99,0.0,3
2323700295001,TA,5003.48,0.0,9
2323700296001,TA,10584.05,0.0,17
2323700296002,TA,2803.59,0.0,5
2323700296003,TA,1506.66,0.0,2
2323700296004,TA,3618.93,0.0,6
2323700297001,TA,2174.62,0.0,2
2323700297002,TA,1773.0,0.0,4
2323700298001,TA,15960.23,0.0,24
2323700299001,TA,5340.16,0.0,9
2323700300001,TA,7132.14,0.0,13
2323700301001,TA,7769.92,0.0,9
2323700302001,TA,1478.75,0.0,2
2323700303001,TA,8436.95,0.0,12
2323700303003,TA,673.04,0.0,1
2323700304001,TA,2661.05,0.0,4
2323700304002,TA,3023.86,0.0,4
2323700304003,TA,1856.08,0.0,4
2323700305001,TA,2949.43,0.0,3
2323700306001,TA,14194.99,0.0,24
2323700307001,TA,2899.92,0.0,5
2323700309001,TA,7204.7,0.0,12
2323700310001,TA,9896.01,0.0,16
2323700312001,TA,2177.86,0.0,4
2323700313001,TA,878.64,0.0,2
2323700314001,TA,635.63,0.0,1
2323700315001,TA,579.74,0.0,1
2323700316001,TA,1179.12,0.0,2
2323700317001,TA,5374.15,0.0,9
2323700318001,TA,3455.83,0.0,5
2323700319001,TA,3390.09,0.0,6
2323700320001,TA,1566.01,0.0,2
2323700322001,TA,1709.31,0.0,3
2323700323001,TA,5212.37,0.0,9
2323700325001,TA,5314.67,0.0,8
2323700325002,TA,3449.63,0.0,7
2323700326001,TA,4532.06,0.0,7
2323700327001,TA,4647.47,0.0,7
2323700328001,TA,5338.72,0.0,9
2323700329001,TA,12732.14,0.0,21
2323700330001,TA,3349.78,0.0,6
2323700332001,TA,1167.48,0.0,2
2323700333001,TA,2425.84,0.0,5
2323700333002,TA,723.47,0.0,1
2323700334001,TA,25130.84,0.0,41
2323700334002,TA,3278.9,0.0,6
2323700335001,TA,11012.34,0.0,18
2323700336001,TA,7819.31,0.0,12
2323700337001,TA,4494.86,0.0,7
2323700338001,TA,1571.45,0.0,2
2323700338003,TA,1740.26,0.0,3
2323700339001,TA,4656.99,0.0,6
2323700340001,TA,11363.63,0.0,19
2323700342001,TA,2980.72,0.0,3
2323700343001,TA,6335.58,0.0,6
2323700344001,TA,4468.58,0.0,9
2323700345001,TA,3679.49,0.0,5
2323700346001,TA,3893.64,0.0,5
2323700347001,TA,7664.5,0.0,5
2323700347002,TA,626.82,0.0,1
2323700349001,TA,1632.72,0.0,3
2323700350001,TA,27748.65,0.0,43
2323700351003,TA,1891.54,0.0,4
2323700352001,TA,2835.94,0.0,4
2323700353002,TA,1709.73,0.0,4
2323700354001,TA,1632.19,0.0,3
2323700355001,TA,1868.9,0.0,3
2323700356001,TA,1424.66,0.0,2
2323700356003,TA,2010.83,0.0,3
2323700356005,TA,939.94,0.0,2
2323700357006,TA,2163.12,0.0,5
2323700359001,TA,10263.04,0.0,17
2323700371001,TA,3003.0,0.0,4
2323700372001,TA,8171.58,0.0,14
2323700373001,TA,5637.29,0.0,10
2323700374001,TA,1150.68,0.0,2
2323700375001,TA,3397.24,0.0,5
2323700381001,TA,6836.27,0.0,12
2323700382001,TA,3691.45,0.0,5
2323700390001,TA,4304.39,0.0,7
2323700391001,TA,11015.54,0.0,18
2323700392001,TA,3514.62,0.0,6
2323700393001,TA,3258.62,0.0,5
2323700394001,TA,2629.75,0.0,4
2323700395001,TA,12005.46,0.0,18
2323700395002,TA,2651.03,0.0,4
2323700397001,TA,2036.65,0.0,4
2323700398001,TA,3703.36,0.0,7
2323700399001,TA,6397.66,0.0,12
2323700400001,TA,6843.54,0.0,12
2323700402001,TA,1280.69,0.0,2
2323700403001,TA,1043.95,0.0,1
2323700406001,TA,1102.64,0.0,2
2323700415001,TA,2435.77,0.0,4
2323700416001,TA,21165.6,0.0,34
2323700417001,TA,5033.66,0.0,8
2323700418001,TA,4705.9,0.0,7
2323700419001,TA,2491.57,0.0,5
2323700420001,TA,8148.92,0.0,10
2323700421001,TA,6985.84,0.0,11
2323700422001,TA,7566.52,0.0,14
2323700424001,TA,5824.14,0.0,10
2323700425001,TA,2120.83,0.0,3
2323700428001,TA,601.22,0.0,1
2323700429001,TA,2249.84,0.0,3
2323700430001,TA,1260.18,0.0,1
2323700430002,TA,157.96,0.0,1
2323700431001,TA,498.68,0.0,1
2323700431004,TA,481.97,0.0,1
2323700432001,TA,2248.57,0.0,3
2323700433001,TA,401.1,0.0,1
2323700434001,TA,6399.39,0.0,11
2323700435001,TA,16311.38,0.0,26
2323700441001,TA,7036.8,0.0,11
2323700445001,TA,5281.38,0.0,8
2323700446001,TA,3646.79,0.0,7
2323700448001,TA,17412.99,0.0,26
2323700448002,TA,2088.2,0.0,3
2323700449001,TA,4777.26,0.0,8
2323700450001,TA,3328.52,0.0,6
2323700451001,TA,3701.22,0.0,6
2323700452001,TA,3272.79,0.0,5
2323700456001,TA,2027.58,0.0,2
2323700457001,TA,1610.85,0.0,3
2323700458001,TA,1108.43,0.0,2
2323700459001,TA,1008.62,0.0,2
2323700460001,TA,1045.81,0.0,2
2323700461001,TA,3202.25,0.0,3
2323700462001,TA,1321.47,0.0,2
2323700463001,TA,1142.18,0.0,1
2323700464001,TA,969.76,0.0,2
2323700465001,TA,31153.99,0.0,48
2323700465002,TA,11465.81,0.0,16
2323700471001,TA,853.55,0.0,1
2323700472001,TA,2106.2,0.0,4
2323700473001,TA,2311.34,0.0,4
2323700475001,TA,6419.03,0.0,13
2323700480001,TA,1285.98,0.0,3
2323700481001,TA,2019.55,0.0,5
2323700483001,TA,855.64,0.0,1
2323700484004,TA,1866.56,0.0,5
2323700485001,TA,6979.53,0.0,12
2323700489001,TA,2362.12,0.0,5
2323700491001,TA,730.3,0.0,1
2323700492001,TA,700.93,0.0,1
2323700493001,TA,1086.5,0.0,3
2323700495001,TA,1513.88,0.0,2
2323700496001,TA,4088.11,0.0,6
2323700497001,TA,5589.84,0.0,9
2323700498001,TA,1661.31,0.0,2
2323700499001,TA,1550.42,0.0,3
2323700502001,TA,4312.11,0.0,7
2323700503001,TA,902.38,0.0,2
2323700504001,TA,809.75,0.0,1
2323700505001,TA,804.19,0.0,2
2323700506001,TA,1092.33,0.0,1
2323700507001,TA,802.29,0.0,1
2323700508001,TA,851.31,0.0,2
2323700509001,TA,1251.99,0.0,2
2323700511001,TA,778.3,0.0,2
2323700513001,TA,10063.47,0.0,17
2323700514001,TA,4268.14,0.0,7
2323700515001,TA,6149.69,0.0,10
2323700516001,TA,3997.05,0.0,7
2323700517001,TA,1154.02,0.0,1
2323700519001,TA,3009.79,0.0,5
2323700520001,TA,24833.4,0.0,40
2323700521001,TA,5220.98,0.0,8
2323700522001,TA,2698.27,0.0,4
2323700523001,TA,2987.87,0.0,5
2323700526001,TA,917.31,0.0,1
2323700526003,TA,360.79,0.0,1
2323700527001,TA,6085.48,0.0,10
2323700533001,TA,5831.19,0.0,10
2323700534001,TA,9577.36,0.0,16
2323700535001,TA,8349.16,0.0,15
2323700536001,TA,1047.25,0.0,1
2323700539001,TA,73046.66,0.0,116
2323700540001,TA,19710.13,0.0,31
2323700541001,TA,900.47,0.0,2
2323700542001,TA,1041.72,0.0,1
2323700542003,TA,1648.07,0.0,3
2323700543001,TA,3057.31,0.0,6
2323700544001,TA,4179.87,0.0,8
2323700546001,TA,3666.57,0.0,5
2323700547001,TA,4885.77,0.0,8
2323700550001,TA,1486.59,0.0,2
2323700553001,TA,1293.48,0.0,3
2323700554001,TA,13094.06,0.0,19
2323700554003,PS,664.29,0.0,1
2323700555001,TA,3728.39,0.0,6
2323700558001,TA,134.08,0.0,1
2323700559001,TA,8290.48,0.0,14
2323700564001,TA,304.61,0.0,1
2323700568001,TA,4708.1,0.0,7
2323700574001,TA,2155.02,0.0,1
2323700581001,TA,3242.13,0.0,5
2323700583001,TA,3180.84,0.0,7
2323700584001,TA,2724.78,0.0,4
2323700585001,TA,613.84,0.0,1
2323700586001,TA,567.97,0.0,1
2323700587001,TA,740.36,0.0,2
2323700588001,TA,788.84,0.0,1
2323700594001,TA,2271.16,0.0,4
2323700595001,TA,1567.54,0.0,2
2323700596001,TA,681.7,0.0,1
2323700599001,TA,236.82,0.0,1
2323700600001,TA,2073.18,0.0,2
2323700601001,TA,2855.36,0.0,5
2323700602001,TA,2773.87,0.0,3
2323700603001,TA,1870.48,0.0,3
2323700604001,TA,14643.72,0.0,24
2323700605001,TA,3214.94,0.0,4
2323700606001,TA,3214.98,0.0,5
2323700607001,TA,2648.6,0.0,5
2323700608001,TA,3051.34,0.0,4
2323700610001,TA,2632.94,0.0,5
2323700611001,TA,1499.16,0.0,2
2323700614001,TA,2244.43,0.0,3
2323700615001,TA,798.24,0.0,1
2323700646001,TA,6779.49,0.0,10
2323700647001,TA,2572.9,0.0,3
2323700659001,TA,8264.22,0.0,14
2323700660001,TA,50064.08,0.0,79
2323700674001,TA,2395.88,0.0,4
2323700675001,TA,3658.56,0.0,6
2323700677001,TA,3618.56,0.0,8
2323700678001,TA,12039.7,0.0,19
2323700678002,TA,7227.44,0.0,13
2323800102001,TA,9392.43,0.0,16
2323800103001,TA,70685.91,0.0,112
2323800104001,TA,5742.67,0.0,9
2323800105001,TA,51941.73,0.0,84
2323800106001,TA,24682.2,0.0,42
2323800228001,TA,6321.26,0.0,10
2323800257001,TA,46458.68,0.0533333346247673,75
2323800262001,TA,4539.51,3.3333332538604736,9
2323800262002,TA,2825.54,0.4000000059604645,5
2323800262005,TA,2612.31,1.8333333730697632,6
2323800262006,TA,2079.41,3.5,4
2323800262008,TA,5930.7,2.444444417953491,9
2323800262009,TA,572.93,4.0,1
2323800265001,TA,22808.46,0.05263157933950424,38
2323800265002,TA,2597.75,0.0,5
2323800266001,TA,6267.17,1.4444444179534912,9
2323800268001,TA,6004.81,0.2222222238779068,9
2323800268002,TA,1657.43,0.0,2
2323800268004,TA,5128.52,0.6666666865348816,9
2323800269001,TA,16124.61,2.0799999237060547,25
2323800269003,TA,9706.53,1.9333332777023315,15
2323900045001,TA,5177.99,0.0,8
2323900046001,TA,17539.87,0.0,30
2323900047001,TA,92316.32,0.1879194676876068,149
2323900048001,TA,4187.52,0.0,5
2323900049001,TA,8906.0,0.0,14
2323900050001,TA,7942.56,0.0,14
2323900051001,TA,73181.61,0.17391304671764374,115
2323900053001,TA,5872.77,2.0,7
2323900054001,TA,14394.14,1.2799999713897705,25
2323900055001,TA,15343.44,1.5833333730697632,24
2323900056001,TA,16894.65,2.0,30
2323900057001,TA,8901.72,2.0,13
2323900058001,TA,27847.0,2.0,42
2323900059001,TA,20755.89,2.058823585510254,34
2323900060001,TA,62165.63,1.8958333730697632,96
2323900061001,TA,12571.14,3.047619104385376,21
2323900065001,TA,11859.26,0.0,19
2323900066001,TA,20703.27,0.0,32
2323900067001,TA,2533.81,0.0,4
2323900069001,TA,12860.38,0.0,21
2323900070001,TA,37096.47,0.0,59
2323900071001,TA,20269.45,0.0,32
2323900072001,TA,7056.12,0.0,12
2323900074001,TA,3592.71,2.0,6
2323900076001,TA,79836.33,2.724409341812134,127
2323900077001,TA,12190.33,0.0,21
2323900078001,TA,13912.89,0.0,22
2323900080001,TA,27640.67,0.0,43
2323900081001,TA,21289.89,0.3636363744735718,33
2323900082002,TA,1858.82,2.5,4
2323900083001,TA,19967.88,1.2941176891326904,34
2323900084001,TA,9628.14,2.875,16
2323900085001,TA,2661.34,3.5999999046325684,5
2323900086001,TA,11978.58,2.4210526943206787,19
2323900087001,TA,25273.7,2.1500000953674316,40
2323900088001,TA,38300.58,2.5573770999908447,61
2323900089001,TA,6755.94,2.1818182468414307,11
2323900090001,TA,15323.94,1.7692307233810425,26
2323900092001,TA,41967.67,1.0144927501678467,69
2323900093001,TA,5329.95,0.0,9
2323900094001,TA,39642.83,0.06451612710952759,62
2323900095001,TA,7373.4,0.3333333432674408,9
2323900096001,TA,9371.19,1.600000023841858,15
2323900098001,TA,8688.66,0.0,13
2323900098003,TA,1048.05,0.0,3
2323900100001,TA,70912.74,0.0,112
2323900100005,TA,7500.1,0.0,13
2323900100006,TA,4783.39,0.0,7
2323900101001,TA,20191.23,0.0,33
2323900102001,TA,25278.48,0.0,39
2323900103001,TA,5711.73,0.0,10
2323900104001,TA,36041.36,0.0,58
2323900105001,TA,32711.05,0.07692307978868484,52
2323900106001,TA,6866.73,3.454545497894287,11
2323900107001,TA,8245.81,0.4615384638309479,13
2323900108004,TA,54666.64,0.6813187003135681,91
2323900109001,TA,18932.39,0.0,30
2323900111001,TA,20675.26,1.1875,32
2323900112001,TA,5017.61,1.0,8
2323900113001,TA,5390.23,1.375,8
2323900113002,TA,2974.29,0.75,4
2323900114001,TA,67475.94,1.0181818008422852,110
2323900115001,TA,79040.25,0.0,127
2323900116001,TA,4809.63,0.0,8
2323900117001,TA,19445.17,1.3103448152542114,29
2323900118001,TA,43662.07,2.2957746982574463,71
2323900119001,TA,10053.77,1.5,14
2323900120001,TA,18020.4,3.0,28
2323900121001,TA,25303.16,2.454545497894287,44
2323900122001,TA,3299.59,2.0,4
2323900123001,TA,13379.21,3.6190476417541504,21
2323900124001,TA,9434.11,3.066666603088379,15
2323900125001,TA,2598.6,4.0,4
2323900126001,TA,17214.06,2.814814805984497,27
2323900130001,TA,17931.56,2.344827651977539,29
2323900131003,TA,956.23,4.0,2
2323900132001,TA,34923.21,3.090909004211426,55
2323900133001,TA,12221.6,1.5909091234207153,22
2323900135001,TA,34519.72,0.4000000059604645,55
2323900136001,TA,19989.35,1.862069010734558,29
2323900136002,TA,2259.74,3.5,4
2323900137001,TA,48054.95,0.40506330132484436,79
2323900138001,TA,17072.61,0.0,24
2323900139001,TA,14507.5,0.0,25
2323900141001,TA,4283.83,2.3333332538604736,6
2323900142001,TA,6545.23,3.5,12
2323900143001,TA,6188.57,3.75,8
2323900144001,TA,5602.83,0.0,8
2323900145001,TA,84392.64,0.24637681245803833,138
2323900147001,TA,17381.07,0.8148148059844971,27
2323900148001,TA,12719.33,3.809523820877075,21
2323900149001,TA,9193.92,3.866666555404663,15
2323900150001,TA,63090.32,3.3235294818878174,102
2323900151001,TA,28579.08,2.1086957454681396,46
2323900152001,TA,21409.95,3.114285707473755,35
2323900153001,TA,22808.9,4.0,34
2323900154001,TA,22521.58,3.945945978164673,37
2323900155001,TA,22751.03,2.8888888359069824,36
2323900156001,TA,21511.29,3.151515245437622,33
2323900157001,TA,21516.81,3.7647058963775635,34
2323900158001,TA,22891.37,3.7837836742401123,37
2323900159001,TA,24593.55,3.846153736114502,39
2323900160001,TA,111773.8,3.299999952316284,180
2323900161001,TA,19282.25,2.9677419662475586,31
2323900162001,TA,44759.31,4.0,72
2323900163001,TA,17631.8,3.2142856121063232,28
2323900165001,TA,19300.47,3.696969747543335,33
2323900166001,TA,18151.34,3.5172414779663086,29
2323900167001,TA,8976.42,4.0,13
2323900168001,TA,7821.31,3.8333332538604736,12
2323900169001,TA,3887.95,4.0,7
2323900170001,TA,22007.82,4.0,36
2323900171001,TA,27765.65,3.82608699798584,46
2323900172001,TA,4491.43,4.0,6
2323900173001,TA,5559.55,2.6666667461395264,9
2323900174001,TA,89737.95,3.75,144
2323900175001,TA,18248.5,4.0,29
2323900176001,TA,35572.1,4.0,57
2323900177001,TA,141475.05,4.0,226
2323900178001,TA,894.33,4.0,1
2323900179001,TA,2214.42,4.0,4
2323900180001,TA,75565.2,3.9837398529052734,123
2323900181001,TA,8439.2,4.0,12
2323900182001,TA,61725.84,3.151515245437622,99
2323900183002,TA,2158.83,0.0,3
2323900184001,TA,8661.47,0.0,13
2323900185001,TA,5520.88,0.0,11
2323900186001,TA,4507.38,0.0,7
2323900187001,TA,1344.08,0.0,1
2323900188001,TA,74705.38,0.841269850730896,126
2323900189001,TA,7220.23,2.6666667461395264,12
2323900190001,TA,4488.68,4.0,8
2323900191001,TA,17496.95,2.620689630508423,29
2323900192001,TA,7838.09,4.0,13
2323900194001,TA,29413.9,1.2765957117080688,47
2323900195001,TA,27379.89,1.6585365533828735,41
2323900196001,TA,56561.96,0.0,91
2323900198001,TA,2020.76,0.0,3
2323900202001,TA,761.0,4.0,1
2323900204001,TA,1490.92,2.0,2
2323900205001,TA,8900.43,1.1428571939468384,14
2323900206001,TA,9370.67,0.3076923191547394,13
2323900207001,TA,2224.05,1.5,4
2323900208001,TA,19471.49,0.32258063554763794,31
2323900209001,TA,9222.13,0.0,15
2323900210001,TA,26419.21,0.4285714328289032,42
2323900210004,TA,5984.83,0.20000000298023224,10
2323900210012,TA,1094.91,4.0,2
2323900212001,TA,2345.64,0.0,3
2323900213001,TA,997.06,0.0,2
2324000032001,TA,1015.98,0.0,2
2324000033001,TA,6853.47,0.0,10
2324000034001,TA,47157.38,0.0,76
2324000035002,TA,24500.1,0.0,41
2324000036001,TA,29870.88,0.0,47
2324000037001,TA,29949.26,0.0,48
2324000038001,TA,14302.08,0.0,22
2324000039001,TA,13365.2,0.0,21
2324000040001,TA,10671.79,0.0,19
2324000043001,TA,28295.49,0.0,41
2324000044001,TA,2671.61,0.0,3
2324000051001,TA,15667.53,0.0,26
2324000052001,TA,35354.04,0.0,57
2324000053001,TA,24439.83,0.0,39
2324000054001,TA,21210.07,0.0,32
2324000055001,TA,68125.22,0.0,110
2324000056001,TA,5010.01,0.0,8
2324000058001,TA,7479.51,0.0,12
2324000060001,TA,20094.92,0.0,33
2324000061001,TA,33593.18,0.0,54
2324000062001,TA,22593.53,0.0,35
2324000063001,TA,20372.07,0.0,34
2324000064001,TA,41585.37,0.0,66
2324000065002,TA,19777.67,0.0,31
2324000066002,TA,20464.56,0.0,32
2324000068001,TA,15682.6,0.0,26
2324000069001,TA,57777.43,0.0,93
2324000070001,TA,24894.25,0.0,41
2324000071001,TA,11420.62,0.0,18
2324000073001,TA,21260.48,0.0,36
2324000074001,TA,44186.93,0.0,70
2324000075001,TA,45800.58,0.0,70
2324000076001,TA,3042.43,0.0,4
2324000077001,TA,87857.11,0.0,144
2324000078001,TA,90202.26,0.0,148
2324000079001,TA,18995.05,0.0,29
2324000080001,TA,16515.92,0.0,26
2324000081001,TA,21240.67,0.0,34
2324000082001,TA,8060.23,0.0,12
2324000083001,TA,25275.94,0.0,42
2324000084001,TA,27759.28,0.0,42
2324000085001,TA,23840.9,0.0,41
2324000086001,TA,25560.67,0.0,40
2324000087001,TA,15669.71,0.0,26
2324000089001,TA,11684.16,0.0,17
2324000090002,TA,16961.98,0.0,26
2324000091001,TA,7963.8,0.0,13
2324000093001,TA,37936.73,0.60317462682724,63
2324000094001,TA,7271.16,2.0,9
2324000095001,TA,7357.89,0.0,12
2324000096001,TA,12615.82,0.0,20
2324000096002,TA,14805.34,0.0,25
2324000097001,TA,12966.24,0.0,21
2324000097002,TA,12593.09,0.0,19
2324000098001,TA,7470.42,0.0,13
2324000098003,TA,4022.45,0.0,7
2324000099001,TA,7900.94,0.0,14
2324000099003,TA,1458.9,0.0,2
2324000099004,TA,1137.46,0.0,2
2324000100001,TA,20547.89,0.0,31
2324000100002,TA,5720.62,0.0,10
2324000100004,TA,116.45,0.0,1
2324000101001,TA,24021.13,0.0,38
2324000102001,TA,23907.29,0.0,38
2324000103001,TA,21799.3,0.0,35
2324000103002,TA,3917.8,0.0,6
2324000104001,TA,23051.37,0.0,36
2324000105001,TA,7695.71,0.0,13
2324000105002,TA,1726.69,0.0,2
2324000107001,TA,10893.7,0.0,15
2324000107003,TA,4270.0,0.0,8
2324000108001,TA,23845.12,0.0,41
2324000109001,TA,21431.54,0.0,34
2324000110002,TA,149.71,0.0,1
2324000111001,TA,18586.49,0.0,31
2324000112001,TA,18422.73,0.0,31
2324000113001,TA,17695.07,0.0,29
2324000114001,TA,12828.15,0.0,19
2324000115001,TA,34621.68,0.0,56
2324000116001,TA,7163.8,0.0,9
2324000117001,TA,30885.12,0.0,48
2324000118001,TA,17191.14,0.0,30
2324000118004,TA,14711.79,0.0,23
2324000120001,TA,10805.25,0.0,17
2324000121001,TA,5330.49,0.0,10
2324000123001,TA,18329.27,0.0,29
2324000124001,TA,13393.27,0.0,24
2324000125001,TA,3502.25,0.0,6
2324000126001,TA,34588.04,0.0,54
2324000127001,TA,5931.48,0.0,9
2324000128001,TA,11395.82,0.0,21
2324000130001,TA,7130.33,0.0,10
2324000133001,TA,10250.51,0.0,16
2324000135001,TA,49913.95,0.0,81
2324000136001,TA,27208.23,0.0,41
2324000137001,TA,2877.47,0.0,6
2324000138001,TA,5113.19,0.0,9
2324000139001,TA,2406.94,0.0,5
2324000142001,TA,8384.45,0.0,13
2324000143001,TA,17875.29,0.0,28
2324000144001,TA,52169.01,0.0,86
2324000145001,TA,14905.18,0.0,23
2324000146001,TA,14370.75,0.0,24
2324000147001,TA,8297.33,0.0,12
2324000148001,TA,37778.07,0.0,65
2324000149001,TA,1741.22,0.0,2
2324000151001,TA,20187.32,0.0,32
2324000152001,TA,2236.77,0.0,4
2324000153001,TA,28540.92,0.0,46
2324000154001,TA,15438.44,0.0,25
2324000155001,TA,41636.24,0.0,65
2324000156001,TA,22648.88,0.0,37
2324000157001,TA,22124.83,0.0,35
2324000158001,TA,52367.26,0.0,83
2324000159001,TA,27595.47,0.0,45
2324000160001,TA,23164.7,0.0,38
2324000161001,TA,22326.99,0.0,35
2324000162001,TA,26143.47,0.0,42
2324000164001,TA,19827.0,0.0,30
2324000165001,TA,47498.13,0.0,75
2324000166001,TA,47200.16,0.0,75
2324000167001,TA,21170.24,0.0,33
2324000168001,TA,44046.49,0.0,68
2324000169001,TA,23070.67,0.0,46
2324000170001,TA,54561.85,0.0,83
2324000172001,TA,26229.13,0.0,41
2324000173001,TA,22102.75,0.0,37
2324000175001,TA,23347.96,0.0,35
2324000176001,TA,22283.08,0.0,33
2324000177001,TA,67809.01,0.0,108
2324000181001,TA,15067.2,0.0,25
2324000184001,TA,73321.09,0.0,116
2324000185001,TA,101532.75,0.0,161
2324000186001,TA,88177.34,0.0,142
2324000187001,TA,34996.61,0.0,56
2324000188001,TA,24339.27,0.21052631735801697,38
2324000189001,TA,10554.28,0.3333333432674408,18
2324000190001,TA,43824.91,0.0,70
2324000190002,TA,2338.54,0.0,4
2324000191001,TA,108005.8,0.0,173
2324000192001,TA,110641.2,0.0,179
2324000194001,TA,73373.72,0.0,117
2324000195001,TA,44434.24,1.0285714864730835,70
2324000195002,TA,10822.96,0.8421052694320679,19
2324000195003,TA,9754.82,0.0,15
2324000196001,TA,12180.6,0.0,17
2324000197001,TA,6692.36,0.0,12
2324000198001,TA,15608.53,0.5,24
2324000200001,TA,17761.88,3.1111111640930176,27
2324000201001,TA,14750.35,3.5,24
2324000202001,TA,47611.64,2.65753436088562,73
2324000203001,TA,10942.09,3.6842105388641357,19
2324000204001,TA,2122.88,4.0,4
2324000205001,TA,3997.89,4.0,6
2324000207002,TA,662.04,0.0,1
2324000208001,TA,48742.91,0.07692307978868484,78
2324000209001,TA,38567.31,2.1290323734283447,62
2324000210001,TA,18689.53,2.066666603088379,30
2324000211001,TA,5051.24,2.0,7
2324000212001,TA,16348.26,3.7037036418914795,27
2324000213001,TA,56366.34,2.8910892009735107,101
2324000213005,TA,14055.16,2.090909004211426,22
2324000214001,TA,6928.36,2.0,11
2324000215001,TA,22798.94,2.055555582046509,36
2324000216001,TA,82239.47,3.762963056564331,135
2324000217001,TA,12350.13,2.545454502105713,22
2324000218001,TA,17339.45,3.7037036418914795,27
2324000219001,TA,16963.91,3.0370371341705322,27
2324000220001,TA,27861.26,2.7441861629486084,43
2324000221001,TA,958.05,2.0,1
2324000222001,TA,17928.14,3.8620688915252686,29
2324000223001,TA,9125.79,0.5714285969734192,14
2324000224001,TA,15031.5,1.39130437374115,23
2324000225001,TA,16804.65,0.0,29
2324000226001,TA,45311.38,0.0,73
2324000227001,TA,51229.76,0.0,80
2324000228001,TA,9806.86,0.0,16
2324000229002,TA,1239.06,0.0,2
2324000230001,TA,75917.02,0.0,121
2324000232001,TA,68754.79,0.0,112
2324000234001,TA,87471.37,0.0,139
2324000235001,TA,17512.56,0.0,27
2324000236001,TA,16170.76,0.0,28
2324000237001,TA,4241.51,0.0,7
2324000238001,TA,13802.95,2.3636362552642822,22
2324000239002,TA,838.53,2.0,2
2324000240001,TA,22798.5,0.0,36
2324000241001,TA,10313.69,0.0,16
2324000243001,TA,1790.24,0.0,4
2324000244001,TA,32416.99,0.0,50
2324000245001,TA,49281.93,0.0,79
2324100081001,TA,6509.67,0.0,12
2324100082001,TA,8155.85,0.0,14
2324100083002,TA,209.46,0.0,1
2324100084001,TA,39252.8,0.0,62
2324100085001,TA,14105.41,0.0,23
2324100087001,TA,30672.02,0.0,48
2324100087002,TA,2773.21,0.0,3
2324100088001,TA,17397.42,0.13793103396892548,29
2324100089001,TA,35256.63,0.6181818246841431,55
2324100090001,TA,15950.9,0.8148148059844971,27
2324100091001,TA,12256.47,1.3684210777282715,19
2324100100001,TA,8447.23,0.3076923191547394,13
2324100102002,TA,839.48,0.0,2
2324100103001,TA,17177.63,0.0,26
2324100104001,TA,11983.21,0.0,18
2324100105001,TA,21223.62,4.0,35
2324100106001,TA,72395.5,4.0,115
2324100109001,TA,17150.78,0.0,26
2324100110003,TA,158.85,0.0,1
2324100111001,TA,21130.78,0.3636363744735718,33
2324100112001,TA,30739.71,0.0,48
2324100113001,TA,29604.0,0.0,47
2324100114001,TA,16200.96,0.0,27
2324100115001,TA,30303.89,0.0,48
2324100116001,TA,15485.69,0.0,25
2324100117001,TA,27202.94,0.0,43
2324100118001,TA,13365.39,0.0,20
2324100119001,TA,19577.12,0.0,32
2324100120001,TA,27047.37,0.0,44
2324100121001,TA,41072.98,2.1818182468414307,66
2324100122001,TA,5818.62,4.0,9
2324100123001,TA,12834.18,4.0,20
2324100124001,TA,22554.17,3.8918919563293457,37
2324100125001,TA,13330.88,4.0,18
2324100126001,TA,16231.86,2.0370371341705322,27
2324100127001,TA,15760.11,2.319999933242798,25
2324100128001,TA,14945.52,2.4166667461395264,24
2324100129001,TA,9591.99,4.0,16
2324100130001,TA,11913.57,4.0,19
2324100131001,TA,45710.42,3.253333330154419,75
2324100132001,TA,3566.05,4.0,5
2324100133001,TA,69754.47,2.6306307315826416,111
2324100134001,TA,25077.13,3.809523820877075,42
2324100135001,TA,923.08,0.0,3
2324100137001,TA,16602.36,4.0,27
2324100138001,TA,12565.24,4.0,17
2324100139001,TA,13287.68,4.0,23
2324100140001,TA,19204.79,3.5999999046325684,30
2324100142001,TA,78883.67,0.0,125
2324100143001,TA,12655.89,0.0,20
2324100145004,TA,427.9,2.0,2
2324100146001,TA,24578.06,0.0,41
2324100147001,TA,36794.21,0.0,60
2324100148001,TA,11117.0,0.0,19
2324100149001,TA,9426.38,0.0,17
2324100150001,TA,58651.21,3.8105263710021973,95
2324100151001,TA,8148.86,4.0,13
2324100152001,TA,28853.78,0.0,48
2324100153001,TA,9069.44,0.0,13
2324100154002,TA,505.69,0.0,1
2324100155001,TA,24657.34,0.0,40
2324100157001,TA,38595.61,3.180327892303467,61
2324100158001,TA,21627.15,2.0,33
2324100159001,TA,4548.6,2.857142925262451,7
2324100160001,TA,22652.58,2.0810811519622803,37
2324100161001,TA,46678.99,2.5810811519622803,74
2324100162001,TA,22433.3,3.473684310913086,38
2324100163001,TA,33490.49,3.6078431606292725,51
2324100164001,TA,713.64,4.0,1
2324100165001,TA,22296.41,3.777777671813965,36
2324100166001,TA,24956.66,3.9000000953674316,40
2324100167001,TA,22174.27,3.3333332538604736,36
2324100168001,TA,10266.49,0.0,16
2324100169001,TA,46744.82,3.797297239303589,74
2324100170001,TA,12579.68,3.545454502105713,22
2324100171001,TA,19257.84,3.3333332538604736,30
2324100172001,TA,29802.18,3.3333332538604736,48
2324100173001,TA,2735.61,4.0,4
2324100174001,TA,69454.47,4.0,112
2324100176001,TA,21442.44,3.1578948497772217,38
2324100177001,TA,37915.93,4.0,61
2324100178001,TA,22820.9,3.8888888359069824,36
2324100179001,TA,60390.24,4.0,96
2324100180001,TA,21012.75,4.0,33
2324100181001,TA,34824.35,3.7142856121063232,56
2324100182001,TA,6291.91,1.0909091234207153,11
2324100183001,TA,8351.53,0.0,13
2324100184001,TA,9913.7,1.2941176891326904,17
2324100186001,TA,9711.72,0.25,16
2324100188001,TA,99842.55,3.9537572860717773,173
2324100189001,TA,8425.15,4.0,13
2324100190001,TA,18886.2,4.0,26
2324100191001,TA,4604.1,2.0,8
2324100192002,TA,199.69,0.0,1
2324100193001,TA,41651.27,3.107692241668701,65
2324100194001,TA,7726.12,4.0,14
2324100195002,TA,424.54,4.0,1
2324100196001,TA,2618.83,4.0,5
2324100197001,TA,26338.96,3.302325487136841,43
2324100198001,TA,5969.32,3.6363637447357178,11
2324100199002,TA,453.6,0.0,1
2324100200001,TA,4309.24,2.3333332538604736,6
2324100202001,TA,11042.97,0.0,15
2324100203001,TA,7390.2,1.0,11
2324100204001,TA,18763.66,2.3333332538604736,27
2324100205001,TA,21333.81,2.1764705181121826,34
2324100207001,TA,17445.13,0.1428571492433548,28
2324100209001,TA,27338.33,2.6086957454681396,46
2324100210001,TA,646.62,2.0,1
2324100211001,TA,16003.67,3.440000057220459,25
2324100212001,TA,16679.3,1.4074074029922485,27
2324100215001,TA,16406.62,3.8518519401550293,27
2324100216001,TA,30847.79,3.8333332538604736,48
2324100217001,TA,37023.44,2.7333333492279053,60
2324100218001,TA,53334.03,2.3809523582458496,84
2324100219001,TA,925.12,4.0,1
2324100220001,TA,31914.59,3.559999942779541,50
2324100221001,TA,14913.34,3.8333332538604736,24
2324100222001,TA,31287.1,3.880000114440918,50
2324100223001,TA,112489.09,3.910614490509033,179
2324100224001,TA,47899.21,2.50649356842041,77
2324100226001,TA,41890.26,2.220588207244873,68
2324100227001,TA,3769.55,3.6666667461395264,6
2324100228001,TA,1845.18,2.0,3
2324100229001,TA,41517.72,2.132352828979492,68
2324100230001,TA,44373.9,3.507042169570923,71
2324100231001,TA,21448.61,3.588235378265381,34
2324100232001,TA,22194.08,2.7058823108673096,34
2324100233001,TA,21472.01,4.0,35
2324100234001,TA,22400.93,4.0,36
2324100235001,TA,50048.94,3.0250000953674316,80
2324100236001,TA,4804.69,3.375,8
2324100237001,TA,18187.67,3.392857074737549,28
2324100238001,TA,2533.75,3.0,4
2324100239001,TA,21219.06,2.882352828979492,34
2324100240001,TA,3925.96,4.0,9
2324100241001,TA,9476.01,3.4285714626312256,14
2324100242001,TA,61111.31,3.875,96
2324100243001,TA,10240.96,4.0,14
2324100244001,TA,2695.52,4.0,5
2324100247001,TA,49846.4,2.430379629135132,79
2324100248001,TA,1302.84,2.0,1
2324100249001,TA,15542.97,1.7083333730697632,24
2324100250001,TA,56486.55,2.627659559249878,94
2324100251001,TA,31215.31,3.423076868057251,52
2324100254001,TA,43742.09,3.6111111640930176,72
2324100255001,TA,45669.83,3.1621620655059814,74
2324100256001,TA,27665.39,3.6888887882232666,45
2324100257001,TA,14418.73,3.5199999809265137,25
2324100258002,TA,423.91,4.0,1
2324100259001,TA,70277.38,3.25,120
2324100263001,TA,49445.46,0.0,81
2324100264001,TA,7904.04,0.0,9
2324100266001,TA,371.31,0.0,1
2324100267001,TA,66595.97,0.15094339847564697,106
2324100271001,TA,54636.24,0.043478261679410934,92
2324100272001,TA,2570.09,0.0,7
2324100275001,TA,33042.45,0.0,53
2324100277001,TA,5181.46,0.0,9
2324100279001,TA,4342.24,4.0,6
2324100280001,TA,20117.23,2.28125,32
2324100283001,TA,136165.37,2.801762104034424,227
2324100284002,TA,229.36,2.0,1
2324100287001,TA,9523.99,0.0,15
2324100289001,TA,8516.98,2.923076868057251,13
2324100291001,TA,7621.11,4.0,12
2324100297001,TA,35547.08,0.035087719559669495,57
2324100299007,TA,250.03,0.0,1
2324100300001,TA,54148.47,3.563218355178833,87
2324100302001,TA,3287.61,4.0,6
2324100303001,TA,19129.98,4.0,30
2324100304001,TA,4388.12,3.75,8
2324100305001,TA,28748.15,4.0,46
2324100312001,TA,30932.5,1.9199999570846558,50
2324100314001,TA,1277.03,0.0,2
2324100316001,TA,4619.39,0.0,7
2324100317001,TA,36771.8,3.0163934230804443,61
2324100318001,TA,13369.57,2.6363637447357178,22
2324100320001,TA,1048.42,2.0,2
2324100322001,TA,5748.81,1.25,8
2324100323001,TA,21979.75,2.60606050491333,33
2324100324001,TA,11756.36,0.0,20
2324100325001,TA,17152.56,0.7692307829856873,26
2324100325004,TA,308.25,0.0,1
2324100326002,TA,31850.61,2.6666667461395264,48
2324100327001,TA,2412.85,3.5,4
2324100330001,TA,26529.06,0.0,45
2324100330005,TA,17260.68,0.0,28
2324100330007,TA,2853.64,0.0,5
2324100330010,TA,3741.78,0.0,5
2324100334001,TA,13552.41,0.0,24
2324100335001,TA,2082.53,0.0,4
2324100336001,TA,50887.93,0.0,83
2324100337001,TA,1622.75,0.0,2
2324100338001,TA,3166.67,0.0,4
2324200062001,TA,3539.7,0.0,4
2324200064001,TA,13275.15,1.2857142686843872,21
2324200065001,TA,19627.14,2.0322580337524414,31
2324200066001,TA,7991.72,2.1666667461395264,12
2324200067001,TA,27946.16,0.8723404407501221,47
2324200083001,TA,2336.95,0.0,3
2324200085001,TA,11756.98,2.3157894611358643,19
2324200086001,TA,114228.95,2.494680881500244,188
2324200087003,TA,142.95,2.0,1
2324200089001,TA,35901.51,2.2142856121063232,56
2324200090001,TA,16157.39,2.0,25
2324200091001,TA,809.0,0.0,2
2324200092001,TA,449.61,2.0,1
2324200095001,TA,7171.19,2.0,13
2324200096001,TA,67470.92,1.4285714626312256,105
2324200097001,TA,57530.08,0.4680851101875305,94
2324200098001,TA,21058.76,2.1212120056152344,33
2324200099001,TA,98560.51,2.6163523197174072,159
2324200102001,TA,123078.85,2.4221105575561523,199
2324200103002,TA,620.28,3.0,2
2324200104001,TA,12514.28,0.30000001192092896,20
2324200105001,TA,15852.76,1.7599999904632568,25
2324200106001,TA,5304.78,2.0,8
2324200107001,TA,20416.47,2.40625,32
2324200109001,TA,7463.43,2.8333332538604736,12
2324200110001,TA,20673.57,3.8787879943847656,33
2324200177001,TA,17673.09,0.0,29
2324200178001,TA,12017.3,0.0,18
2324200179001,TA,19314.64,0.0,31
2324200180001,TA,34088.2,0.0,53
2324200181001,TA,7312.48,1.2307692766189575,13
2324200182001,TA,32106.76,0.9615384340286255,52
2324200183001,TA,8033.76,1.2857142686843872,14
2324200184001,TA,41588.98,2.0,65
2324200185001,TA,9752.49,2.0,16
2324200186001,TA,15179.23,2.0,24
2324200187001,TA,15732.68,1.9259259700775146,27
2324200188001,TA,4419.93,2.0,6
2324200189001,TA,21284.23,1.78125,32
2324200190001,TA,15614.62,2.0,26
2324200191001,TA,15619.22,2.0,25
2324200193001,TA,16893.97,1.9629629850387573,27
2324200194001,TA,64383.66,1.1089109182357788,101
2324200197001,TA,46060.67,0.7123287916183472,73
2324200199001,TA,9943.84,1.5555555820465088,18
2324200204001,TA,4030.54,0.5,6
2324200205001,TA,3655.92,1.0,6
2324200208001,TA,15177.51,1.56521737575531,23
2324200209001,TA,2070.17,4.0,4
2324200210001,TA,299760.1,1.1554192304611206,489
2324200211002,TA,890.3,2.0,1
2324200212001,TA,5574.72,1.7777777910232544,9
2324200213002,TA,511.73,0.0,2
2324200214001,TA,7258.95,0.0,12
2324200215001,TA,9106.55,3.25,16
2324200217001,TA,6581.44,2.3636362552642822,11
2324200218001,TA,9761.26,2.1875,16
2324200219001,TA,14573.79,3.2173912525177,23
2324200220001,TA,23366.28,3.6470587253570557,34
2324200221001,TA,7479.73,2.5714285373687744,14
2324200222001,TA,8756.45,0.9230769276618958,13
2324200223001,TA,9855.09,0.375,16
2324200224001,TA,21198.23,0.6315789222717285,38
2324200225001,TA,9114.66,0.800000011920929,15
2324200226001,TA,9964.71,0.0,17
2324200227001,TA,13568.47,0.0,22
2324200228001,TA,27088.78,0.41860464215278625,43
2324200230001,TA,6191.12,0.0,10
2324200231001,TA,111262.84,0.0,181
2324200235001,TA,7270.92,2.3333332538604736,12
2324200236001,TA,4904.16,1.5,8
2324200238001,TA,27025.07,1.2857142686843872,42
2324200239001,TA,138104.67,0.0,222
2324200240003,TA,100.7,0.0,1
2324200241001,TA,4062.28,0.0,4
2324200242001,TA,40833.43,0.7575757503509521,66
2324200243001,TA,16096.99,2.592592477798462,27
2324200246001,TA,31295.54,1.957446813583374,47
2324200248001,TA,6857.25,0.0,10
2324200249001,TA,48474.67,0.1315789520740509,76
2324200251001,TA,3821.06,2.5714285373687744,7
2324200252001,TA,41267.99,2.382352828979492,68
2324200254001,TA,8351.47,2.7142856121063232,14
2324200255001,TA,7516.54,2.7142856121063232,14
2324200257001,TA,79124.65,2.507462739944458,134
2324200257002,TA,14545.74,0.0,22
2324200260001,TA,14211.34,0.0,23
2324200261002,TA,1005.03,0.0,2
2324200262001,TA,23947.47,2.270270347595215,37
2324200262004,TA,3456.07,0.0,3
2324200262005,TA,2035.42,2.6666667461395264,3
2324200264001,TA,16390.33,0.9166666865348816,24
2324200265001,TA,6579.99,3.200000047683716,10
2324200266001,TA,2555.84,3.200000047683716,5
2324200269001,TA,19445.5,0.0,31
2324200270001,TA,27531.03,2.6046512126922607,43
2324200271001,TA,1432.05,4.0,2
2324200275001,TA,22924.2,2.3888888359069824,36
2324200276001,TA,4100.65,1.3333333730697632,6
2324200277001,TA,7708.36,0.3076923191547394,13
2324200278001,TA,9783.82,0.5333333611488342,15
2324200279001,TA,4881.31,0.0,8
2324200280001,TA,12669.31,1.7058823108673096,17
2324200282001,TA,9853.65,2.625,16
2324200283001,TA,342.59,0.0,1
2324200284001,TA,15351.84,0.0,25
2324200285001,TA,2600.42,1.2000000476837158,5
2324200286001,TA,6187.92,1.2000000476837158,10
2324200289001,TA,99504.82,2.768749952316284,160
2324200291001,TA,15984.28,0.0,25
2324300027001,TA,7322.43,1.8461538553237915,13
2324300029001,TA,5589.5,0.4000000059604645,10
2324300032001,TA,3251.15,0.0,5
2324300033001,TA,12155.69,0.42105263471603394,19
2324300036001,TA,167288.63,0.05128205195069313,273
2324300041001,TA,6023.23,1.2222222089767456,9
2324300042001,TA,14037.26,2.142857074737549,21
2324300043001,TA,7628.42,2.0,15
2324300045001,TA,7115.02,3.5,12
2324300046001,TA,68445.71,2.357142925262451,112
2324300047001,TA,14365.84,3.238095283508301,21
2324300047003,TA,178.01,4.0,1
2324300048001,TA,2598.08,3.5,4
2324300049001,TA,23763.98,2.4210526943206787,38
2324300050001,TA,9552.88,2.0,14
2324300051001,TA,4889.59,2.0,8
2324300052001,TA,51419.91,2.857142925262451,84
2324300053001,TA,4156.34,2.0,5
2324300054001,TA,89899.82,2.4324324131011963,148
2324300055001,TA,3108.08,1.1428571939468384,7
2324300059001,TA,5053.72,3.1111111640930176,9
2324300061001,TA,8836.72,2.4000000953674316,15
2324300062001,TA,11427.79,2.777777671813965,18
2324300063001,TA,27316.6,2.590909004211426,44
2324300071001,TA,6426.77,2.8333332538604736,12
2324300072001,TA,4220.11,4.0,6
2324300073001,TA,4718.23,4.0,9
2324300074001,TA,85527.12,3.7372262477874756,137
2324300075001,TA,5721.31,4.0,10
2324300076001,TA,31325.07,2.0833332538604736,48
2324300077001,TA,5460.91,0.375,8
2324300078001,TA,4122.45,4.0,6
2324300079001,TA,3876.92,4.0,4
2324300081001,TA,2266.43,3.3333332538604736,3
2324300082001,TA,112306.13,2.18994402885437,179
2324300084001,TA,14711.57,3.04347825050354,23
2324300085001,TA,420.94,1.0,2
2324300089001,TA,4528.55,3.7142856121063232,7
2324300091001,TA,40921.24,3.382352828979492,68
2324300092001,TA,25222.46,2.512195110321045,41
2324300094001,TA,12826.96,1.649999976158142,20
2324300095001,TA,30151.63,2.0,48
2324300098003,TA,272.86,0.0,2
2324300099001,TA,24981.37,0.41025641560554504,39
2324300101001,TA,14270.78,1.0833333730697632,24
2324300103001,TA,12158.34,3.190476179122925,21
2324300105001,TA,6288.7,3.0,10
2324300106001,TA,14465.31,3.82608699798584,23
2324300107001,TA,46012.29,2.5616438388824463,73
2324300108001,TA,58185.08,2.927834987640381,97
2324300109001,TA,11323.36,2.625,16
2324300110001,TA,25967.9,3.813953399658203,43
2324300112001,TA,13471.67,3.6363637447357178,22
2324300113001,TA,4514.22,2.75,8
2324300114001,TA,43785.84,2.4000000953674316,70
2324300115001,TA,10791.95,3.411764621734619,17
2324300116001,TA,16162.97,2.615384578704834,26
2324300117001,TA,1098.11,3.0,2
2324300118001,TA,5263.43,2.0,8
2324300119001,TA,21475.21,2.0,33
2324300120001,TA,5646.93,2.0,9
2324300121001,TA,4664.0,2.0,8
2324300122001,TA,11442.09,2.25,16
2324300123001,TA,39997.45,2.6984126567840576,63
2324300124001,TA,200756.55,2.604229688644409,331
2324300125001,TA,4878.2,2.0,9
2324300126001,TA,6908.88,2.5,12
2324300127001,TA,3160.29,2.0,5
2324300128001,TA,6092.97,4.0,10
2324300130001,TA,23658.68,3.1578948497772217,38
2324300131001,TA,8755.81,3.142857074737549,14
2324300132001,TA,19635.79,2.25,32
2324300133001,TA,10078.46,2.4000000953674316,15
2324300134001,TA,2973.75,2.799999952316284,5
2324300135001,TA,1617.49,4.0,3
2324400041001,TA,2049.57,4.0,3
2324400042001,TA,1472.38,4.0,1
2324400043001,TA,2489.15,2.5,4
2324400045001,TA,10777.49,3.8888888359069824,18
2324400046001,TA,51552.56,3.7142856121063232,84
2324400048001,TA,16799.3,3.5862069129943848,29
2324400049001,TA,1526.43,4.0,2
2324400051001,TA,23392.46,3.7948718070983887,39
2324400052001,TA,10358.65,3.375,16
2324400053001,TA,22201.06,3.4054055213928223,37
2324400054001,TA,24226.61,3.7435896396636963,39
2324400055001,TA,7336.54,2.153846263885498,13
2324400059002,TA,213.55,0.0,1
2324400064001,TA,10707.92,1.3125,16
2324400066001,TA,3141.52,2.0,5
2324400067001,TA,24953.89,2.0,40
2324400068001,TA,5363.53,1.2222222089767456,9
2324400070001,TA,1862.24,0.6666666865348816,3
2324400071001,TA,9962.88,1.2777777910232544,18
2324400072001,TA,3254.77,1.600000023841858,5
2324400073001,TA,21720.1,1.5263158082962036,38
2324400075001,TA,80995.93,1.7862595319747925,131
2324400076001,TA,4862.35,1.7777777910232544,9
2324400077001,TA,5736.87,2.0,6
2324400077005,TA,227.12,2.0,1
2324400078001,TA,32570.1,2.0,25
2324400079001,TA,13164.05,2.0,7
2324400080001,TA,10404.14,0.6875,16
2324400080003,TA,6665.6,1.2000000476837158,10
2324400083001,TA,20833.38,2.054054021835327,37
2324400083002,TA,1268.46,0.0,1
2324400085001,TA,74448.86,1.2881356477737427,118
2324400087001,TA,3402.39,1.25,4
2324400089001,TA,12734.05,1.4285714626312256,21
2324400090001,TA,2181.82,2.0,3
2324400091001,TA,26900.36,2.261904716491699,42
2324400095001,TA,58683.93,2.2395832538604736,96
2324400097001,TA,2192.62,3.3333332538604736,3
2324400098001,TA,29778.73,1.7291666269302368,48
2324400100001,TA,12627.57,3.3333332538604736,21
2324400102001,TA,15015.06,2.5217392444610596,23
2324400103001,TA,13826.66,1.954545497894287,22
2324400104001,TA,9342.89,1.6875,16
2324400106001,TA,29726.35,3.872340440750122,47
2324400110001,TA,6958.49,2.4000000953674316,10
2324400111003,TA,963.15,2.0,1
2324400111007,TA,1924.08,0.0,4
2324400112001,TA,27385.86,3.0222222805023193,45
2324400116001,TA,37234.65,3.288135528564453,59
2324400116004,TA,10531.4,3.3684210777282715,19
2324400117001,TA,7276.82,4.0,12
2324400118002,TA,5083.56,3.4285714626312256,7
2324400118003,TA,1282.45,2.0,2
2324400118006,TA,7092.41,4.0,12
2324400119001,TA,45035.6,3.7662336826324463,77
2324400120001,TA,9508.97,4.0,16
2324400121001,TA,864.35,4.0,2
2324400122001,TA,33558.09,4.0,52
2324400123001,TA,11040.62,4.0,19
2324400124001,TA,26207.41,3.4634146690368652,41
2324400126001,TA,56257.48,0.04395604506134987,91
2324400128001,TA,122242.18,3.367875576019287,193
2324400129001,TA,58173.64,3.555555582046509,90
2324400130001,TA,11271.31,3.529411792755127,17
2324400132001,TA,27741.18,3.2962963581085205,54
2324400134001,TA,7835.18,4.0,11
2324400135001,TA,13414.83,3.909090995788574,22
2324400137001,TA,12178.46,3.5999999046325684,20
2324400139001,TA,13073.76,3.904761791229248,21
2324400140001,TA,2467.94,4.0,5
2324400142001,TA,35125.2,3.3214285373687744,56
2324400144001,TA,66508.72,2.159291982650757,113
2324400153001,TA,12576.8,2.5999999046325684,20
2324400154001,TA,6913.83,2.909090995788574,11
2324400158001,TA,6276.7,2.4000000953674316,10
2324400159001,TA,14574.99,3.440000057220459,25
2324400160001,TA,14988.47,3.545454502105713,22
2324400161001,TA,54358.16,3.555555582046509,90
2324400162002,TA,467.3,4.0,1
2324400165001,TA,31325.51,4.0,51
2324400167001,TA,35895.68,3.8947367668151855,57
2324400168001,TA,3337.6,2.0,6
2324400169001,TA,18868.48,2.7333333492279053,30
2324400172001,TA,13696.46,0.0,21
2324400172004,TA,5640.76,0.0,9
2324400175001,TA,32361.48,3.529411792755127,51
2324400176003,TA,9269.07,1.076923131942749,13
2324400177001,TA,190209.09,3.0,316
2324400181001,TA,20608.56,2.2647058963775635,34
2324400183001,TA,29868.57,3.4583332538604736,48
2324400185001,TA,13884.42,1.7000000476837158,20
2324400186001,TA,10402.34,3.6470587253570557,17
2324400187001,TA,3206.86,1.1666666269302368,6
2324400189001,TA,7530.14,3.538461446762085,13
2324400190001,TA,11128.12,1.529411792755127,17
2324400191001,TA,4647.29,4.0,7
2324400193001,TA,21808.83,2.911764621734619,34
2324400194001,TA,20781.09,3.151515245437622,33
2324400195001,TA,11193.28,3.222222328186035,18
2324400199002,TA,3949.99,3.0,6
2324400203001,TA,1793.42,4.0,2
2324400204001,TA,11537.68,4.0,17
2324400205001,TA,12979.85,3.4000000953674316,20
2324400206002,TA,3082.14,4.0,5
2324400207001,TA,141.99,4.0,1
2324400207003,TA,5777.75,3.777777671813965,9
2324400208001,TA,8424.85,0.9230769276618958,13
2324400209001,TA,5710.26,2.0,9
2324400210001,TA,27552.99,1.5,46
2324400211001,TA,21271.18,1.2352941036224365,34
2324400212001,TA,3292.69,2.0,5
2324400213001,TA,3050.93,2.0,4
2324400214001,TA,2567.17,2.0,4
2324400214003,TA,190.73,2.0,1
2324400217001,TA,10245.42,2.0,16
2324400217005,TA,6148.12,2.0,9
2324400218001,TA,5109.51,2.0,7
2324400219001,TA,1983.89,2.0,4
2324400222001,TA,22300.65,1.7222222089767456,36
2324400222003,TA,3010.35,0.4000000059604645,5
2324400222005,TA,7649.55,2.0,11
2324400223001,TA,3841.47,0.0,3
2324400224001,TA,4151.2,2.0,8
2324400225001,TA,1002.0,2.0,2
2324400226001,TA,1616.48,2.0,3
2324400227001,TA,2171.26,2.0,4
2324400228001,TA,1615.31,2.0,2
2324400230001,TA,5551.45,0.2222222238779068,9
2324400232001,TA,9417.14,2.875,16
2324500100001,TA,9118.0,4.0,13
2324500103001,TA,6262.34,3.200000047683716,10
2324500104001,TA,7049.92,3.200000047683716,10
2324500104005,TA,178.55,4.0,2
2324500105001,TA,28854.19,3.2093024253845215,43
2324500108001,TA,12912.44,3.7272727489471436,22
2324500109001,TA,40251.93,2.507462739944458,67
2324500110001,TA,45687.97,2.736842155456543,76
2324500112001,TA,38708.05,3.492063522338867,63
2324500113001,TA,32015.31,2.0,50
2324500114001,TA,11508.14,2.0,19
2324500115001,TA,4238.73,2.0,7
2324500116001,TA,22466.64,3.277777671813965,36
2324500117001,TA,25146.91,2.7142856121063232,42
2324500118001,TA,21621.38,1.8823529481887817,34
2324500120001,TA,65573.32,2.557692289352417,104
2324500121001,TA,17622.37,3.4666666984558105,30
2324500122001,TA,22388.93,3.4857141971588135,35
2324500123001,TA,68891.87,3.0747663974761963,107
2324500123003,TA,1441.82,4.0,2
2324500124002,TA,297.06,2.0,1
2324500125001,TA,42374.17,3.0,70
2324500126001,TA,21787.54,3.3888888359069824,36
2324500127001,TA,51993.94,3.7560975551605225,82
2324500128001,TA,12362.44,2.3157894611358643,19
2324500129001,TA,22356.06,3.200000047683716,35
2324500130001,TA,15357.16,2.769230842590332,26
2324500131002,TA,1516.67,3.0,2
2324500132001,TA,24858.7,3.384615421295166,39
2324500133001,TA,23006.12,3.944444417953491,36
2324500135001,TA,18062.27,2.0322580337524414,31
2324500137001,TA,82722.08,3.1379311084747314,145
2324500138001,TA,16969.14,4.0,27
2324500139001,TA,20142.4,4.0,33
2324500140001,TA,51587.13,4.0,81
2324500143001,TA,198121.64,3.82608699798584,322
2324500144001,TA,10489.42,4.0,14
2324500145001,TA,15168.64,3.9200000762939453,25
2324500146001,TA,3516.72,4.0,6
2324500147001,TA,2747.92,2.5,4
2324500149001,TA,9037.89,3.5,12
2324500150001,TA,16063.73,2.407407522201538,27
2324500151001,TA,18247.35,3.7142856121063232,28
2324500152001,TA,14739.37,2.95652174949646,23
2324500153001,TA,9863.97,3.5,16
2324500154001,TA,5770.88,2.6666667461395264,9
2324500155001,TA,50209.74,3.7948718070983887,78
2324500156002,TA,12419.04,0.5,20
2324500157001,TA,30778.23,2.359999895095825,50
2324500158001,TA,36315.69,3.1034483909606934,58
2324500161001,TA,39394.05,0.7419354915618896,62
2324500164001,TA,68083.17,1.8909090757369995,110
2324500166001,TA,10985.76,1.2222222089767456,18
2324500167001,TA,15200.82,2.625,24
2324500169001,TA,31032.71,2.6041667461395264,48
2324500170001,TA,43757.11,2.9855072498321533,69
2324500171001,TA,12895.03,3.7142856121063232,21
2324500173001,TA,127274.08,3.346733570098877,199
2324500174001,TA,21742.06,3.882352828979492,34
2324500175001,TA,26718.65,3.953488349914551,43
2324500176001,TA,18273.94,4.0,30
2324500177001,TA,29097.54,2.9787232875823975,47
2324500179002,TA,426.75,4.0,1
2324500180001,TA,50738.24,3.682926893234253,82
2324500181001,TA,10624.01,4.0,17
2324500182001,TA,54466.9,4.0,86
2324500184001,TA,24578.24,3.853658437728882,41
2324500185001,TA,67972.94,2.301886796951294,106
2324500188001,TA,16981.67,4.0,27
2324500189001,TA,39220.89,3.6610169410705566,59
2324500190001,TA,83013.48,2.8636362552642822,132
2324500191001,TA,51333.5,2.2941176891326904,85
2324500192001,TA,24849.09,2.0,43
2324500193001,TA,5608.4,2.75,8
2324500194001,TA,8628.97,3.2857143878936768,14
2324500196001,TA,660.52,4.0,2
2324500197001,TA,17083.4,3.384615421295166,26
2324500198001,TA,778.63,4.0,1
2324500200001,TA,15700.22,2.7826087474823,23
2324500201001,TA,64763.01,1.961904764175415,105
2324500202001,TA,16660.05,3.7391304969787598,23
2324500203001,TA,9010.06,4.0,14
2324500206001,TA,48257.06,3.8421051502227783,76
2324500206005,TA,282.4,4.0,1
2324500207001,TA,21781.02,3.444444417953491,36
2324500208001,TA,6162.12,3.8181817531585693,11
2324500209001,TA,4376.24,4.0,7
2324500210001,TA,22517.51,2.972972869873047,37
2324500212001,TA,29389.7,3.914893627166748,47
2324500213001,TA,10886.32,4.0,17
2324500215001,TA,63573.43,2.5490195751190186,102
2324500217001,TA,13216.24,3.200000047683716,20
2324500218001,TA,21461.58,0.0,34
2324500220001,TA,26000.69,2.7142856121063232,42
2324500220002,TA,265.4,4.0,1
2324500222001,TA,51243.99,2.444444417953491,81
2324500224001,TA,52028.86,2.566265106201172,83
2324500228001,TA,105118.41,0.0,166
2324500229001,TA,20335.03,0.0,35
2324500230001,TA,35593.72,0.0,56
2324500231001,TA,76850.88,0.0,119
2324500232001,TA,21474.78,0.0,36
2324500233001,TA,171060.96,0.0,315
2324500234001,TA,62181.53,0.0,98
2324500235001,TA,45873.64,0.0,64
2324500236001,TA,19694.76,0.0,29
2324500237001,TA,11266.86,0.0,17
2324500238001,TA,5575.32,2.799999952316284,10
2324500239001,TA,19938.95,3.625,32
2324500240001,TA,7624.66,3.857142925262451,14
2324500241001,TA,10900.21,3.222222328186035,18
2324600001001,TA,2729.5,2.0,3
2324600002001,TA,4135.45,2.5714285373687744,7
2324600005001,TA,12419.09,1.8181818723678589,22
2324600008001,TA,5300.88,0.375,8
2324600015001,TA,7523.03,1.5555555820465088,9
2324600022001,TA,3668.96,2.75,8
2324600023001,TA,3958.71,2.2857143878936768,7
2324600024001,TA,4504.23,2.0,6
2324600025001,TA,7344.28,2.0,14
2324600028001,TA,3787.36,2.75,8
2324600029001,TA,8524.86,2.615384578704834,13
2324600032001,TA,606.49,4.0,1
2324600043001,TA,3413.76,4.0,4
2324600043004,TA,1619.09,1.3333333730697632,3
2324600043007,TA,3378.01,3.200000047683716,5
2324600043008,TA,1385.51,4.0,2
2324600044001,TA,4877.56,2.0,8
2324600045001,TA,2871.75,2.0,4
2324600045003,TA,841.58,4.0,1
2324600045004,TA,1208.88,2.0,2
2324600046002,TA,1517.83,2.0,2
2324600046004,TA,2472.04,2.0,5
2324600047001,TA,10314.62,2.0,16
2324600048001,TA,30207.15,2.0,49
2324600049001,TA,1386.82,2.0,2
2324600049004,TA,2333.68,2.0,3
2324600049005,TA,1291.73,2.0,2
2324600050001,TA,1778.6,2.0,4
2324600050002,TA,1992.76,0.800000011920929,5
2324600053001,TA,1439.4,0.0,2
2324600055001,TA,2605.93,0.6666666865348816,3
2324600055002,TA,1322.66,0.0,3
2324600058001,TA,924.99,0.0,1
2324600059001,TA,3384.68,1.2000000476837158,5
2324600060001,TA,6009.99,2.0,12
2324600063001,TA,2914.74,0.5,4
2324600064001,TA,12391.53,1.0,22
2324600065001,TA,3193.42,1.2000000476837158,5
2324600065002,TA,136.79,2.0,1
2324600066001,TA,3337.35,2.0,4
2324600067001,TA,5873.17,2.0,9
2324600068001,TA,3939.3,2.0,6
2324600069001,TA,4206.13,2.0,7
2324600071001,TA,3439.38,2.0,6
2324600072001,TA,7243.01,2.0,10
2324600073001,TA,2133.67,2.0,4
2324600074001,TA,4160.6,2.0,6
2324600075001,TA,10104.37,2.0,17
2324600076001,TA,2409.84,2.0,4
2324600077001,TA,2586.46,2.0,4
2324600078001,TA,8864.41,2.3333332538604736,15
2324600080001,TA,2642.99,2.0,3
2324600081001,TA,5291.69,2.0,10
2324600082001,TA,3026.58,2.0,4
2324600084001,TA,18660.94,2.0,31
2324600086003,TA,1284.75,1.3333333730697632,3
2324600087001,TA,4494.72,2.0,7
2324600088001,TA,1855.96,2.0,3
2324600089001,TA,8998.8,2.0,14
2324600094002,TA,2703.57,2.0,4
2324600095001,TA,6378.14,3.4000000953674316,10
2324600098001,TA,12102.52,3.473684310913086,19
2324600099001,TA,2019.24,2.0,3
2324600100001,TA,5101.57,2.6666667461395264,9
2324600101001,TA,9364.63,3.2857143878936768,14
2324600102001,TA,3077.73,4.0,4
2324600103001,TA,6203.23,4.0,10
2324600104001,TA,7949.34,4.0,13
2324600105001,TA,1926.61,4.0,3
2324600106001,TA,7348.43,4.0,9
2324600107001,TA,16777.49,3.7857143878936768,28
2324600108001,TA,3926.98,4.0,5
2324600110001,TA,3939.29,2.0,7
2324600111001,TA,8876.3,2.0,15
2324600112001,TA,7418.39,2.0,12
2324600115001,TA,1511.73,2.0,1
2324600116001,TA,5533.51,4.0,9
2324600117001,TA,6045.38,4.0,9
2324600118001,TA,3054.02,4.0,4
2324600118002,TA,752.93,4.0,1
2324600119001,TA,13112.13,4.0,22
2324600120001,TA,3493.32,4.0,4
2324600121001,TA,7306.28,4.0,12
2324600122001,TA,9420.84,4.0,17
2324600124001,TA,31882.47,4.0,48
2324600127001,TA,4874.11,4.0,9
2324600128001,TA,3882.84,4.0,6
2324600129001,TA,6318.86,4.0,11
2324600130001,TA,1714.34,4.0,3
2324600130002,TA,2007.07,4.0,2
2324600132001,TA,918.37,4.0,2
2324600134001,TA,17739.54,4.0,29
2324600134003,TA,1222.12,4.0,1
2324600136001,TA,2873.99,2.5,4
2324600137001,TA,3969.19,2.2857143878936768,7
2324600140001,TA,10408.81,4.0,17
2324600142001,TA,6062.08,3.4000000953674316,10
2324600142003,TA,2007.97,4.0,5
2324600144001,TA,8860.63,3.7142856121063232,14
2324600145001,TA,7607.21,3.8333332538604736,12
2324600149001,TA,4160.28,2.4000000953674316,5
2324600152001,TA,6524.99,1.399999976158142,10
2324600154001,TA,5769.7,1.75,8
2324600161001,TA,6136.61,1.545454502105713,11
2324600170001,TA,1896.06,4.0,3
2324600171001,TA,4348.55,3.75,8
2324600172001,TA,7544.35,3.538461446762085,13
2324600175001,TA,875.21,2.0,1
2324600183001,TA,6704.78,2.5999999046325684,10
2324600184001,TA,2834.69,3.5999999046325684,5
2324600189001,TA,17774.84,2.5,28
2324600190001,TA,6725.05,2.1818182468414307,11
2324600193001,TA,1125.8,4.0,1
2324600193002,TA,2032.14,4.0,4
2324600193008,TA,915.86,4.0,1
2324600196001,TA,3941.6,4.0,6
2324600197001,TA,1809.5,3.5,4
2324600197002,TA,2727.04,4.0,3
2324600198001,TA,1720.03,3.0,2
2324600199001,TA,2630.53,4.0,5
2324600200001,TA,5863.46,4.0,10
2324600201001,TA,4680.96,4.0,8
2324600202001,TA,7304.73,3.6666667461395264,12
2324600205001,TA,5791.84,2.8888888359069824,9
2324600205002,TA,1829.65,4.0,3
2324600205003,TA,1658.21,4.0,3
2324600205004,TA,3224.91,4.0,5
2324600205005,TA,2124.56,4.0,4
2324600205009,TA,2682.4,3.5,4
2324600207001,TA,1000.3,4.0,2
2324600208001,TA,3277.74,4.0,6
2324600209001,TA,3548.82,4.0,6
2324600213001,TA,22387.94,2.857142925262451,35
2324600213002,TA,3368.0,4.0,5
2324600214001,TA,5979.27,4.0,10
2324600220002,TA,3676.14,4.0,5
2324600221001,TA,4075.57,4.0,7
2324600222001,TA,1730.73,4.0,3
2324600237001,TA,1530.26,2.0,1
2324600243001,TA,2092.97,2.0,2
2324600246001,TA,1722.91,0.0,3
2324600246002,TA,604.59,0.0,2
2324600246005,TA,2059.95,2.0,4
2324600246006,TA,1493.8,2.0,1
2324600246007,TA,5038.63,4.0,8
2324600247001,TA,4036.0,3.0,6
2324600248001,TA,1727.33,2.0,2
2324600249001,TA,3165.48,3.0,4
2324600250001,TA,1852.45,4.0,4
2324600256001,TA,1141.2,4.0,2
2324600256002,TA,1372.18,4.0,2
2324600256005,TA,465.85,4.0,1
2324600258001,TA,4783.11,4.0,8
2324600259001,TA,3542.18,4.0,5
2324600261001,TA,8061.29,4.0,15
2324600262001,TA,6078.17,4.0,9
2324600271001,TA,6429.46,4.0,11
2324600273001,TA,3099.51,4.0,6
2324600275001,TA,2175.41,4.0,1
2324600276001,TA,2119.58,4.0,4
2324600277001,TA,3614.33,4.0,6
2324600279001,TA,4185.75,4.0,7
2324600279003,TA,269.2,2.0,1
2324600280001,TA,3649.02,3.142857074737549,7
2324600286001,TA,10707.46,4.0,16
2324600293001,TA,1685.46,2.0,1
2324600303001,TA,4996.72,2.0,8
2324600320001,TA,4689.86,1.2857142686843872,7
2324600321001,TA,1851.19,4.0,3
2324600322001,TA,5567.84,4.0,10
2324600330001,TA,11865.49,1.941176414489746,17
2324600356002,TA,397.47,2.0,1
2324600358001,TA,1572.81,0.6666666865348816,3
2324600363002,TA,109.06,4.0,1
2324600372001,TA,1291.47,2.0,2
2324600380001,TA,433.29,2.0,1
2324600384001,TA,1886.43,1.3333333730697632,3
2324600386001,TA,3691.33,3.0,4
2324600387001,TA,2624.69,1.0,2
2324600387004,TA,1233.17,1.0,1
2324600390002,TA,413.9,0.0,1
2324600392002,TA,944.04,2.0,2
2324600397001,TA,372.81,4.0,1
2324600399001,TA,586.7,4.0,2
2324600405001,TA,2818.76,4.0,3
2324600407002,TA,888.3,4.0,3
2324600408001,TA,29644.83,3.2280702590942383,57
2324600410002,TA,1944.02,4.0,4
2324600411001,TA,6871.27,4.0,9
2324600414001,TA,9171.66,3.5,16
2324600415001,TA,8154.51,3.7142856121063232,14
2324600416001,TA,5892.81,4.0,7
2324600418001,TA,11477.69,2.526315689086914,19
2324600419001,TA,6548.32,1.692307710647583,13
2324600420001,TA,2811.86,0.0,4
2324600421001,TA,7884.02,3.076923131942749,13
2324600425001,TA,8917.63,2.933333396911621,15
2324600434001,TA,5971.17,2.0,9
2324600435001,TA,11139.21,2.1111111640930176,18
2324600436001,TA,23818.27,3.027027130126953,37
2324600437002,TA,3255.22,2.857142925262451,7
2324600442001,TA,1135.76,4.0,1
2324600443001,TA,11867.46,4.0,20
2324600444001,TA,17262.1,3.7142856121063232,28
2324600445001,TA,3006.94,4.0,5
2324600446001,TA,26191.47,2.238095283508301,42
2324600449001,TA,18994.29,2.8125,32
2324600450001,TA,32988.98,2.038461446762085,52
2324600451001,TA,41136.27,3.2941176891326904,68
2324600452001,TA,48445.7,3.769230842590332,78
2324600453001,TA,20353.77,2.068965435028076,29
2324600454001,TA,64173.44,2.0,103
2324600455001,TA,19675.66,2.0,33
2324600457001,TA,78963.76,2.0,126
2324600458001,TA,40963.41,2.0,66
2324600459001,TA,156750.8,1.9880000352859497,250
2324600460001,TA,17796.73,2.0,28
2324600461001,TA,13322.17,2.0,22
2324600462001,TA,15728.94,2.0,25
2324600463001,TA,16381.28,2.0,27
2324600464001,TA,4090.8,2.0,7
2324600465001,TA,3245.4,2.0,5
2324600466001,TA,6558.55,4.0,10
2324600467001,TA,28497.33,3.909090995788574,44
2324600469001,TA,3481.93,2.0,4
2324600476001,TA,10272.17,0.0,15
2324600477001,TA,31171.83,0.0,51
2324600478001,TA,33943.84,0.0,48
2324600479001,TA,40889.17,0.0,67
2324600480001,TA,58647.0,0.0,95
2324600481001,TA,21413.26,0.0,34
2324600483001,TA,7501.22,0.0,9
2324600485001,TA,3101.17,0.0,5
2324600491001,TA,34213.87,1.543859601020813,57
2324600492001,TA,15757.96,2.0799999237060547,25
2324600493001,TA,5710.36,1.5,12
2324600494001,TA,18654.59,2.4000000953674316,35
2324600495001,TA,36245.07,2.564516067504883,62
2324600495006,TA,18920.47,4.0,29
2324600496001,TA,15076.24,3.6666667461395264,24
2324600498001,TA,48128.08,2.0,74
2324600499001,TA,35893.56,2.0701754093170166,57
2324600501001,TA,44444.01,2.760563373565674,71
2324600503001,TA,15858.08,2.0,26
2324600504001,TA,23339.67,3.076923131942749,39
2324600506001,TA,10274.05,1.9333332777023315,15
2324600507001,TA,23735.45,3.8947367668151855,38
2324600508001,TA,31675.16,3.8333332538604736,48
2324600510001,TA,20920.68,3.4857141971588135,35
2324600511001,TA,22167.38,3.944444417953491,36
2324600512001,TA,28710.03,3.6888887882232666,45
2324600513001,TA,20518.9,3.935483932495117,31
2324600514001,TA,10172.42,2.0,16
2324600515001,TA,4358.81,2.0,8
2324600516001,TA,39937.95,2.703125,64
2324600519001,TA,99315.96,2.9426751136779785,157
2324600519004,TA,1560.0,2.0,2
2324600521004,TA,91935.87,2.646258592605591,147
2324600522002,TA,17468.92,2.222222328186035,27
2324600523001,TA,38431.26,4.0,61
2324600524001,TA,4046.81,3.5,8
2324600525001,TA,4961.79,1.625,8
2324600525002,TA,2107.88,2.0,4
2324600525003,TA,1663.84,2.5,2
2324600526001,TA,3423.05,2.3333332538604736,6
2324600527001,TA,48350.12,1.6103895902633667,77
2324600529001,TA,7870.19,3.0,10
2324600531001,TA,6110.17,2.444444417953491,9
2324600532001,TA,25679.04,2.238095283508301,42
2324600534001,TA,8462.84,1.7333333492279053,15
2324600536001,TA,48715.2,3.948051929473877,77
2324600537001,TA,14311.75,4.0,24
2324600538003,TA,858.78,2.0,1
2324600539001,TA,29982.06,2.7799999713897705,50
2324600541001,TA,28191.5,3.86956524848938,46
2324600542001,TA,14070.49,4.0,22
2324600543001,TA,48908.2,3.4683544635772705,79
2324600544002,TA,2887.91,0.0,4
2324600545001,TA,20483.32,0.7878788113594055,33
2324600546001,TA,14103.55,0.4583333432674408,24
2324600547001,TA,10061.9,0.0,17
2324600548001,TA,5213.68,2.25,8
2324600550001,TA,7497.25,3.8333332538604736,12
2324600551001,TA,6602.56,3.5,12
2324600552002,TA,5831.32,3.777777671813965,9
2324600553001,TA,5106.96,4.0,9
2324600554001,TA,3243.24,4.0,4
2324600555001,TA,74216.64,2.9327731132507324,119
2324600556001,TA,32362.31,3.5471699237823486,53
2324600561001,TA,13478.24,2.9166667461395264,24
2324600562001,TA,7269.4,4.0,12
2324600563001,TA,9187.65,3.857142925262451,14
2324600565001,TA,3579.86,3.200000047683716,5
2324600568001,TA,7636.45,3.692307710647583,13
2324600571001,TA,10118.73,2.2941176891326904,17
2324600572001,TA,12744.19,3.0,21
2324600575001,TA,5097.75,2.5,8
2324600577001,TA,7492.86,3.538461446762085,13
2324600580001,TA,893.69,4.0,1
2324600585001,TA,4457.05,1.7142857313156128,7
2324600586001,TA,28685.93,3.91304349899292,46
2324600589001,TA,11927.35,0.0,19
2324600590001,TA,6116.89,0.1818181872367859,11
2324600591001,TA,5244.8,3.75,8
2324600592001,TA,6695.74,4.0,11
2324600593001,TA,9320.18,4.0,13
2324700003001,TA,2093.37,2.0,2
2324700004001,TA,3519.28,2.0,6
2324700005001,TA,4826.47,2.0,7
2324700006001,TA,5234.17,2.0,9
2324700007001,TA,7259.84,2.0,12
2324700008001,TA,9257.03,2.0,8
2324700009001,TA,6909.8,2.0,10
2324700010002,TA,2834.48,2.0,5
2324700011001,TA,4917.86,2.0,7
2324700015001,TA,2490.33,2.0,4
2324700017001,TA,1826.3,2.0,3
2324700019001,TA,2017.77,2.0,3
2324700021001,TA,1793.13,0.3333333432674408,3
2324700023001,TA,3784.78,0.1428571492433548,7
2324700026004,TA,228.74,2.0,1
2324700027001,TA,2782.38,1.5,4
2324700031001,TA,2367.47,1.25,4
2324700039001,TA,2053.53,2.0,4
2324700040001,TA,5632.24,1.7777777910232544,9
2324700042001,TA,2251.1,1.3333333730697632,3
2324700043001,TA,3763.5,2.0,6
2324700048001,TA,2655.92,2.0,4
2324700052001,TA,3723.23,2.0,5
2324700056001,TA,880.47,2.0,1
2324700058001,TA,11068.07,1.2941176891326904,17
2324700066001,TA,3314.08,2.0,6
2324700066002,TA,3284.86,1.1666666269302368,6
2324700067001,TA,1487.67,1.6666666269302368,3
2324700068001,TA,727.11,2.0,1
2324700070001,TA,2106.98,1.6666666269302368,3
2324700071002,TA,3145.3,1.7999999523162842,5
2324700076002,TA,4969.18,1.8571428060531616,7
2324700078004,TA,1263.28,2.0,2
2324700079001,TA,16701.19,1.4444444179534912,27
2324700082001,TA,3720.73,0.0,7
2324700083001,TA,3648.77,0.0,6
2324700086001,TA,939.49,0.0,1
2324700090001,TA,3031.82,0.0,4
2324700091001,TA,5121.94,1.0,8
2324700096001,TA,2795.7,0.0,5
2324700096003,TA,1926.31,0.0,3
2324700097001,TA,6645.78,1.8181818723678589,11
2324700099001,TA,1229.19,2.0,2
2324700100001,TA,2028.72,2.0,3
2324700105001,TA,1518.43,1.3333333730697632,3
2324700107001,TA,2308.42,0.25,4
2324700109001,TA,4460.95,1.125,8
2324700112001,TA,3602.26,0.6666666865348816,6
2324700113001,TA,6267.38,1.600000023841858,10
2324700120001,TA,6921.58,1.6363636255264282,11
2324700122001,TA,5786.58,0.6000000238418579,10
2324700124001,TA,5806.06,1.7777777910232544,9
2324700127002,TA,99.87,2.0,1
2324700129001,TA,13419.31,1.5416666269302368,24
2324700134001,TA,2068.77,1.75,4
2324700136001,TA,781.39,2.0,3
2324700138001,TA,2997.74,2.0,4
2324700140001,TA,1349.74,2.0,2
2324700141001,TA,4056.22,2.0,6
2324700143001,TA,3327.15,2.0,7
2324700145001,TA,2951.26,2.0,4
2324700146001,TA,2785.75,1.5,4
2324700151002,TA,16570.58,2.0,26
2324700152001,TA,2329.11,2.0,4
2324700153001,TA,1372.63,1.0,2
2324700156001,TA,2328.37,2.0,4
2324700156003,TA,967.86,1.5,2
2324700157001,TA,3020.71,2.0,5
2324700158001,TA,7063.77,1.7000000476837158,10
2324700165001,TA,5161.96,1.1111111640930176,9
2324700166001,TA,3700.0,2.0,6
2324700168001,TA,5609.67,1.3333333730697632,9
2324700169001,TA,5451.29,1.1111111640930176,9
2324700171001,TA,4586.16,1.25,8
2324700172001,TA,6848.88,0.5454545617103577,11
2324700173001,TA,9411.69,1.6470588445663452,17
2324700173002,TA,1372.61,2.0,2
2324700174001,TA,12014.86,1.4500000476837158,20
2324700177001,TA,1493.35,1.0,2
2324700178001,TA,3078.06,0.800000011920929,5
2324700179001,TA,3864.24,1.2000000476837158,5
2324700179002,TA,593.32,0.0,1
2324700180001,TA,8263.03,1.615384578704834,13
2324700183001,TA,7806.82,1.9285714626312256,14
2324700184001,TA,4697.15,1.4285714626312256,7
2324700186001,TA,1545.75,2.0,2
2324700187001,TA,5095.24,1.3333333730697632,9
2324700188001,TA,5574.2,1.7999999523162842,10
2324700191001,TA,7275.49,0.5,12
2324700192001,TA,3002.88,1.75,4
2324700195001,TA,5073.97,1.7000000476837158,10
2324700195004,TA,371.3,2.0,1
2324700197001,TA,2431.24,2.0,4
2324700202001,TA,3503.64,1.8333333730697632,6
2324700205001,TA,2560.61,0.6666666865348816,6
2324700205002,TA,2509.23,1.0,5
2324700206001,TA,1208.48,0.5,2
2324700206007,TA,1690.4,0.0,3
2324700213001,TA,4147.16,1.125,8
2324700214001,TA,3509.73,0.8333333134651184,6
2324700220001,TA,1102.23,1.5,2
2324700221001,TA,1454.52,1.3333333730697632,3
2324700222001,TA,5635.56,1.4444444179534912,9
2324700223001,TA,2957.95,1.0,6
2324700224001,TA,2713.64,1.0,3
2324700227001,TA,8851.38,0.4285714328289032,14
2324700231001,TA,16883.4,1.0399999618530273,25
2324700234001,TA,3144.21,1.600000023841858,5
2324700235001,TA,5403.4,1.7999999523162842,10
2324700236001,TA,7247.68,0.8181818127632141,11
2324700238001,TA,9165.98,0.6666666865348816,15
2324700240001,TA,7641.1,1.8333333730697632,12
2324700241001,TA,7106.72,1.25,12
2324700244001,TA,2660.16,1.7999999523162842,5
2324700245001,TA,1088.08,2.0,1
2324700246001,TA,4555.45,1.25,8
2324700247001,TA,5292.65,0.625,8
2324700247003,TA,2152.1,0.5,4
2324700250001,TA,9273.26,1.5833333730697632,12
2324700253001,TA,4172.48,0.7142857313156128,7
2324700253002,TA,3304.22,0.3333333432674408,6
2324700253005,TA,253.54,1.0,2
2324700257001,TA,1294.69,0.6666666865348816,3
2324700259001,TA,3439.71,1.2000000476837158,5
2324700259002,TA,1000.35,1.0,1
2324700261001,TA,2634.41,2.0,4
2324700263001,TA,5801.25,0.8999999761581421,10
2324700272001,TA,13294.26,1.047619104385376,21
2324700275001,TA,6673.75,1.545454502105713,11
2324700277001,TA,836.77,1.0,2
2324700279001,TA,6675.62,1.3333333730697632,9
2324700281001,TA,4851.16,1.7142857313156128,7
2324700284001,TA,2987.37,2.0,5
2324700286001,TA,13402.81,1.7619047164916992,21
2324700290001,TA,21899.4,1.4285714626312256,35
2324700293001,TA,5516.29,2.0,9
2324700295001,TA,4899.72,2.0,9
2324700295002,TA,294.02,2.0,1
2324700298001,TA,2446.32,2.0,5
2324700300001,TA,5726.08,1.25,8
2324700302001,TA,5215.55,1.2222222089767456,9
2324700303001,TA,5915.15,1.5833333730697632,12
2324700305001,TA,6008.59,1.7000000476837158,10
2324700306001,TA,6991.9,2.0,10
2324700310001,TA,6166.59,1.6666666269302368,9
2324700311001,TA,10042.66,2.0,15
2324700312001,TA,13884.58,2.0,20
2324700315001,TA,1429.89,2.0,3
2324700316001,TA,5906.76,1.5555555820465088,9
2324700318001,TA,8388.24,1.692307710647583,13
2324700322001,TA,10284.38,2.0,17
2324700323001,TA,9889.53,2.0,15
2324700325001,TA,9552.74,2.0,15
2324700327001,TA,1198.17,2.0,2
2324700328001,TA,1127.18,1.5,2
2324700335001,TA,3443.79,2.0,4
2324700336001,TA,3931.86,2.0,7
2324700337001,TA,1074.8,2.0,1
2324700339001,TA,5063.81,1.6666666269302368,9
2324700340001,TA,13507.59,1.6363636255264282,22
2324700343001,TA,10702.63,1.6875,16
2324700346001,TA,13939.18,0.40909090638160706,22
2324700347001,TA,8884.43,0.875,16
2324700354001,TA,5332.73,1.875,8
2324700355001,TA,6859.39,0.6153846383094788,13
2324700359001,TA,5374.03,0.1111111119389534,9
2324700360001,TA,12286.55,1.3157894611358643,19
2324700363001,TA,3043.15,0.0,6
2324700369001,TA,3464.66,1.0,5
2324700371001,TA,1832.01,1.0,2
2324700371002,TA,1268.18,2.0,2
2324700371003,TA,3031.44,1.8571428060531616,7
2324700374001,TA,14313.93,1.04347825050354,23
2324700375001,TA,5506.12,1.25,8
2324700381001,TA,675.0,2.0,2
2324700383001,TA,1226.31,2.0,1
2324700383002,TA,487.77,0.0,1
2324700387001,TA,4756.41,2.0,7
2324700391001,TA,2136.31,2.0,4
2324700393001,TA,3595.44,1.25,8
2324700395001,TA,9266.41,1.4666666984558105,15
2324700396001,TA,3187.81,1.8333333730697632,6
2324700399001,TA,3775.47,2.0,5
2324700399002,TA,1707.7,2.0,2
2324700399003,TA,1402.49,2.0,2
2324700400001,TA,1994.53,2.0,3
2324700401001,TA,1526.53,2.0,3
2324700403001,TA,3788.02,2.0,7
2324700407001,TA,8071.69,2.0,14
2324700407003,TA,684.13,2.0,1
2324700408001,TA,705.17,2.0,1
2324700409001,TA,3556.21,2.0,6
2324700410001,TA,2885.39,1.7999999523162842,5
2324700413001,TA,599.93,2.0,1
2324700415001,TA,2903.91,2.0,6
2324700417001,TA,1706.31,2.0,2
2324700418001,TA,3365.0,2.0,6
2324700420001,TA,10543.48,2.0,18
2324700421001,TA,4111.67,2.0,7
2324700422001,TA,4248.41,2.0,6
2324700423001,TA,1622.59,2.0,3
2324700425001,TA,3221.48,2.0,4
2324700428001,TA,4386.96,2.0,7
2324700429001,TA,15593.94,1.8695652484893799,23
2324700432001,TA,3705.73,0.7142857313156128,7
2324700433001,TA,3363.78,1.7999999523162842,5
2324700439001,TA,385.84,2.0,1
2324700440001,TA,1500.0,2.0,2
2324700443001,TA,11244.92,1.8823529481887817,17
2324700444001,TA,4609.95,2.0,6
2324700445001,TA,1939.75,1.5,2
2324700445002,TA,1757.88,2.0,3
2324700448001,TA,2633.54,2.0,4
2324700451001,TA,674.03,2.0,1
2324700452001,TA,6628.44,2.0,12
2324700453001,TA,2560.34,2.0,3
2324700455001,TA,12887.82,2.0,19
2324700456001,TA,1270.83,2.0,3
2324700462001,TA,5790.24,2.0,10
2324700473001,TA,23221.93,2.0,38
2324700476001,TA,646.82,2.0,2
2324700478001,TA,5114.35,2.0,8
2324700479001,TA,442.24,2.0,1
2324700481001,TA,7349.42,2.0,11
2324700482001,TA,6869.18,2.0,12
2324700483001,TA,10527.05,1.8823529481887817,17
2324700484001,TA,5210.23,1.5,10
2324700486001,TA,946.03,0.0,1
2324700487001,TA,5393.76,1.5,8
2324700488001,TA,6210.38,1.8888888359069824,9
2324700489001,TA,4769.95,1.8333333730697632,6
2324700490001,TA,8991.29,2.0,15
2324700491001,TA,1597.1,2.0,3
2324700499001,TA,1373.52,2.0,2
2324700501001,TA,6437.49,2.0,12
2324700503001,TA,10444.25,1.75,16
2324700508001,TA,4158.42,2.0,8
2324700512001,TA,1419.17,1.3333333730697632,3
2324700513001,TA,3651.29,1.8333333730697632,6
2324700517002,TA,352.79,2.0,1
2324700517003,TA,1334.12,2.0,3
2324700518001,TA,2585.11,2.0,3
2324700519005,TA,10217.14,2.0,16
2324700523001,TA,1139.94,2.0,2
2324700528001,TA,886.28,0.5,2
2324700534001,TA,1412.81,1.3333333730697632,3
2324700535001,TA,1915.8,1.0,3
2324700536001,TA,1107.76,0.0,1
2324700539001,TA,5311.34,1.875,8
2324700539004,TA,1499.13,2.0,2
2324700546001,TA,1488.04,2.0,2
2324700549001,TA,443.64,0.0,1
2324700553001,TA,2271.87,1.5,4
2324700554001,TA,3489.51,1.8571428060531616,7
2324700556001,TA,4155.71,2.0,9
2324700556003,TA,583.12,1.0,2
2324700556004,TA,1949.97,1.5,2
2324700556005,TA,3277.83,2.0,6
2324700561001,TA,1211.16,2.0,3
2324700561003,TA,1310.08,2.0,3
2324700561004,TA,1086.73,2.0,1
2324700561005,TA,1138.81,2.0,2
2324700563001,TA,1240.95,0.0,1
2324700563002,TA,1864.11,0.0,5
2324700563004,TA,79.55,2.0,1
2324700567001,TA,1340.27,0.0,3
2324700567002,TA,1662.56,0.0,3
2324700568001,TA,3918.26,2.0,6
2324700569001,TA,3019.16,2.0,5
2324700569002,TA,726.23,2.0,2
2324700570001,TA,4355.54,2.0,6
2324700570003,TA,874.54,2.0,1
2324700571001,TA,3020.15,2.0,4
2324700573001,TA,2207.69,1.600000023841858,5
2324700577001,TA,2253.94,2.0,3
2324700578001,TA,1988.03,2.0,3
2324700583001,TA,5653.19,2.8888888359069824,9
2324700584001,TA,790.92,2.0,2
2324700585001,TA,2794.22,2.0,4
2324700586001,TA,10942.62,2.0,17
2324700587001,TA,2279.68,2.0,4
2324700588001,TA,1582.39,2.0,3
2324700589001,TA,1563.84,2.0,2
2324700590001,TA,11169.71,1.9500000476837158,20
2324700593001,TA,5191.47,2.0,9
2324700596001,TA,4903.5,2.0,10
2324700602006,TA,1493.3,1.0,2
2324700605001,TA,10925.85,2.0,18
2324700608001,TA,2288.32,2.0,4
2324700609001,TA,1448.69,2.0,2
2324700612004,TA,510.05,2.0,1
2324700617001,TA,4598.77,2.0,8
2324700618001,TA,4719.67,2.0,6
2324700621001,TA,11356.15,2.0,16
2324700622001,TA,4549.87,2.0,8
2324700623001,TA,4838.82,2.0,8
2324700624001,TA,6390.07,2.0,11
2324700625001,TA,1669.51,2.0,3
2324700628001,TA,126932.71,2.444444417953491,198
2324700629001,TA,2414.62,2.0,4
2324700630001,TA,2120.02,4.0,3
2324700631001,TA,5603.59,3.4000000953674316,10
2324700635001,TA,8832.16,2.142857074737549,14
2324700636001,TA,5004.74,1.7142857313156128,7
2324700637001,TA,1851.76,0.6666666865348816,3
2324700638001,TA,1390.76,0.0,2
2324700642001,TA,1452.85,0.0,2
2324700644001,TA,312.72,2.0,1
2324700645001,TA,17367.2,2.0,29
2324700646001,TA,2577.0,2.0,4
2324700647001,TA,4119.89,2.0,7
2324700648001,TA,4811.09,2.0,7
2324700649001,TA,4887.87,2.0,9
2324700650001,TA,7053.21,2.0,13
2324700651001,TA,13177.25,2.0,19
2324700656001,TA,1211.95,2.0,1
2324700657001,TA,2265.17,2.0,4
2324700659001,TA,3154.59,2.0,4
2324700659002,TA,4603.25,2.0,7
2324700660001,TA,5394.93,2.0,10
2324700666001,TA,2716.72,2.0,4
2324700667001,TA,3975.77,1.0,8
2324700670001,TA,3755.68,2.0,6
2324700670004,TA,2260.82,2.0,4
2324700671001,TA,9136.78,1.625,16
2324700674001,TA,1660.99,2.0,3
2324700676001,TA,3827.8,2.0,6
2324700677001,TA,1788.61,2.0,3
2324700678001,TA,3173.48,2.0,6
2324700679001,TA,5102.15,2.0,8
2324700680001,TA,1896.09,1.0,2
2324700681001,TA,3414.63,0.800000011920929,5
2324700684001,TA,5989.89,2.0,10
2324700687001,TA,2189.78,1.6666666269302368,3
2324700691001,TA,4825.15,0.0,7
2324700695001,TA,8905.63,1.2000000476837158,15
2324700696001,TA,6413.56,2.0,10
2324700697001,TA,4064.31,2.0,5
2324700699001,TA,5928.73,2.0,9
2324700700001,TA,3887.97,2.0,7
2324700701001,TA,3157.98,1.600000023841858,5
2324700707001,TA,1683.6,2.0,4
2324700708001,TA,2846.35,2.0,4
2324700709001,TA,2080.08,2.0,3
2324700710001,TA,1442.41,2.0,3
2324700711001,TA,3714.76,2.0,6
2324700711002,TA,3017.89,2.0,5
2324700713001,TA,2054.03,2.0,4
2324700714001,TA,2073.83,2.0,3
2324700715001,TA,6651.74,2.0,10
2324700716001,TA,3183.89,2.0,5
2324700716002,TA,3477.38,1.5,4
2324700716005,TA,1209.86,2.0,3
2324700717001,TA,6682.05,2.0,12
2324700720001,TA,5907.58,1.3333333730697632,9
2324700721001,TA,2707.09,1.75,4
2324700722001,TA,2231.44,2.0,3
2324700723001,TA,3902.95,2.0,7
2324700724001,TA,2154.5,2.0,4
2324700726001,TA,2463.89,2.0,3
2324700727001,TA,2068.87,0.25,4
2324700737001,TA,1623.55,2.0,2
2324700738002,TA,622.7,2.0,2
2324700739001,TA,3817.71,2.0,5
2324700740001,TA,3455.29,2.0,6
2324700741001,TA,4782.7,2.0,7
2324700742001,TA,4088.6,2.0,7
2324700744001,TA,6716.59,2.0,12
2324700746001,TA,3507.32,2.0,6
2324700752001,TA,1522.51,2.0,2
2324700753001,TA,3091.28,2.0,5
2324700754001,TA,3279.13,2.0,5
2324700756001,TA,14832.48,2.0,24
2324700759001,TA,3240.7,2.0,6
2324700760001,TA,2842.15,2.0,4
2324700761001,TA,1834.66,2.0,3
2324700762001,TA,5717.2,2.0,10
2324700763001,TA,5231.98,2.0,8
2324700764001,TA,4816.31,1.3333333730697632,9
2324700765001,TA,6644.63,0.800000011920929,10
2324700769001,TA,3889.99,0.2857142984867096,7
2324700772001,TA,3384.18,1.5,4
2324700773001,TA,16928.3,2.0,30
2324700774001,TA,4010.82,2.0,6
2324700778001,TA,2603.63,2.0,5
2324700779001,TA,2894.12,2.0,2
2324700780001,TA,9801.97,2.0,15
2324700781001,TA,3836.32,2.0,7
2324700782001,TA,5070.02,2.0,8
2324700788001,TA,25347.11,2.0,37
2324700790001,TA,6090.86,2.0,11
2324700791001,TA,1367.05,2.0,1
2324700796001,TA,4460.4,2.0,8
2324700798001,TA,3893.56,2.0,5
2324700799001,TA,2983.75,2.0,4
2324700800001,TA,4959.22,2.0,8
2324700801001,TA,7030.24,2.0,12
2324700803001,TA,7453.55,2.0,13
2324700804001,TA,3854.41,2.0,6
2324700805002,TA,6788.87,2.0,11
2324700806001,TA,2890.12,2.0,4
2324700807001,TA,3407.02,2.0,5
2324700808001,TA,7641.77,2.0,11
2324700813001,TA,4929.87,2.0,7
2324700815001,TA,11503.64,2.0,19
2324700817001,TA,13419.22,2.0,21
2324700818001,TA,12963.85,2.0,21
2324700820001,TA,24049.5,2.0,38
2324700825001,TA,3949.67,2.0,6
2324700829001,TA,3985.54,2.0,7
2324700832001,TA,6138.15,2.0,12
2324700835001,TA,4135.61,2.0,8
2324700836001,TA,5708.85,2.0,9
2324700846001,TA,2419.3,2.0,6
2324700847001,TA,2407.72,2.0,4
2324700854001,TA,22839.05,0.2222222238779068,36
2324700856001,TA,5388.17,2.0,9
2324700857001,TA,17861.93,2.0,28
2324700858001,TA,2708.3,2.0,5
2324700859001,TA,2835.44,2.0,3
2324700861001,TA,14430.98,1.440000057220459,25
2324700865001,TA,7007.46,0.1818181872367859,11
2324700867001,TA,9011.34,1.0,16
2324700868001,TA,3836.02,2.0,5
2324700869001,TA,189.02,2.0,1
2324700870001,TA,2046.41,2.0,4
2324700871001,TA,3405.2,2.0,6
2324700874001,TA,6827.15,2.0,10
2324700876001,TA,7395.13,2.0,12
2324700877001,TA,525.03,2.0,1
2324700878001,TA,4886.62,2.0,7
2324700879001,TA,2591.99,2.0,5
2324700885001,TA,384.16,0.0,1
2324700887001,TA,3305.01,2.0,5
2324700888001,TA,3235.38,2.0,6
2324700889001,TA,1764.82,2.0,2
2324700891001,TA,3263.02,2.0,4
2324700892001,TA,1471.54,2.0,2
2324700893001,TA,2622.92,2.0,3
2324700894001,TA,723.0,2.0,2
2324700900001,TA,6228.33,1.0,10
2324700904001,TA,6161.62,0.2222222238779068,9
2324700906001,TA,20677.32,1.8125,32
2324700909001,TA,3976.42,2.0,6
2324700913001,TA,5267.1,2.0,9
2324700914001,TA,5410.07,2.0,10
2324700918002,TA,1000.63,2.0,3
2324700919001,TA,4461.87,2.0,8
2324700920001,TA,64963.91,2.0,106
2324700921001,TA,3321.87,2.0,5
2324700922001,TA,2944.25,2.0,4
2324700923001,TA,990.95,2.0,2
2324700923002,TA,3643.16,2.0,6
2324700924001,TA,4869.17,2.0,8
2324700924002,TA,344.49,2.0,1
2324700925001,TA,10324.56,2.0,16
2324700926001,TA,8641.73,2.0,13
2324700927001,TA,7093.2,2.0,11
2324700927003,TA,2665.88,2.0,5
2324700937002,TA,3851.5,2.0,7
2324700941001,TA,3914.69,2.0,6
2324700942001,TA,15258.76,2.0,22
2324700952001,TA,5486.99,2.0,8
2324700954001,TA,6127.48,2.0,10
2324700955001,TA,3941.86,2.0,5
2324700960001,TA,4217.88,2.0,7
2324700965001,TA,35258.66,2.0,57
2324700966001,TA,7200.7,2.0,11
2324700966002,TA,352.24,2.0,1
2324700972001,TA,4174.34,2.0,6
2324700978001,TA,486.15,2.0,2
2324700981001,TA,7316.11,2.0,12
2324700983001,TA,5408.32,2.0,8
2324700984001,TA,3924.73,2.0,6
2324700986001,TA,2408.35,2.0,5
2324700990001,TA,1821.42,2.0,3
2324700992001,TA,2507.83,2.0,4
2324700993001,TA,5851.1,2.0,10
2324700995001,TA,9542.47,2.0,16
2324700996001,TA,2613.68,2.0,3
2324700998001,TA,3563.9,2.0,5
2324701000001,TA,3654.56,2.0,5
2324701002001,TA,3004.98,2.0,3
2324701003001,TA,4463.04,2.0,6
2324701004001,TA,3135.22,2.0,5
2324701010001,TA,6462.59,2.0,9
2324701026001,TA,12262.36,2.0,19
2324701027001,TA,9660.99,2.0,17
2324701028001,TA,2266.76,2.0,2
2324701031001,TA,2816.2,2.0,4
2324701037001,TA,5760.93,2.0,9
2324701039001,TA,1308.3,2.0,2
2324701042004,TA,1102.49,2.0,1
2324701047001,TA,6765.29,2.0,12
2324701049001,TA,3835.01,1.0,6
2324701053001,TA,5735.64,0.0,9
2324701059001,TA,2539.93,0.0,3
2324701061001,TA,1419.44,2.0,2
2324701062001,TA,2752.8,2.0,4
2324701069001,TA,2132.23,0.5,4
2324701071001,TA,2845.67,2.0,5
2324701074001,TA,6290.98,2.0,11
2324701075001,TA,7876.65,1.7692307233810425,13
2324701078001,TA,2820.79,2.0,5
2324701079001,TA,1306.65,1.0,3
2324701089001,TA,2585.15,0.800000011920929,5
2324701096001,TA,2104.63,1.5,4
2324701100001,TA,1258.93,1.0,2
2324701105001,TA,4842.27,0.5714285969734192,7
2324701106001,TA,3937.41,1.8333333730697632,6
2324701108001,TA,5017.73,2.0,7
2324701113002,TA,1001.05,4.0,1
2324701114001,TA,4216.94,1.7777777910232544,9
2324701115001,TA,6041.0,1.9090908765792847,11
2324701123001,TA,4223.02,2.0,8
2324701123002,TA,1045.38,1.0,2
2324701123009,TA,2609.32,2.0,4
2324701123010,TA,3211.07,2.0,4
2324701123011,TA,2424.62,2.0,3
2324701124001,TA,1845.71,2.0,4
2324701124002,TA,1541.45,2.0,3
2324701126001,TA,539.36,2.0,1
2324701129001,TA,5291.36,2.0,9
2324701130001,TA,6078.26,2.0,8
2324701133003,TA,694.91,2.0,1
2324701133005,TA,543.48,2.0,1
2324701133006,TA,424.25,2.0,1
2324701135001,TA,2235.47,2.0,3
2324701135002,TA,1730.62,2.0,3
2324701135005,TA,2204.98,2.0,2
2324701135006,TA,1059.38,2.0,3
2324701136001,TA,853.53,2.0,1
2324701136002,TA,220.29,2.0,1
2324701140001,TA,958.94,2.0,1
2324701141001,TA,2745.32,3.0,4
2324701142001,TA,2326.72,0.5,4
2324701146001,TA,2203.03,1.25,4
2324701147001,TA,3165.88,1.0,5
2324701155001,TA,694.21,2.0,2
2324701156001,TA,5781.86,2.0,9
2324701160001,TA,4868.69,2.0,7
2324701161001,TA,9538.37,2.0,16
2324701167001,TA,1304.29,2.0,2
2324701168001,TA,2300.91,2.0,5
2324701169001,TA,2621.56,1.75,4
2324701172001,TA,4255.67,2.0,6
2324701173001,TA,5012.18,0.75,8
2324701174001,TA,4863.83,2.0,6
2324701175001,TA,3366.37,1.7999999523162842,5
2324701179001,TA,1850.62,2.0,2
2324701181002,TA,203.11,2.0,1
2324701182001,TA,1022.38,2.0,2
2324701186001,TA,425.02,2.0,1
2324701189001,TA,575.37,2.0,1
2324701191001,TA,3174.67,2.0,7
2324701192001,TA,5072.97,2.0,7
2324701204001,TA,6624.31,1.3333333730697632,9
2324701209001,TA,1479.94,1.0,1
2324701210001,TA,3774.44,2.0,6
2324701222001,TA,1915.06,2.0,4
2324701222002,TA,1213.13,2.0,2
2324701227001,TA,625.83,2.0,1
2324701228001,TA,864.95,1.0,2
2324701230001,TA,888.64,0.0,1
2324701236001,TA,4131.32,2.0,7
2324701239001,TA,245.16,1.0,1
2324701241001,TA,1363.56,0.5,2
2324701243001,TA,763.17,2.0,2
2324701251001,TA,3218.35,1.0,4
2324701251003,TA,1241.29,1.0,3
2324701259001,TA,3213.17,2.0,5
2324701262001,TA,3577.17,2.0,4
2324701273002,TA,647.45,0.0,1
2324701276001,TA,432.06,0.0,1
2324701284001,TA,1585.71,2.0,3
2324701285001,TA,6019.38,2.0,10
2324701291001,TA,973.61,0.0,2
2324701295002,TA,331.32,2.0,1
2324701300002,TA,110.25,2.0,1
2324701306001,TA,682.03,2.0,2
2324701310001,TA,209.07,2.0,1
2324701314001,TA,1956.15,2.0,3
2324701315001,TA,2137.8,0.75,4
2324701319001,TA,1711.59,0.0,2
2324701320001,TA,202.27,0.0,1
2324701323002,TA,299.78,0.5,2
2324701324003,TA,1828.68,0.6666666865348816,3
2324701325001,TA,296.69,1.0,1
2324701328001,TA,529.58,1.0,1
2324701329001,TA,683.84,1.0,1
2324701331001,TA,1853.07,1.6666666269302368,3
2324701338001,TA,715.68,2.0,1
2324701342001,TA,2387.72,2.0,4
2324701343001,TA,10651.61,2.0,18
2324701344001,TA,11303.18,2.0,17
2324701345001,TA,1475.17,2.0,3
2324701347001,TA,743.96,2.0,1
2324701348001,TA,6284.57,2.0,9
2324701349001,TA,1077.21,2.0,1
2324701364001,TA,3171.51,2.0,5
2324701366001,TA,1230.1,2.0,1
2324701367001,TA,1313.34,2.0,2
2324701368001,TA,1703.77,2.0,2
2324701371001,TA,4769.06,2.0,8
2324701374001,TA,2073.56,2.0,4
2324701375001,TA,2347.59,2.0,4
2324701379001,TA,1733.32,2.0,3
2324701380001,TA,855.62,2.0,1
2324701390001,TA,1681.6,1.3333333730697632,3
2324701398001,TA,1308.83,1.5,2
2324701400001,TA,2195.08,1.75,4
2324701400004,TA,2288.38,1.5,4
2324701401001,TA,2002.58,1.0,3
2324701401003,TA,1395.91,1.0,2
2324701401006,TA,496.95,0.5,2
2324701407001,TA,484.68,2.0,1
2324701408001,TA,1242.91,2.0,1
2324701412001,TA,5365.53,2.0,8
2324701413001,TA,1062.41,2.0,1
2324701417001,TA,1322.44,2.0,2
2324701418001,TA,2953.08,2.0,5
2324701419001,TA,1360.27,2.0,2
2324701423002,TA,101.9,2.0,1
2324701427001,TA,1035.62,1.6666666269302368,3
2324701427003,TA,971.92,0.0,2
2324701429001,TA,1455.72,2.0,1
2324701430001,TA,1807.83,0.0,2
2324701431001,TA,996.28,0.0,1
2324701432001,TA,6445.18,1.5555555820465088,9
2324701436001,TA,1220.6,2.0,2
2324701440001,TA,737.74,0.0,1
2324701441001,TA,504.17,1.0,1
2324701441002,TA,722.09,1.0,1
2324701442001,TA,1041.81,0.5,2
2324701443001,TA,3736.44,1.5,8
2324701444003,TA,134.99,2.0,1
2324701453001,TA,876.34,1.0,2
2324701457001,TA,1289.53,0.0,2
2324701466001,TA,3091.55,0.75,4
2324701468001,TA,193.38,2.0,1
2324701470002,TA,236.83,0.0,1
2324701474001,TA,6525.87,1.600000023841858,10
2324701478001,TA,3119.91,1.7999999523162842,5
2324701485002,TA,195.33,2.0,1
2324701489002,TA,6483.46,1.8461538553237915,13
2324701493001,TA,2218.83,0.0,4
2324701494001,TA,1470.67,1.0,4
2324701495001,TA,1556.52,1.5,2
2324701497001,TA,3400.02,1.1428571939468384,7
2324701498001,TA,5067.08,0.4444444477558136,9
2324701499001,TA,5467.94,1.5555555820465088,9
2324701500001,TA,2904.99,1.399999976158142,5
2324701501001,TA,2264.26,1.5,4
2324701502001,TA,779.3,0.0,2
2324701503001,TA,2368.89,1.2000000476837158,5
2324701504001,TA,1283.65,1.5,2
2324701505001,TA,2333.57,1.75,4
2324701507001,TA,3549.02,1.3333333730697632,6
2324701508005,TA,1403.49,2.0,3
2324701508008,TA,279.47,0.5,2
2324701508009,TA,104.5,2.0,1
2324701509001,TA,924.3,2.0,2
2324701509002,TA,1238.81,1.0,2
2324701510002,TA,225.73,2.0,1
2324701510005,TA,409.49,2.0,2
2324701511001,TA,1615.31,0.5,2
2324701511003,TA,800.78,2.0,1
2324701513001,TA,5781.03,1.875,8
2324701514001,TA,3322.82,1.5,6
2324701515001,TA,2333.61,0.25,4
2324701516001,TA,4807.04,1.4444444179534912,9
2324701517001,TA,5013.44,1.4444444179534912,9
2324701518001,TA,4284.38,1.6666666269302368,6
2324701519001,TA,5840.85,1.5,10
2324701521001,TA,3123.46,1.5,4
2324701522001,TA,2613.92,1.2000000476837158,5
2324701523001,TA,2938.74,1.75,4
2324701524001,TA,2528.11,0.6666666865348816,3
2324701525001,TA,9375.01,0.9333333373069763,15
2324701526001,TA,4673.61,1.2857142686843872,7
2324701528001,TA,5144.26,2.0,9
2324701528002,TA,405.36,2.0,1
2324701529001,TA,4909.24,2.0,8
2324701530001,TA,4427.39,2.0,8
2324701531001,TA,1680.27,2.0,4
2324701532001,TA,12566.73,1.8888888359069824,18
2324701534001,TA,2880.23,2.0,4
2324701541001,TA,1682.7,2.0,4
2324701543001,TA,1767.92,1.75,4
2324701544001,TA,3919.78,1.8571428060531616,7
2324701545002,TA,533.32,2.0,1
2324701550003,TA,103.44,2.0,1
2324701552001,TA,813.87,1.0,2
2324701553001,TA,725.3,2.0,1
2324701554001,TA,4590.29,2.0,7
2324701555001,TA,8390.97,2.0,13
2324701558001,TA,4553.56,2.0,7
2324701560001,TA,1274.71,2.0,1
2324701561001,TA,3683.39,2.0,6
2324701562001,TA,1596.05,2.0,1
2324701563001,TA,452.35,2.0,1
2324701565001,TA,9039.31,2.0,14
2324701566001,TA,937.13,2.0,1
2324701567001,TA,1515.66,2.0,2
2324701567002,TA,236.35,2.0,1
2324701569001,TA,4187.82,1.875,8
2324701570001,TA,12147.83,1.2380952835083008,21
2324701575001,TA,23514.08,1.2820513248443604,39
2324701576001,TA,4130.58,2.0,8
2324701576002,TA,900.82,2.0,1
2324701577001,TA,3240.14,1.399999976158142,5
2324701578001,TA,7742.25,0.5,12
2324701579001,TA,3850.01,2.0,7
2324701581001,TA,4855.29,2.0,7
2324701582001,TA,2399.14,2.0,4
2324701584001,TA,6090.51,2.0,12
2324701585001,TA,5736.91,2.0,8
2324701587002,TA,464.21,2.0,1
2324800002001,TA,2601.55,1.7999999523162842,5
2324800005001,TA,7681.0,1.5833333730697632,12
2324800006001,TA,4031.0,1.6666666269302368,6
2324800014001,TA,6685.23,2.0,11
2324800019002,TA,12305.56,0.0,15
2324800020001,TA,4845.55,1.4285714626312256,7
2324800021001,TA,23969.62,1.3513513803482056,37
2324800022001,TA,9841.64,2.0,16
2324800023001,TA,19342.05,2.0,31
2324800024001,TA,4878.04,2.0,8
2324800025001,TA,16146.94,2.0,25
2324800026002,TA,376.4,2.0,1
2324800027001,TA,6622.97,1.399999976158142,10
2324800031001,TA,818.18,0.0,1
2324800032001,TA,1940.09,0.0,4
2324800033003,TA,10101.6,0.5,8
2324800045002,TA,8967.39,0.1875,16
2324800046001,TA,27003.97,1.6818181276321411,44
2324800047001,TA,9428.47,0.9333333373069763,15
2324800135001,TA,7190.44,1.25,12
2324800136001,TA,502.84,2.0,1
2324800151001,TA,12958.4,0.7222222089767456,18
2324800152001,TA,5061.35,0.1428571492433548,7
2324800152002,TA,8503.07,1.7333333492279053,15
2324800157001,TA,6981.6,0.8999999761581421,10
2324800171001,TA,1827.36,0.3333333432674408,3
2324800178001,TA,5734.43,0.9090909361839294,11
2324800179001,TA,7554.21,1.75,12
2324800182001,TA,7410.55,1.8181818723678589,11
2324800186001,TA,1834.03,1.5,4
2324800187001,TA,1633.08,2.0,3
2324800188001,TA,3396.39,1.6666666269302368,6
2324800189001,TA,2509.67,2.0,4
2324800190001,TA,3339.94,1.75,4
2324800191001,TA,3305.83,1.600000023841858,5
2324800192001,TA,2274.11,2.0,3
2324800193001,TA,1830.37,1.6666666269302368,3
2324800194001,TA,3039.92,2.0,6
2324800194002,TA,3274.72,2.0,5
2324800195001,TA,3980.62,2.0,7
2324800196001,TA,6139.2,1.9090908765792847,11
2324800202001,TA,1549.2,2.0,2
2324800202003,TA,2738.07,2.0,4
2324800202004,TA,1399.68,1.3333333730697632,3
2324800203001,TA,1937.92,2.0,4
2324800205001,TA,3770.89,2.0,6
2324800207001,TA,5298.74,2.0,10
2324800208001,TA,4992.13,1.5,8
2324800209001,TA,13552.23,1.6818181276321411,22
2324800210001,TA,3484.53,2.0,5
2324800215001,TA,3979.04,2.0,5
2324800216001,TA,1916.71,2.0,3
2324800218001,TA,2004.11,2.0,2
2324800219001,TA,8890.24,1.600000023841858,15
2324800220001,TA,2123.74,1.0,3
2324800222001,TA,3520.34,0.75,4
2324800227001,TA,31668.47,1.3921568393707275,51
2324800234001,TA,1748.99,2.0,2
2324800235001,TA,4679.14,1.1428571939468384,7
2324800243001,TA,1622.14,0.6666666865348816,3
2324800244001,TA,1761.59,1.5,2
2324800245001,TA,2541.48,1.5,4
2324800247001,TA,8412.99,1.2000000476837158,15
2324800250001,TA,6071.56,1.6666666269302368,9
2324800251001,TA,2447.5,0.4000000059604645,5
2324800254001,TA,5003.25,2.0,7
2324800258001,TA,196.97,0.0,1
2324800260005,TA,2143.49,0.0,3
2324800266001,TA,4742.38,2.0,7
2324800267001,TA,5445.16,1.3333333730697632,9
2324800268001,TA,8943.19,1.0714285373687744,14
2324800269001,TA,5628.23,0.4285714328289032,7
2324800271001,TA,2432.02,0.0,4
2324800271002,TA,8033.3,0.6363636255264282,11
2324800271006,TA,344.92,0.0,2
2324800274001,TA,1630.88,0.3333333432674408,3
2324800275001,TA,5491.29,1.125,8
2324800282001,TA,2035.45,1.75,4
2324800283001,TA,3037.29,1.399999976158142,5
2324800286001,TA,4466.92,1.5714285373687744,7
2324800288001,TA,6388.91,0.6666666865348816,9
2324800290001,TA,3147.27,2.0,6
2324800292001,TA,2473.86,1.5,4
2324800295001,TA,17947.81,1.8888888359069824,27
2324800298001,TA,5633.77,2.0,8
2324800300001,TA,7393.55,1.6666666269302368,12
2324800305001,TA,7538.2,1.7000000476837158,10
2324800307001,TA,7107.81,1.6363636255264282,11
2324800313001,TA,7059.81,1.2999999523162842,10
2324800317001,TA,8336.36,1.8571428060531616,14
2324800321001,TA,6466.46,2.0,12
2324800323001,TA,4211.04,2.0,8
2324800324001,TA,5642.57,1.7000000476837158,10
2324800329001,TA,7749.13,1.5,12
2324800333001,TA,2276.75,2.0,3
2324800334001,TA,4565.78,1.5714285373687744,7
2324800337001,TA,12322.68,1.9090908765792847,22
2324800338001,TA,2371.22,2.0,3
2324800345001,TA,6091.09,2.0,10
2324800357001,TA,1511.88,1.0,3
2324800359001,TA,4546.47,1.4444444179534912,9
2324800360001,TA,1592.51,1.0,3
2324800361001,TA,4914.22,1.4285714626312256,7
2324800362001,TA,2832.13,2.0,6
2324800363001,TA,796.0,1.0,2
2324800364001,TA,4702.36,0.875,8
2324800366001,TA,2753.86,1.0,4
2324800369001,TA,922.32,1.0,2
2324800380001,TA,2325.12,1.0,3
2324800383001,TA,3835.52,0.8571428656578064,7
2324800384001,TA,8500.47,1.7333333492279053,15
2324800386001,TA,4067.49,1.6666666269302368,6
2324800388001,TA,1267.5,1.5,2
2324800389001,TA,3475.96,2.0,4
2324800390001,TA,5369.07,1.625,8
2324800392001,TA,8494.44,1.4375,16
2324800395001,TA,7330.01,1.0909091234207153,11
2324800396001,TA,4879.16,2.0,7
2324800397001,TA,9009.36,2.0,16
2324800400001,TA,2169.51,0.75,4
2324800403001,TA,3397.32,1.600000023841858,5
2324800404001,TA,1920.73,1.5,2
2324800406001,TA,9185.81,1.5,14
2324800410001,TA,9409.94,1.875,16
2324800411001,TA,3160.5,2.0,5
2324800419001,TA,1349.78,0.0,2
2324800421001,TA,1718.58,0.0,2
2324800423001,TA,3357.65,2.0,5
2324800424001,TA,7338.98,2.0,11
2324800425001,TA,572.63,1.5,2
2324800431001,TA,7569.24,1.9166666269302368,12
2324800433001,TA,2927.28,1.600000023841858,5
2324800435001,TA,2849.88,0.5,4
2324800440001,TA,1185.7,0.0,2
2324800441001,TA,5978.51,0.2222222238779068,9
2324800447001,TA,5831.43,0.0,9
2324800450001,TA,9309.22,0.0,14
2324800451001,TA,3109.0,0.4000000059604645,5
2324800453001,TA,3639.76,0.0,7
2324800456001,TA,3043.06,0.800000011920929,5
2324800461001,TA,861.32,2.0,1
2324800462001,TA,5118.29,2.0,7
2324800464001,TA,9599.59,0.7142857313156128,14
2324800465001,TA,3278.0,1.1428571939468384,7
2324800466001,TA,2759.43,1.75,4
2324800469001,TA,4726.14,1.625,8
2324800470001,TA,8185.09,0.9166666865348816,12
2324800471001,TA,1959.34,1.6666666269302368,3
2324800472001,TA,3494.56,1.0,5
2324800473001,TA,2077.59,0.5,4
2324800475001,TA,4739.99,0.0,8
2324800476001,TA,207.09,0.0,1
2324800477001,TA,5105.52,0.0,7
2324800480001,TA,4135.2,0.800000011920929,5
2324800481001,TA,2749.0,1.600000023841858,5
2324800483001,TA,13612.33,0.8181818127632141,22
2324800489001,TA,6254.9,1.2222222089767456,9
2324800494001,TA,2894.83,2.0,3
2324800496001,TA,4884.32,1.8571428060531616,7
2324800497001,TA,1197.6,0.0,2
2324800502001,TA,8709.11,1.9285714626312256,14
2324800503001,TA,5296.8,1.75,8
2324800504001,TA,6924.82,0.800000011920929,15
2324800506001,TA,2995.4,1.4285714626312256,7
2324800516001,TA,6125.05,1.6666666269302368,12
2324800517001,TA,4655.35,1.75,8
2324800518001,TA,8507.63,1.5384615659713745,13
2324800524001,TA,4370.85,1.7142857313156128,7
2324800529001,TA,5782.65,1.1111111640930176,9
2324800533001,TA,6108.12,1.8181818723678589,11
2324800537001,TA,7693.21,1.8333333730697632,12
2324800542001,TA,10703.97,0.4736842215061188,19
2324800544001,TA,13386.21,1.3125,16
2324800550001,TA,10079.12,1.7647058963775635,17
2324800553001,TA,4848.37,0.3333333432674408,6
2324800554001,TA,9175.1,1.375,16
2324800560001,TA,7635.21,1.3333333730697632,12
2324800563001,TA,5952.06,1.2999999523162842,10
2324800564001,TA,5971.28,1.600000023841858,10
2324800565001,TA,4132.27,2.0,6
2324800567001,TA,5560.82,1.7999999523162842,10
2324800570001,TA,14195.29,1.6956521272659302,23
2324800573001,TA,8374.26,1.692307710647583,13
2324800579001,TA,2967.25,1.600000023841858,5
2324800581001,TA,6190.33,1.2727272510528564,11
2324800586001,TA,10409.75,1.2666666507720947,15
2324800589001,TA,4896.16,1.5555555820465088,9
2324800590001,TA,9677.64,2.0,15
2324800590003,TA,1376.17,2.0,2
2324800592001,TA,10890.12,1.9444444179534912,18
2324800593001,TA,2865.03,1.3333333730697632,3
2324800595001,TA,3960.55,0.8571428656578064,7
2324800597001,TA,2859.04,2.0,5
2324800598001,TA,4071.9,2.0,5
2324800599002,TA,102.91,2.0,1
2324800600001,TA,3664.28,2.0,7
2324800601001,TA,3772.34,2.0,6
2324800602001,TA,818.8,2.0,2
2324800604001,TA,9257.53,2.0,14
2324800607001,TA,7016.39,1.6666666269302368,12
2324800610001,TA,6196.07,1.8888888359069824,9
2324800612001,TA,6601.73,1.899999976158142,10
2324800613001,TA,9720.37,2.0,17
2324800615001,TA,3806.59,2.0,6
2324800616001,TA,3890.25,2.0,7
2324800617001,TA,763.37,1.0,1
2324800621001,TA,4530.31,1.7142857313156128,7
2324800622001,TA,12826.97,1.7619047164916992,21
2324800627001,TA,13660.73,1.1363636255264282,22
2324800631001,TA,8041.92,1.5,12
2324800634001,TA,6364.7,1.2999999523162842,10
2324800635001,TA,11740.14,1.6842105388641357,19
2324800638001,TA,7244.68,1.7000000476837158,10
2324800639001,TA,10011.51,1.8888888359069824,18
2324800640001,TA,7415.76,1.7000000476837158,10
2324800641001,TA,3955.8,2.0,6
2324800642001,TA,6123.22,1.545454502105713,11
2324800642002,TA,2927.85,0.3333333432674408,3
2324800642005,TA,1565.83,0.0,3
2324800646001,TA,26981.43,0.7857142686843872,42
2324800650001,TA,9959.01,1.6875,16
2324800652001,TA,22294.5,1.2702702283859253,37
2324800656001,TA,6514.52,1.0,9
2324800660001,TA,8116.63,2.0,13
2324800661001,TA,6547.01,2.0,12
2324800663001,TA,5275.54,2.0,7
2324800667001,TA,17354.46,1.7931034564971924,29
2324800668001,TA,7025.37,2.0,10
2324800669001,TA,7523.82,1.8461538553237915,13
2324800672001,TA,1545.66,2.0,2
2324800674001,TA,2033.21,2.0,4
2324800675001,TA,1335.57,2.0,1
2324800676001,TA,1793.7,2.0,3
2324800677001,TA,4233.73,2.0,5
2324800679001,TA,8559.87,2.0,13
2324800680001,TA,2741.08,1.7999999523162842,5
2324800681001,TA,4008.73,2.0,6
2324800682001,TA,2524.69,2.0,4
2324800687002,TA,2532.92,2.0,5
2324800690001,TA,6068.88,2.0,8
2324800693001,TA,3553.72,2.0,8
2324800694001,TA,21359.28,1.9696969985961914,33
2324800699001,TA,17988.45,1.8333333730697632,30
2324800700001,TA,8713.27,2.0,14
2324800704001,TA,7942.34,2.0,13
2324800708001,TA,7196.58,1.8333333730697632,12
2324800709001,TA,8973.11,1.9285714626312256,14
2324800710001,TA,3206.1,2.0,6
2324800711001,TA,2655.94,2.0,3
2324800712001,TA,2388.99,2.0,3
2324800713001,TA,7904.31,2.0,14
2324800717001,TA,2055.37,2.0,4
2324800727001,TA,4041.6,1.25,8
2324800727002,TA,3753.72,1.25,4
2324800727004,TA,2704.95,0.75,4
2324800727007,TA,109.89,1.0,1
2324800732001,TA,9838.36,1.7058823108673096,17
2324800735001,TA,2017.61,2.0,3
2324800738001,TA,2806.64,1.5,4
2324800744001,TA,5057.78,1.875,8
2324800751002,TA,1793.9,1.3333333730697632,3
2324800753001,TA,7946.7,1.25,12
2324800754001,TA,4864.95,1.7000000476837158,10
2324800758001,TA,6911.22,2.0,11
2324800760001,TA,8192.78,2.0,12
2324800766001,TA,5197.55,1.6666666269302368,9
2324800769001,TA,6579.41,2.0,11
2324800771001,TA,6576.12,1.9090908765792847,11
2324800773001,TA,10145.71,1.941176414489746,17
2324800776001,TA,18894.35,1.8965517282485962,29
2324800801001,TA,8345.0,1.7692307233810425,13
2324800802001,TA,14846.42,1.7272727489471436,22
2324800806001,TA,6683.44,2.0,13
2324800811001,TA,6260.88,2.0,9
2324800812001,TA,6075.15,2.0,11
2324800817001,TA,15391.82,2.0,25
2324800820001,TA,8822.89,2.0,12
2324800821001,TA,8863.79,2.0,14
2324800825001,TA,3879.28,2.0,8
2324800826001,TA,5562.61,2.0,10
2324800827001,TA,5097.44,1.75,8
2324800828001,TA,8909.86,1.7857142686843872,14
2324800829001,TA,8636.76,1.5384615659713745,13
2324800832001,TA,3487.53,1.4285714626312256,7
2324800833001,TA,9377.89,2.0,15
2324800836001,TA,8370.85,2.0,11
2324800837001,TA,4803.91,1.875,8
2324800838001,TA,5218.39,2.0,8
2324800846001,TA,1180.25,2.0,2
2324800848001,TA,13894.63,1.60869562625885,23
2324800852001,TA,4649.34,1.75,8
2324800854001,TA,4900.27,1.7142857313156128,7
2324800857001,TA,18950.4,1.7878787517547607,33
2324800859001,TA,13498.01,1.9500000476837158,20
2324800864001,TA,11504.54,1.6470588445663452,17
2324800867001,TA,3104.49,0.0,4
2324800867004,TA,2860.21,1.0,5
2324800870001,TA,4078.98,1.5,6
2324800872001,TA,3854.25,1.625,8
2324800873001,TA,6518.21,1.2727272510528564,11
2324800874001,TA,10298.58,1.9333332777023315,15
2324800876001,TA,9800.03,1.6875,16
2324800879001,TA,5002.36,1.8571428060531616,7
2324800879003,TA,5758.48,0.9090909361839294,11
2324800879004,TA,449.08,1.0,1
2324800882001,TA,3348.56,0.8333333134651184,6
2324800884001,TA,6577.73,2.0,8
2324800887001,TA,9305.96,2.0,14
2324800893002,TA,2849.51,1.0,6
2324800896001,TA,3055.0,0.1428571492433548,7
2324800897001,TA,3001.82,0.25,4
2324800898001,TA,4785.26,1.5,8
2324800901001,TA,23685.83,1.8108108043670654,37
2324800906001,TA,3330.06,2.0,6
2324800907001,TA,4721.72,2.0,7
2324800909001,TA,6551.25,2.0,11
2324800910001,TA,5083.68,2.0,9
2324800911001,TA,4654.72,1.8571428060531616,7
2324800912001,TA,6451.33,1.9090908765792847,11
2324800915001,TA,5180.82,1.625,8
2324800920001,TA,3951.98,2.0,7
2324800921001,TA,9041.41,2.0,14
2324800922001,TA,4068.38,2.0,6
2324800923001,TA,6425.55,2.0,10
2324800924001,TA,4250.01,2.0,5
2324800925001,TA,5599.16,2.0,9
2324800927001,TA,4580.36,2.0,9
2324800928001,TA,4900.85,2.0,8
2324800930001,TA,9240.06,1.7333333492279053,15
2324800932001,TA,7027.39,1.9166666269302368,12
2324800933001,TA,4727.45,2.0,7
2324800934001,TA,9400.22,2.0,15
2324800935001,TA,2369.04,2.0,4
2324800936001,TA,10230.9,1.8125,16
2324800937001,TA,16334.62,1.8695652484893799,23
2324800938001,TA,8540.91,2.0,15
2324800939001,TA,6438.57,2.0,11
2324800941001,TA,20909.52,2.0,32
2324800945001,TA,15423.31,1.75,24
2324801139001,TA,7428.2,1.7692307233810425,13
2324801143001,TA,2097.08,1.6666666269302368,3
2324801145001,TA,16244.59,2.0,23
2324801147003,TA,13572.42,2.0,23
2324801163001,TA,8206.48,1.5384615659713745,13
2324801163002,TA,262.18,2.0,1
2324801164001,TA,8387.72,1.8333333730697632,12
2324801165001,TA,6853.68,2.0,10
2324801166001,TA,5736.2,2.0,9
2324801167001,TA,11907.59,1.8333333730697632,18
2324801168001,TA,10348.86,1.4117647409439087,17
2324801180001,TA,2628.8,0.0,2
2324801185001,TA,2292.21,1.0,6
2324801188001,TA,3466.39,1.0,6
2324801191001,TA,1235.93,0.0,1
2324801192001,TA,935.02,0.0,1
2324801203001,TA,4539.88,0.0,8
2324801205001,TA,615.31,2.0,2
2324801228001,TA,4422.45,2.0,7
2324801230001,TA,1308.54,1.0,2
2324801232001,TA,1187.34,1.0,2
2324801236002,TA,1122.04,0.0,2
2324801240002,TA,1128.89,2.0,2
2324801245001,TA,7143.16,1.7000000476837158,10
2324801247001,TA,646.35,1.5,2
2324801250001,TA,373.84,2.0,1
2324801259001,TA,2501.8,2.0,3
2324801263001,TA,4398.56,0.8888888955116272,9
2324801267002,TA,121.84,0.0,1
2324801272002,TA,116.91,0.0,1
2324801272003,TA,167.71,0.0,1
2324801274001,TA,2109.0,0.0,3
2324801285001,TA,2968.2,0.0,5
2324801286001,TA,1068.63,0.5,2
2324801287001,TA,658.88,0.0,2
2324801288001,TA,410.56,0.0,1
2324801291001,TA,1068.3,0.5,2
2324801316001,TA,386.42,2.0,1
2324801385001,TA,1155.65,1.25,4
2324801389001,TA,721.45,0.0,1
2324801394001,TA,546.2,2.0,1
2324801396002,TA,446.52,2.0,1
2324801397001,TA,597.03,2.0,1
2324801398001,TA,1222.17,2.0,2
2324801402001,TA,1326.89,1.3333333730697632,3
2324801407001,TA,334.54,2.0,1
2324801408001,TA,1662.95,1.5,2
2324801419002,TA,593.05,1.0,1
2324801421001,TA,1633.71,1.5,2
2324801421003,TA,554.56,2.0,2
2324801423001,TA,1856.32,1.0,4
2324801426002,TA,246.36,1.0,1
2324801427001,TA,3028.99,1.600000023841858,5
2324801429001,TA,578.55,0.0,1
2324801433001,TA,1546.03,0.0,1
2324801434002,TA,299.57,2.0,1
2324801436001,TA,246.13,2.0,1
2324801437001,TA,1685.21,1.3333333730697632,3
2324801444001,TA,2611.67,1.2000000476837158,5
2324801446001,TA,2393.98,1.5,4
2324801450001,TA,1586.44,2.0,1
2324801452001,TA,572.4,1.0,1
2324801454001,TA,10525.9,1.2105263471603394,19
2324801458001,TA,5824.17,1.600000023841858,10
2324801458005,TA,282.58,2.0,1
2324801460001,TA,4446.98,1.4285714626312256,7
2324801461001,TA,970.7,2.0,1
2324801463001,TA,909.03,2.0,2
2324801465001,TA,3980.77,0.5714285969734192,7
2324801465002,TA,801.83,1.5,2
2324801467001,TA,2493.72,1.600000023841858,5
2324801508001,TA,1144.14,0.0,2
2324801508002,TA,928.41,1.0,3
2324801516001,TA,344.26,2.0,1
2324801519002,TA,256.82,2.0,1
2324801523001,TA,1161.11,2.0,2
2324801526001,TA,1062.72,2.0,1
2324801528001,TA,14296.51,1.6666666269302368,21
2324801528004,TA,869.1,2.0,1
2324801531003,TA,7453.55,1.454545497894287,11
2324801534002,TA,215.87,2.0,1
2324801540001,TA,848.02,1.0,2
2324801542001,TA,490.89,0.0,1
2324801545001,TA,1989.99,1.6666666269302368,3
2324801545006,TA,1215.81,1.0,2
2324801546001,TA,506.78,1.0,1
2324801547001,TA,406.54,1.0,1
2324801549001,TA,909.42,2.0,1
2324801550001,TA,908.16,1.5,2
2324801551005,TA,246.52,2.0,1
2324801552001,TA,2300.09,1.0,1
2324801553001,TA,387.16,1.0,1
2324801554001,TA,360.05,2.0,1
2324801556003,TA,1001.59,1.0,1
2324801556004,TA,269.7,1.0,1
2324801556007,TA,189.23,1.0,1
2324801557001,TA,8473.51,1.7857142686843872,14
2324801558001,TA,17297.9,1.53125,32
2324801558002,TA,505.38,2.0,1
2324801559002,TA,159.33,2.0,1
2324801560002,TA,205.54,1.0,1
2324801561001,TA,506.03,2.0,2
2324801563001,TA,964.11,2.0,1
2324801564001,TA,13119.35,1.7727272510528564,22
2324801566001,TA,538.8,2.0,1
2324801567001,TA,507.91,2.0,1
2324801569001,TA,325.95,2.0,1
2324801571001,TA,5192.94,1.875,8
2324801571003,TA,7037.84,2.0,12
2324801573001,TA,2086.28,2.0,2
2324801574002,TA,418.81,2.0,1
2324801576001,TA,971.77,1.0,1
2324801578001,TA,1235.1,2.0,2
2324801579001,TA,2457.4,1.5,4
2324801581001,TA,693.09,1.0,1
2324801586001,TA,298.78,2.0,1
2324801587001,TA,10169.68,2.0,17
2324801589001,TA,1806.02,2.0,2
2324801591001,TA,2082.68,2.0,4
2324801593001,TA,1009.15,1.5,2
2324801595001,TA,572.76,2.0,1
2324801597001,TA,2365.04,2.0,3
2324801598001,TA,1029.9,2.0,1
2324801601001,TA,466.65,2.0,1
2324801602001,TA,689.93,2.0,1
2324801603001,TA,110.47,2.0,1
2324801608001,TA,2162.42,1.5,2
2324801609001,TA,1126.33,2.0,1
2324801610001,TA,3549.42,2.0,4
2324801611001,TA,6374.0,2.0,11
2324801612001,TA,4865.95,2.0,9
2324801613001,TA,4094.29,2.0,5
2324801615001,TA,649.52,2.0,1
2324801616002,TA,117.88,2.0,1
2324801616003,TA,1077.01,2.0,2
2324801617001,TA,1031.67,2.0,1
2324801619001,TA,20151.98,2.0,31
2324801623002,TA,243.87,2.0,1
2324801626001,TA,3366.97,2.0,4
2324801627001,TA,8204.61,2.0,14
2324801629001,TA,4995.57,1.875,8
2324801630001,TA,5768.59,1.8181818723678589,11
2324801631001,TA,2727.38,2.0,5
2324801632001,TA,3441.89,1.7999999523162842,5
2324801633001,TA,1756.93,1.3333333730697632,3
2324801634001,TA,521.8,2.0,1
2324801635002,TA,584.73,2.0,1
2324801635003,TA,264.76,2.0,1
2324801635004,TA,161.28,2.0,1
2324801636005,TA,3295.37,0.8333333134651184,6
2324801638001,TA,3375.22,0.8333333134651184,6
2324801638003,TA,407.45,0.0,2
2324801639001,TA,2514.67,1.7999999523162842,5
2324801640001,TA,2231.22,1.75,4
2324801642001,TA,7792.68,1.9090908765792847,11
2324801643001,TA,4707.58,1.8571428060531616,7
2324801644001,TA,4270.42,1.5,8
2324801645001,TA,3896.03,1.6666666269302368,6
2324801646001,TA,3903.67,1.7999999523162842,5
2324801647001,TA,4405.53,2.0,7
2324801648001,TA,4982.49,1.875,8
2324801650001,TA,1349.42,2.0,3
2324801651002,TA,2624.0,2.0,4
2324801652001,TA,1031.49,2.0,1
2324801653001,TA,4976.61,1.2222222089767456,9
2324801655001,TA,2675.75,2.0,5
2324801656001,TA,3562.81,1.3333333730697632,6
2324801657001,TA,2069.7,0.5,2
2324801658001,TA,2650.47,0.0,5
2324801661001,TA,239.21,0.0,1
2324801662001,TA,7332.81,2.0,11
2324801663001,TA,5203.03,2.0,9
2324801665001,TA,3859.29,2.0,6
2324801715002,TA,121.36,1.0,1
2324801716001,TA,2665.56,1.25,4
2324801717001,TA,1827.41,1.5,4
2324801719001,TA,2965.96,1.600000023841858,5
2324801719003,TA,452.86,0.0,1
2324801720001,TA,126.23,0.0,1
2324801721001,TA,147.28,2.0,1
2324801732001,TA,136.75,2.0,1
2324801737001,TA,5968.36,1.0,9
2324801741001,TA,1848.81,0.0,3
2324801742001,TA,518.04,2.0,1
2324801743001,TA,1067.96,2.0,2
2324801744002,TA,834.86,2.0,1
2324801744003,TA,3203.75,1.2000000476837158,5
2324801745001,TA,2648.92,2.0,4
2324801746001,TA,3347.42,2.0,4
2324801747001,TA,946.95,2.0,2
2324801748002,TA,364.25,0.0,2
2324801748003,TA,142.33,2.0,1
2324801749001,TA,3283.88,2.0,4
2324801750001,TA,2656.65,2.0,5
2324801751001,TA,1242.63,2.0,2
2324801752001,TA,1771.81,2.0,1
2324801753001,TA,3851.26,1.8333333730697632,6
2324801754001,TA,972.92,2.0,2
2324801756001,TA,5357.27,1.5555555820465088,9
2324801757001,TA,2327.71,2.0,5
2324801759001,TA,1398.62,1.0,2
2324801759002,TA,1349.09,1.0,2
2324801762001,TA,2118.15,1.6666666269302368,3
2324801763001,TA,1696.67,1.0,3
2324801764003,TA,533.09,2.0,1
2324801764004,TA,329.48,2.0,1
2324801764005,TA,417.2,1.0,1
2324801766001,TA,3526.29,1.0,6
2324801767001,TA,486.35,1.5,2
2324801768001,TA,902.34,1.0,1
2324801769001,TA,2243.87,1.5,4
2324801771001,TA,1499.83,1.3333333730697632,3
2324801772001,TA,5754.3,2.0,8
2324801773001,TA,3097.41,2.0,6
2324801774001,TA,6365.86,1.8888888359069824,9
2324801775001,TA,2489.01,2.0,4
2324801776001,TA,9962.41,1.2666666507720947,15
2324801777002,TA,4769.62,1.625,8
2324801778001,TA,7008.21,1.8333333730697632,12
2324801779002,TA,1636.36,1.75,4
2324801781001,TA,3787.49,1.7999999523162842,5
2324801782001,TA,237.14,2.0,1
2324801783001,TA,989.26,2.0,1
2324801784001,TA,8353.75,1.399999976158142,15
2324801785002,TA,3347.28,0.6000000238418579,5
2324801786001,TA,5815.15,1.7777777910232544,9
2324801787001,TA,1951.63,2.0,3
2324801789001,TA,2354.83,0.75,4
2324801789003,TA,860.96,1.0,1
2324801791001,TA,17940.06,1.548387050628662,31
2324801793001,TA,6154.9,2.0,9
2324801794001,TA,2528.14,2.0,4
2324801796003,TA,4556.16,1.7999999523162842,5
2324801797001,TA,9414.76,1.625,16
2324801798001,TA,5048.34,1.899999976158142,10
2324801799001,TA,3231.12,2.0,6
2324801800001,TA,2293.71,2.0,4
2324801801001,TA,9893.09,1.529411792755127,17
2324801802001,TA,21186.57,1.7941176891326904,34
2324801803001,TA,13955.02,1.7142857313156128,21
2324801805002,TA,1680.51,2.0,2
2324801806001,TA,3424.88,1.8333333730697632,6
2324801807002,TA,424.93,2.0,1
2324801808001,TA,3916.48,2.0,4
2324801810001,TA,6577.27,2.0,11
2324801811001,TA,10447.73,1.9473683834075928,19
2324801812001,TA,3306.1,2.0,5
2324801812002,TA,356.12,2.0,1
2324801813001,TA,3472.28,2.0,6
2324801814001,TA,3257.11,1.6666666269302368,3
2324801815001,TA,747.72,2.0,1
2324801815002,TA,144.15,2.0,1
2324801816001,TA,550.08,2.0,1
2324801818001,TA,2818.5,2.0,6
2324801819001,TA,6774.5,2.0,12
2324801820001,TA,2606.99,2.0,4
2324801821001,TA,8351.5,2.0,13
2324801822001,TA,2771.55,1.6666666269302368,3
2324801823001,TA,3356.35,2.0,6
2324801825001,TA,6198.18,0.30000001192092896,10
2324801828001,TA,184.29,2.0,1
2324801828004,TA,4342.48,1.75,8
2324801830001,TA,17692.3,2.0,28
2324801831001,TA,21948.67,1.7105263471603394,38
2324801832001,TA,1826.56,0.5,4
2324801833001,TA,2452.27,2.0,4
2324801833004,TA,1440.95,1.6666666269302368,3
2324801833005,TA,5820.65,0.875,8
2324801833008,TA,1594.85,2.0,2
2324801834001,TA,9624.06,1.8125,16
2324801835001,TA,3208.99,2.0,4
2324801836001,TA,5187.33,1.8571428060531616,7
2324801838001,TA,4988.45,2.0,10
2324801839001,TA,4983.33,1.6666666269302368,9
2324801841001,TA,6049.04,1.6666666269302368,9
2324801842003,TA,280.69,2.0,1
2324801843001,TA,3960.19,2.0,6
2324801844001,TA,5441.5,2.0,9
2324801846002,TA,1059.74,1.5,2
2324801847001,TA,9453.28,0.8461538553237915,13
2324801848001,TA,16531.01,2.0,25
2324801849001,TA,3978.88,2.0,6
2324801850001,TA,1899.13,2.0,5
2324801851002,TA,365.22,2.0,1
2324801852001,TA,2811.82,2.0,4
2324801853001,TA,19109.2,0.7241379022598267,29
2324801853003,TA,228.31,1.0,1
2324801854001,TA,5574.1,1.25,8
2324801855001,TA,1483.48,1.6666666269302368,3
2324801856001,TA,4063.3,1.1428571939468384,7
2324801856002,TA,365.55,1.0,1
2324801860001,TA,6928.65,1.0909091234207153,11
2324801863001,TA,7710.42,2.0,12
2324801864001,TA,5423.56,2.0,9
2324801865001,TA,4708.47,1.1428571939468384,7
2324801866001,TA,3908.03,1.2857142686843872,7
2324801867001,TA,4601.51,1.5714285373687744,7
2324801868001,TA,7118.65,1.7999999523162842,10
2324801868003,TA,3277.69,0.1428571492433548,7
2324801869001,TA,8628.95,1.692307710647583,13
2324801870001,TA,3414.19,2.0,7
2324801871001,TA,2492.95,2.0,3
2324801872001,TA,3067.41,2.0,4
2324801873002,TA,985.15,1.6666666269302368,3
2324801873003,TA,1344.38,2.0,2
2324801874001,TA,12333.08,1.850000023841858,20
2324801875001,TA,7358.49,2.0,11
2324801875002,TA,1666.13,2.0,3
2324801876001,TA,8028.54,2.0,14
2324801877001,TA,10742.27,2.0,17
2324801878001,TA,6636.93,2.0,10
2324801879003,TA,565.66,2.0,1
2324801879004,TA,290.53,2.0,1
2324801880001,TA,513.24,2.0,1
2324801882001,TA,547.83,2.0,1
2324801883001,TA,493.58,2.0,1
2324801884001,TA,13573.62,1.9166666269302368,24
2324801886001,TA,1753.25,2.0,2
2324801887001,TA,543.6,2.0,1
2324801888002,TA,574.47,2.0,1
2324801888003,TA,440.05,2.0,1
2324801888005,TA,216.58,2.0,1
2324801889001,TA,12747.62,1.899999976158142,20
2324801890001,TA,5475.47,1.7777777910232544,9
2324801891001,TA,2366.77,2.0,3
2324801892001,TA,7308.89,1.9166666269302368,12
2324801893001,TA,2797.01,0.800000011920929,5
2324801894003,TA,203.09,1.0,1
2324801894005,TA,623.66,0.0,2
2324801894009,TA,1227.04,2.0,2
2324801895001,TA,2215.05,1.75,4
2324801897001,TA,490.14,2.0,1
2324801898002,TA,607.85,0.0,1
2324801899001,TA,527.66,1.0,1
2324801901001,TA,403.45,0.0,1
2324801902001,TA,284.98,1.0,1
2324801904001,TA,996.5,0.0,1
2324801906001,TA,681.7,0.0,1
2324801908001,TA,179.73,2.0,1
2324801910001,TA,1408.0,1.5,2
2324801911001,TA,1081.36,2.0,2
2324801917001,TA,3576.27,2.0,6
2324801918001,TA,3059.73,2.0,4
2324801919001,TA,5094.11,2.0,8
2324801920001,TA,5088.23,1.625,8
2324801921001,TA,4506.26,1.2857142686843872,7
2324801922001,TA,3593.74,1.600000023841858,5
2324801924001,TA,21882.52,1.5135135650634766,37
2324801924002,TA,29509.52,1.893617033958435,47
2324801925001,TA,26919.0,1.7380952835083008,42
2324801927001,TA,432.39,2.0,1
2324801929001,TA,244.36,1.0,1
2324801930001,TA,3975.17,2.0,6
2324801931003,TA,165.93,2.0,1
2324801931005,TA,1246.98,1.0,1
2324801931007,TA,248.29,0.0,1
2324801932001,TA,4212.66,1.5714285373687744,7
2324801933001,TA,3706.63,2.0,7
2324801934001,TA,6063.61,1.9090908765792847,11
2324801935001,TA,5184.29,1.875,8
2324801936001,TA,4003.41,2.0,6
2324801937001,TA,3067.01,2.0,5
2324801938001,TA,4485.01,2.0,6
2324801940001,TA,7716.83,2.0,13
2324801941001,TA,3568.87,2.0,5
2324801942001,TA,1304.32,2.0,3
2324801942003,PS,759.33,2.0,1
2324802100001,TA,5829.81,0.125,8
2324802102001,TA,3836.45,1.0,6
2324802102002,TA,5866.94,1.7272727489471436,11
2324802104001,TA,4824.97,1.375,8
2324802104002,TA,4530.38,2.0,6
2324802105001,TA,19543.16,1.6896551847457886,29
2324802105002,TA,12356.71,1.8571428060531616,21
2324802106001,TA,46347.92,1.3918918371200562,74
2324802108001,TA,23932.22,1.1794872283935547,39
2324802109005,TA,826.62,2.0,1
2324802110001,TA,12922.92,1.6818181276321411,22
2324802111002,TA,2303.41,1.0,3
2324802113001,TA,17745.02,1.2333333492279053,30
2324802113002,TA,5544.23,0.7777777910232544,9
2324802113004,TA,4329.24,1.6666666269302368,6
2324802113013,TA,240.47,1.0,1
2324802114001,TA,1620.49,0.0,1
2324802114002,TA,2504.43,0.75,4
2324802114003,TA,1173.78,1.5,2
2324802114004,TA,925.04,1.0,1
2324802114005,TA,2320.98,0.20000000298023224,5
2324802114006,TA,2064.05,0.5,4
2324802114007,TA,6772.11,0.0,11
2324802114008,TA,1979.71,0.3333333432674408,3
2324802114010,TA,1743.89,0.3333333432674408,3
2324802115001,TA,8292.95,1.923076868057251,13
2324802115002,TA,1100.59,1.0,2
2324802115003,TA,5520.67,0.3333333432674408,9
2324802116001,TA,3128.34,2.0,4
2324802116002,TA,2470.27,1.5,4
2324802116006,TA,1220.69,2.0,1
2324802117001,TA,4716.41,1.8333333730697632,6
2324802117004,TA,751.55,2.0,1
2324802117005,TA,1481.95,0.6666666865348816,3
2324802119001,TA,32742.5,1.6666666269302368,51
2324802120001,TA,13361.47,1.047619104385376,21
2324802121001,TA,12234.43,1.6842105388641357,19
2324802121002,TA,3139.45,1.7999999523162842,5
2324802121006,TA,135.19,1.0,1
2324802121007,TA,461.43,2.0,1
2324802123001,TA,19185.44,1.8275861740112305,29
2324802126001,TA,17302.88,1.2592592239379883,27
2324802126005,TA,221.87,1.0,1
2324802127001,TA,3680.97,0.1666666716337204,6
2324802129001,TA,9374.41,1.9375,16
2324802133001,TA,12097.48,1.454545497894287,22
2324802134001,TA,7656.34,1.4615384340286255,13
2324802134002,TA,463.54,2.0,1
2324802134003,TA,1393.02,1.6666666269302368,3
2324802134004,TA,998.39,2.0,2
2324802134005,TA,4784.71,0.75,8
2324802134007,TA,12267.13,1.52173912525177,23
2324802134008,TA,5832.54,1.0,11
2324802134009,TA,1965.38,0.3333333432674408,3
2324802134010,TA,7155.65,1.899999976158142,10
2324802134011,TA,1032.4,1.0,1
2324802134012,TA,211.51,1.0,1
2324802134013,TA,1284.52,0.0,1
2324802134016,TA,2590.42,2.0,3
2324802134017,TA,2255.91,0.6666666865348816,3
2324802134024,TA,2167.78,2.0,4
2324802136001,TA,14033.09,1.9199999570846558,25
2324802139002,TA,2870.74,2.0,3
2324802140001,TA,48688.08,0.8157894611358643,76
2324802142001,TA,2946.35,0.0,5
2324802144001,TA,4653.34,0.1428571492433548,7
2324802145001,TA,59835.42,1.6060606241226196,99
2324802145010,TA,1989.49,1.600000023841858,5
2324802146001,TA,56916.72,1.51578950881958,95
2324802148001,TA,8208.69,2.0,14
2324802150001,TA,78203.02,1.9384615421295166,130
2324802152001,TA,22998.84,1.9444444179534912,36
2324802153002,TA,208.05,2.0,1
2324802155001,TA,45710.31,1.9589041471481323,73
2324802156001,TA,25067.71,2.0,40
2324802157001,TA,12984.0,2.0,21
2324802158001,TA,35881.32,1.8070175647735596,57
2324802161001,TA,88229.88,1.7318840026855469,138
2324802162001,TA,23153.65,2.0,36
2324802162002,TA,8204.67,1.5384615659713745,13
2324802162003,TA,5365.57,2.0,9
2324802162005,TA,12628.5,1.7142857313156128,21
2324802162012,TA,4813.18,1.4285714626312256,7
2324802162014,TA,6086.9,2.0,9
2324802162015,TA,1710.16,1.0,3
2324900423001,TA,2705.76,1.5,4
2324900425001,TA,2736.85,2.0,2
2324900440001,TA,4369.0,2.0,8
2324900441001,TA,3866.02,2.0,6
2324900491001,TA,9176.49,1.7142857313156128,14
2324900492001,TA,4490.65,2.0,7
2324900497001,TA,14697.46,2.0,23
2324900504001,TA,6129.96,1.9090908765792847,11
2324900505001,TA,4405.38,2.0,7
2324900508001,TA,4676.0,2.0,7
2324900510001,TA,7562.29,2.0,13
2324900512001,TA,6045.73,1.7777777910232544,9
2324900515001,TA,8123.4,2.0,14
2324900518001,TA,2296.79,2.0,3
2324900519001,TA,9540.42,2.0,16
2324900519004,TA,239.23,2.0,1
2324900524001,TA,1779.97,2.0,3
2324900525001,TA,14781.18,2.0,25
2324900527001,TA,5567.0,1.375,8
2324900529001,TA,2154.99,1.3333333730697632,3
2324900530001,TA,2754.24,1.8333333730697632,6
2324900533001,TA,8457.71,1.923076868057251,13
2324900535001,TA,4641.67,1.5555555820465088,9
2324900985001,TA,939.17,2.0,1
2324900991001,TA,1146.97,2.0,1
2324900992001,TA,781.89,2.0,1
2324900993001,TA,3983.28,2.0,6
2324900994001,TA,718.26,2.0,1
2324900996001,TA,242.92,2.0,1
2324901000001,TA,698.6,2.0,1
2324901001002,TA,2865.37,2.0,2
2324901007001,TA,119.12,2.0,1
2324901008001,TA,409.56,2.0,1
2324901025001,TA,1417.85,2.0,2
2324901026001,TA,5107.32,1.8888888359069824,9
2324901455001,TA,3692.74,2.0,4
2324901456002,TA,121.08,2.0,1
2324901457001,TA,10025.11,1.875,16
2324901457003,TA,1124.72,2.0,2
2324901458002,TA,653.87,2.0,1
2324901472001,PS,3942.57,2.0,6
2324901473001,TA,8539.36,2.0,12
2324901476001,TA,5281.68,2.0,9
2324901478001,TA,1911.76,2.0,3
2324901478002,PS,1816.43,1.6666666269302368,3
2324901480001,TA,2875.31,2.0,5
2324901601001,TA,11741.26,2.0,3
2324901602001,TA,6549.41,1.0909091234207153,11
2324901603001,TA,2263.42,0.3333333432674408,3
2324901603002,TA,9585.72,1.5555555820465088,9
2324901604002,TA,32852.18,1.826923131942749,52
2324901605002,TA,6633.76,1.8181818723678589,11
2324901605003,TA,44951.88,1.5625,48
2324901606001,TA,689.43,1.0,2
2324901606003,TA,541.67,2.0,1
2324901607001,TA,41018.25,1.9714285135269165,35
2324901609001,TA,15154.07,1.75,24
2324901610001,TA,6037.09,2.0,8
2324901610002,TA,1145.59,1.6666666269302368,3
2324901612001,TA,3574.07,2.0,7
2324901613001,TA,6671.35,2.0,9
2324901614001,TA,9674.74,2.0,9
2324901615001,TA,7213.64,1.7999999523162842,10
2324901616001,TA,6950.88,1.8333333730697632,12
2324901617001,TA,709.11,2.0,1
2324901620001,TA,5880.19,1.7999999523162842,10
2324901621001,TA,9973.37,1.2000000476837158,20
2324901622002,TA,5222.11,1.875,8
2324901623001,TA,11438.45,1.2105263471603394,19
2324901625001,TA,2142.37,1.75,4
2324901627001,TA,35701.52,1.1403508186340332,57
2324901632001,TA,27740.63,1.976190447807312,42
2324901633001,TA,5523.32,2.0,8
2324901634001,TA,20357.87,2.0,34
2324901635001,TA,4497.67,0.375,8
2324901636001,TA,4046.89,1.6666666269302368,6
2324901639001,TA,3846.67,1.6666666269302368,6
2324901641002,TA,28745.09,1.52173912525177,46
2324901644001,TA,2394.99,0.800000011920929,5
2324901645001,TA,18503.69,1.6428571939468384,28
2324901646001,TA,15648.44,1.3703703880310059,27
2324901647001,TA,12459.96,1.5263158082962036,19
2324901647002,TA,17124.96,0.7037037014961243,27
2324901647015,TA,189.01,0.0,1
2324901648001,TA,18993.23,1.3448275327682495,29
2324901649001,TA,5695.31,0.7272727489471436,11
2324901650001,TA,12697.76,1.350000023841858,20
2324901651002,TA,1168.55,0.0,1
2324901653001,TA,3957.21,0.8333333134651184,6
2324901655001,TA,4452.39,1.4444444179534912,9
2324901657001,TA,5687.24,1.5,8
2324901658004,TA,1871.96,1.5,2
2324901658005,TA,1693.17,0.3333333432674408,3
2324901658008,TA,2845.97,0.0,4
2324901658013,TA,3180.86,1.7999999523162842,5
2324901658014,TA,1108.16,1.0,3
2324901658015,TA,1851.23,0.6666666865348816,3
2324901658016,TA,3450.52,1.5,6
2324901658017,TA,2632.3,0.0,5
2324901658018,TA,1545.66,0.3333333432674408,3
2324901658019,TA,1671.53,0.0,2
2324901659001,TA,24903.78,1.209302306175232,43
2324901659002,TA,1729.64,2.0,2
2324901659004,TA,9150.47,1.4375,16
2324901659005,TA,1766.28,0.0,3
2324901660001,TA,33211.76,0.6666666865348816,54
2324901661001,TA,7251.33,1.5833333730697632,12
2324901662001,TA,18905.92,1.600000023841858,30
2324901663001,TA,7426.55,0.27272728085517883,11
2324901663003,TA,2693.78,1.7999999523162842,5
2324901663004,TA,7482.28,1.7692307233810425,13
2324901664006,TA,533401.49,1.8653396368026733,854
2324901664012,TA,11493.11,1.7647058963775635,17
2324901664014,TA,6861.32,0.5833333134651184,12
2324901665001,TA,33568.99,2.0,53
2324901666001,TA,26185.49,2.0,44
2324901667001,TA,105006.23,1.790697693824768,172
2324901668001,TA,12020.99,1.736842155456543,19
2324901669001,TA,5053.1,1.75,8
2324901670001,TA,31241.35,1.7400000095367432,50
2324901671001,TA,28587.38,1.2127659320831299,47
2324901672001,TA,23764.06,1.3333333730697632,39
2324901673001,TA,1518.66,0.0,4
2324901674001,TA,32750.08,1.6538461446762085,52
2324901675001,TA,14104.07,1.7826087474822998,23
2324901676001,TA,41763.66,1.3823529481887817,68
2324901677003,TA,218.12,2.0,1
2324901677004,TA,299.76,0.0,1
2324901678001,TA,2446.74,2.0,5
2324901679001,TA,6452.54,0.5,12
2324901680001,TA,7893.34,1.5,12
2324901681001,TA,54808.77,1.9101123809814453,89
2324901682001,TA,58263.86,1.9892473220825195,93
2324901683001,TA,71834.1,2.0,115
2324901683003,TA,689.36,2.0,1
2324901684001,TA,22995.74,1.7777777910232544,36
2324901685001,TA,61587.31,1.7448979616165161,98
2324901686001,TA,93800.58,1.8289474248886108,152
2324901687001,TA,51562.59,2.0,83
2324901687003,TA,291.0,2.0,1
2324901688001,TA,59116.47,1.691489338874817,94
2324901689001,TA,71793.43,1.6315789222717285,114
2324901689003,TA,10313.5,1.9333332777023315,15
2324901690001,TA,84910.55,1.9264706373214722,136
2324901691001,TA,58149.45,1.89130437374115,92
2324901691002,TA,2159.58,2.0,4
2324901691003,TA,1380.03,2.0,6
2324901692001,TA,20055.65,1.6285713911056519,35
2324901692003,TA,14661.02,1.545454502105713,22
2324901693001,TA,7605.19,2.0,14
2324901694001,TA,2764.27,2.0,4
2324901694002,TA,2044.51,1.5,2
2324901694007,TA,122.0,2.0,1
2324901695001,TA,10659.96,1.8823529481887817,17
2324901696002,TA,1291.62,2.0,4
2324901697002,TA,28257.13,1.7021276950836182,47
2324901697003,TA,7691.59,2.0,13
2324901699001,TA,96835.83,1.8039215803146362,153
2324901701001,TA,49058.57,1.4177215099334717,79
2324901701003,TA,49211.98,1.7374999523162842,80
2324901701010,TA,819.31,1.6666666269302368,3
2324901704001,TA,36085.98,1.1071428060531616,56
2324901704002,TA,693.84,0.0,1
2324901705001,TA,14661.56,1.8333333730697632,24
2324901706001,TA,5548.63,2.0,8
2324901708001,TA,7758.83,2.0,13
2324901710001,TA,7283.69,1.923076868057251,13
2324901711001,TA,8127.73,1.545454502105713,11
2324901712001,TA,24463.99,1.6410256624221802,39
2324901713001,TA,20281.8,1.3055555820465088,36
2324901714002,TA,26239.01,1.7804877758026123,41
2324901716002,TA,19609.66,0.875,32
2324901716004,TA,2575.04,1.5,4
2324901717001,TA,14817.73,1.7916666269302368,24
2324901718001,TA,17694.13,1.4642857313156128,28
2324901718002,TA,12736.02,1.6190476417541504,21
2324901719001,TA,12522.55,1.476190447807312,21
2324901719002,TA,1475.32,0.6666666865348816,3
2324901719003,TA,1537.19,1.3333333730697632,3
2324901720001,TA,5647.6,1.5,10
2324901721001,TA,5877.59,1.0,11
2324901721002,TA,1207.94,1.0,2
2324901723001,TA,1572.58,1.75,4
2324901724001,TA,8693.94,1.9285714626312256,14
2324901726001,TA,2737.22,2.0,4
2324901727001,TA,24209.2,1.8205127716064453,39
2324901728002,TA,2435.76,1.2000000476837158,5
2324901728003,TA,649.81,2.0,2
2324901728004,TA,718.63,2.0,2
2324901729002,TA,2931.73,2.0,4
2324901729003,TA,1069.3,2.0,3
2324901730002,TA,5406.47,1.625,8
2324901731002,PS,2947.78,0.0,5
2324901732001,TA,7193.07,1.899999976158142,10
2324901732003,TA,639.6,2.0,1
2324901733004,TA,132.45,2.0,1
2324901734001,TA,78780.19,1.831932783126831,119
2324901735001,TA,932.31,2.0,2
2324901735006,TA,147.53,2.0,2
2324901736001,TA,22060.99,1.0606060028076172,33
2324901736004,TA,119.33,2.0,1
2324901737003,TA,236.66,2.0,1
2324901737004,TA,785.8,2.0,2
2324901738001,TA,37152.12,1.982456088066101,57
2324901739001,TA,37979.02,1.5901639461517334,61
2324901740003,TA,11903.91,0.4444444477558136,18
2324901740004,TA,5746.5,0.875,8
2324901740006,TA,14997.34,1.4166666269302368,24
2324901740007,TA,6710.94,0.0,11
2324901740008,TA,663.55,1.0,1
2324901740013,TA,423.03,0.0,1
2324901741001,TA,28001.26,2.0,44
2324901742001,TA,10197.58,1.8823529481887817,17
2324901744001,TA,69597.54,1.162162184715271,111
2324901745003,TA,724.97,0.0,2
2324901747001,TA,4076.35,2.0,5
2324901748001,TA,17847.07,1.9285714626312256,28
2324901749001,TA,7408.24,2.0,12
2324901750001,TA,69663.1,2.0,115
2324901751001,TA,6876.5,2.0,10
2324901751002,TA,4180.16,2.0,8
2324901752001,TA,4959.0,1.7999999523162842,5
2324901752002,TA,1730.53,1.75,4
2324901753001,TA,34844.8,1.9821428060531616,56
2324901754001,TA,4798.38,2.0,8
2324901755001,TA,115610.6,2.0,187
2324901756001,TA,37025.43,2.0,58
2324901757001,TA,22286.87,2.0,37
2324901758001,TA,12805.75,2.0,21
2324901759001,TA,4861.4,2.0,8
2324901760001,TA,825.9,2.0,1
2324901761001,TA,5353.9,2.0,9
2324901762001,TA,5449.44,2.0,8
2324901766001,TA,9758.86,1.2941176891326904,17
2324901767001,TA,106682.14,1.9518072605133057,166
2324901768001,TA,13999.53,1.95652174949646,23
2324901771001,TA,24088.9,1.7837837934494019,37
2324901773001,TA,26228.84,2.0,40
2324901773002,TA,601.34,2.0,1
2324901774001,TA,14152.17,2.0,23
2324901777001,TA,12966.93,2.0,22
2324901778001,TA,46569.11,2.0,72
2324901779001,TA,40079.62,2.0,62
2324901780001,TA,30562.09,2.0,51
2324901781001,TA,81798.7,2.0,131
2324901782001,TA,44689.88,2.0,69
2324901784001,TA,21232.32,2.0,34
2324901785001,TA,7863.41,2.0,12
2324901786001,TA,13857.11,2.0,20
2324901787001,TA,4802.71,2.0,9
2324901788001,TA,114304.78,1.7081080675125122,185
2324901789001,TA,38262.34,2.0,60
2324901790001,TA,75806.92,1.5123966932296753,121
2324901790009,TA,5496.68,0.7142857313156128,7
2324901792001,TA,38538.29,1.578125,64
2324901793001,TA,57463.88,1.8089888095855713,89
2324901794001,TA,32228.78,1.6792452335357666,53
2324901795001,TA,13377.12,2.0,22
2324901796001,TA,54854.06,2.0,88
2324901798001,TA,43621.04,2.0,68
2324901799001,TA,53893.36,1.9431818723678589,88
2324901800001,TA,17759.04,2.0,27
2324901801001,TA,54896.58,1.9318181276321411,88
2324901803001,TA,13562.97,1.2727272510528564,22
2324901804001,TA,14970.11,0.0833333358168602,24
2324901805001,TA,59409.63,1.736842155456543,95
2324901806001,TA,27363.96,1.1333333253860474,45
2324901808001,TA,18099.2,0.0,27
2324901809001,TA,5155.45,0.4000000059604645,10
2324901810001,TA,70797.18,1.6814159154891968,113
2324901811001,TA,26665.54,1.4390244483947754,41
2324901812001,TA,13750.83,1.7272727489471436,22
2324901813006,TA,3701.79,1.8333333730697632,6
2324901813008,TA,596.73,0.0,1
2324901813010,TA,395.05,1.0,1
2324901814001,TA,64267.18,1.2380952835083008,105
2324901816001,TA,58055.94,1.7419354915618896,93
2324901817003,TA,321.16,1.0,1
2324901817006,TA,191.21,0.0,1
2324901818001,TA,179762.92,1.446366786956787,289
2324901818002,TA,95731.81,1.5855263471603394,152
2324901818009,TA,2051.63,1.6666666269302368,3
2324901818032,TA,10118.37,0.1666666716337204,18
2324901818063,TA,2903.03,0.5,4
2324901818068,TA,9029.36,1.0,16
2324901819002,TA,659.2,0.0,2
2324901820001,TA,16970.26,1.3571428060531616,28
2324901820003,TA,5424.78,0.800000011920929,5
2324901820004,TA,8529.66,1.7692307233810425,13
2324901820009,TA,444.02,2.0,1
2324901822002,TA,375.36,0.0,1
2324901823001,TA,10005.04,0.7857142686843872,14
2324901824001,TA,94946.6,1.6740740537643433,135
2324901825002,TA,155.5,2.0,1
2324901825005,TA,4264.92,2.0,7
2324901826001,TA,15115.06,1.7200000286102295,25
2324901828001,TA,27373.74,1.8409091234207153,44
2324901829001,TA,12919.29,2.0,21
2324901830002,TA,2201.75,1.6666666269302368,3
2324901830003,PS,1412.33,1.0,4
2324901831001,TA,50969.99,1.5833333730697632,84
2324901831002,TA,7664.65,1.7692307233810425,13
2324901832001,TA,16679.35,1.2000000476837158,25
2324901833001,TA,22655.31,1.96875,32
2324901834001,TA,54553.9,1.5764706134796143,85
2324901836001,TA,15712.04,1.3043478727340698,23
2324901837006,TA,23033.47,0.9459459185600281,37
2324901837007,TA,3694.75,0.8333333134651184,6
2324901837008,TA,14186.62,1.6666666269302368,24
2324901837010,TA,19919.27,1.529411792755127,34
2324901837011,TA,533.3,1.0,1
2324901838001,TA,40870.21,1.2769230604171753,65
2324901840001,TA,12158.37,1.3684210777282715,19
2324901840002,TA,5214.24,1.7142857313156128,7
2324901840003,TA,6153.29,1.4444444179534912,9
2324901840005,TA,6063.43,1.5,10
2324901841001,TA,38046.17,1.4426229000091553,61
2324901842001,TA,21233.31,1.1515151262283325,33
2324901843001,TA,3605.37,2.0,6
2324901844001,TA,9032.97,1.6428571939468384,14
2324901844003,TA,6781.64,1.8333333730697632,12
2324901844004,TA,22421.75,1.7948718070983887,39
2324901844007,TA,21414.39,1.3888888359069824,36
2324901844008,TA,3458.62,1.625,8
2324901844011,TA,8488.45,1.25,12
2324901844012,TA,14162.92,0.8260869383811951,23
2324901844013,TA,5431.93,0.3636363744735718,11
2324901844019,TA,23941.72,1.8974359035491943,39
2324901844035,TA,3079.02,0.6000000238418579,5
2324901844041,TA,264.65,2.0,1
2324901844042,TA,4833.43,1.8571428060531616,7
2324901846001,TA,34113.8,1.7547169923782349,53
2324901847001,TA,10569.01,2.0,17
2325000133001,TA,2270.65,0.0,1
2325000800001,TA,18642.7,0.0,31
2325000801001,TA,11456.45,0.0,16
2325000802002,TA,14251.87,0.0,21
2325000804001,TA,9746.11,0.0,15
2325000808001,TA,43307.93,0.0,70
2325000808003,TA,17302.13,0.0,21
2325000808007,TA,1735.74,0.0,2
2325000809001,TA,17603.14,0.0,26
2325000813005,TA,6695.71,0.0,13
2325000813006,TA,23818.1,0.0,38
2325000813007,TA,10950.01,0.0,17
2325000813008,TA,6299.22,0.09090909361839294,11
2325000813009,TA,1468.42,1.0,3
2325000813010,TA,2717.12,0.0,5
2325000813011,TA,20279.63,0.0,34
2325000813012,TA,24567.18,0.0,34
2325000813013,TA,10812.46,0.125,16
2325000813014,TA,7923.82,0.0,14
2325000813016,TA,2123.19,0.0,4
2325000813017,TA,4933.49,0.0,9
2325000813018,TA,2819.44,0.800000011920929,5
2325000813019,TA,4615.85,1.0,7
2325000813020,TA,393.53,1.0,1
2325000813054,TA,1851.01,0.0,3
2325000823005,TA,2074.04,0.0,3
2325000823006,TA,1682.65,0.0,2
2325000823007,TA,4205.25,0.0,4
2325000823008,TA,27285.21,0.0,43
2325000823011,TA,680.89,0.0,2
2325000823012,TA,5058.0,0.25,8
2325000823013,TA,1553.47,0.3333333432674408,3
2325000823014,TA,3369.13,1.125,8
2325000823015,TA,3657.1,1.75,4
2325000823016,TA,366.8,0.0,1
2325000823017,TA,4876.03,0.1428571492433548,7
2325000824001,TA,17093.19,1.0370370149612427,27
2325000825001,TA,13088.41,1.6666666269302368,21
2325000825004,TA,579.59,2.0,2
2325000826002,TA,1513.11,0.3333333432674408,3
2325000826004,TA,10986.85,1.1333333253860474,15
2325000826005,TA,4988.37,1.4444444179534912,9
2325000827001,TA,10249.91,1.625,16
2325000829001,TA,15266.38,1.5416666269302368,24
2325000830001,TA,15825.39,1.5185185670852661,27
2325000831001,TA,4298.25,1.2857142686843872,7
2325000832001,TA,76810.03,1.5826771259307861,127
2325000834001,TA,8313.76,1.5384615659713745,13
2325000836002,TA,22997.82,1.8333333730697632,36
2325000837001,TA,80008.8,1.2595419883728027,131
2325000838001,TA,12888.7,1.149999976158142,20
2325000838002,TA,3312.62,1.75,4
2325000838003,TA,6696.84,0.8333333134651184,12
2325000838004,TA,7154.87,1.0,14
2325000839001,TA,16548.79,1.576923131942749,26
2325000839002,TA,2810.02,0.0,5
2325000840001,TA,4357.97,1.4285714626312256,7
2325000840002,TA,9908.08,1.2777777910232544,18
2325000840006,TA,670.35,0.0,1
2325000842001,TA,19826.3,0.8064516186714172,31
2325000842005,TA,132.5,0.0,1
2325000843001,TA,43106.37,0.9264705777168274,68
2325000845001,TA,33272.41,1.2549020051956177,51
2325000846001,TA,98916.19,1.3580247163772583,162
2325000846006,TA,4541.68,0.5714285969734192,7
2325000846007,TA,712.26,2.0,1
2325000846011,PS,926.31,0.0,2
2325000846014,TA,730.93,0.6666666865348816,3
2325000847001,TA,68301.57,0.6454545259475708,110
2325000847002,TA,54412.56,0.6067415475845337,89
2325000847009,TA,5085.7,0.1428571492433548,7
2325000848002,TA,52458.99,0.29885056614875793,87
2325000849005,TA,4150.76,0.0,5
2325000849006,TA,3142.6,0.20000000298023224,5
2325000849007,TA,8506.44,0.0,14
2325000849008,TA,4895.65,0.5,8
2325000850001,TA,15456.87,0.4399999976158142,25
2325000850002,TA,4389.17,0.0,7
2325000850004,TA,2444.82,0.0,3
2325000854003,TA,5019.09,0.375,8
2325000856004,PS,18728.0,0.40740740299224854,27
2325000856005,TA,12218.18,1.3684210777282715,19
2325000856006,TA,6990.5,0.5454545617103577,11
2325000856007,TA,385.78,0.0,1
2325000856008,TA,1211.46,0.0,1
2325000856009,TA,3316.87,0.3333333432674408,6
2325000856010,TA,6203.81,0.10000000149011612,10
2325000856011,TA,10477.4,0.47058823704719543,17
2325000856012,TA,11771.43,1.0,21
2325000856013,TA,2875.82,1.5,4
2325000856021,PS,6114.87,0.10000000149011612,10
2325000856022,TA,2585.86,0.5,4
2325000857001,TA,23030.43,1.0285714864730835,35
2325000858001,TA,25686.79,1.523809552192688,42
2325000860001,TA,51273.23,1.8192771673202515,83
2325000860002,TA,1897.4,1.5,4
2325000861001,TA,28653.61,2.0,43
2325000863002,TA,5007.19,0.8888888955116272,9
2325000863021,PS,17860.41,0.34375,32
2325000863022,PS,1475.88,2.0,2
2325000863023,PS,917.87,0.0,1
2325000863024,PS,2059.99,2.0,2
2320301636001,TA,5098.22,0.0,9
2320301636002,TA,2032.05,0.0,2
2320301636004,TA,934.12,0.0,1
2320301636005,TA,1159.84,0.0,1
2320301638003,TA,4004.69,0.0,6
2320301734002,TA,3874.87,0.0,6
2320301734004,TA,1732.14,0.0,3
2320301735002,TA,8879.02,0.0,16
2320301735003,TA,7444.99,0.0,11
2320301784001,TA,22979.15,0.0,37
2320301784003,TA,954.44,0.0,1
2320900003002,TA,1875.45,0.0,3
2322700040002,TA,265.89,0.0,1
2323200004001,TA,14752.16,0.0,25
2323200005001,TA,1355.05,0.0,2
2323200007001,TA,1785.49,0.0,2
2323200010001,TA,1713.16,0.0,4
2323200013003,TA,1176.47,0.0,2
2323200013004,TA,469.64,0.0,1
2323200014002,TA,4236.46,0.0,6
2323200015002,TA,299.59,0.0,1
2323200015003,TA,11351.35,0.0,17
2323200254002,TA,4081.98,0.0,6
2323300179002,TA,1866.8,0.0,3
2323800243001,TA,34862.67,0.0,56
2323800246001,TA,26682.64,0.0,42
2323800249001,TA,7693.34,0.0,12
2323800250001,TA,72583.7,0.0,122
2323800252001,TA,3446.29,0.0,6
2323800253001,TA,15440.58,0.0,26
2323800254001,TA,4219.29,0.0,7
2324200070001,TA,12552.61,0.0,19
2324200071001,TA,13629.23,0.0,23
2324200073001,TA,6267.41,0.0,9
2324200074001,TA,4204.0,0.0,5
2324200075001,TA,5214.46,0.0,10
2324200079004,TA,2855.43,0.0,5
2324200080002,TA,17162.48,1.7142857313156128,28
2324200081003,TA,57385.42,1.4725275039672852,91
2324200084004,TA,63648.6,0.6666666865348816,105
2320200243001,TA,4815.38,0.0,8
2320200243002,TA,8336.68,0.0,14
2320200244001,TA,14229.57,0.0,22
2320200244002,TA,2444.77,0.0,5
2320200300001,TA,11394.05,0.0,16
2320200303001,TA,4003.84,0.0,7
2320200305001,TA,3328.31,0.0,7
2320200309001,TA,13633.03,0.0,23
2320200310001,TA,18395.86,0.0,31
2320301423001,TA,5081.35,0.0,9
2320301423002,TA,814.53,0.0,1
2320301423003,TA,2303.88,0.0,3
2320301436001,TA,9352.35,0.0,16
2320301436002,TA,1041.21,0.0,2
2320301438001,TA,8765.47,0.0,12
2320301601001,TA,11588.52,0.0,17
2320301602001,TA,11309.21,0.0,20
2320301609001,TA,20672.28,0.0,34
2320301610001,TA,4963.51,0.0,7
2320301614001,TA,7882.58,0.0,12
2320301615001,TA,3462.82,0.0,6
2320301616001,TA,6755.29,0.0,10
2320301618001,TA,4243.62,0.0,7
2320301626001,TA,12368.63,0.0,19
2320301800003,TA,7948.81,0.0,13
2320302006001,TA,7886.51,0.0,13
2322400065001,TA,6112.16,0.0,10
2322400065002,TA,9300.24,0.0,16
2322400065003,TA,8308.88,0.0,14
2322400068001,TA,7967.77,0.0,12
2322400068004,TA,7454.8,0.0,11
2322400069001,TA,17882.93,0.0,29
2322400069002,TA,54520.6,0.0,87
2322400069003,TA,251.79,0.0,1
2323200003002,TA,1446.46,0.0,2
2323300332001,TA,852.36,0.0,2
2323300332002,TA,541.11,0.0,1
2323800107001,TA,4792.28,0.0,8
2323800109001,TA,15965.67,0.0,25
2323800110001,TA,24532.76,0.0,40
2323800111001,TA,16436.0,0.0,27
2323800112001,TA,24071.37,0.0,39
2323800113001,TA,7255.0,0.0,11
2323800114001,TA,50329.65,0.0,83
2323800115001,TA,11333.88,0.0,18
2323800120001,TA,710.41,0.0,1
2323800121001,TA,12560.67,0.0,20
2323800122001,TA,22526.36,0.0,35
2323800123002,TA,300.94,0.0,1
2323800124001,TA,10024.41,0.0,16
2323800125001,TA,13225.16,0.0,21
2323800126001,TA,14759.16,0.0,25
2323800128001,TA,22288.37,0.0,36
2323800129001,TA,31635.48,0.0,49
2323800130001,TA,2422.43,0.0,4
2323800131001,TA,99954.56,0.0,161
2323800133001,TA,18649.03,0.0,28
2323800134001,TA,42746.34,0.0,69
2323800135001,TA,21571.38,0.0,35
2323800136001,TA,28904.36,0.0,41
2323800137001,TA,7500.46,0.0,13
2323800138001,TA,19231.76,0.0,29
2323800139001,TA,39777.2,0.0,63
2323800140001,TA,5827.86,0.0,9
2323800141001,TA,16456.66,0.0,27
2323800142001,TA,2704.85,0.0,4
2323800143001,TA,3343.93,0.0,6
2323800144001,TA,33392.13,0.0,53
2323800145001,TA,28426.29,0.0,47
2323800146001,TA,28051.29,0.0,43
2323800147001,TA,35575.91,0.0,57
2323800148001,TA,10137.26,0.0,17
2323800149001,TA,21122.66,0.0,34
2323800151001,TA,265819.6,0.0,430
2323800152001,TA,759.26,0.0,1
2323800153001,TA,5233.2,0.0,8
2323800155001,TA,13688.75,0.0,22
2323800156001,TA,11352.37,0.0,19
2323800226001,TA,5341.41,0.0,10
2323800248001,TA,1402.3,0.0,3
2323800274002,TA,12847.6,0.0,22
2323800278001,TA,8323.76,0.0,14
2323900036001,TA,11233.04,0.0,19
2323900037001,TA,3933.71,0.0,6
2323900042001,TA,18388.35,0.0,28
2323900043001,TA,8261.15,0.0,12
2324200068001,TA,14807.09,0.0,26
2324200072001,TA,10418.83,0.0,17
2324200111001,TA,6228.12,0.0,9
2324200112001,TA,185108.46,0.0,292
2324200113001,TA,10052.82,0.0,16
2324200114001,TA,2473.81,0.0,4
2324200115001,TA,7907.26,0.0,15
2324200116001,TA,54393.46,0.0,85
2324200118001,TA,28875.57,0.0,47
2324200119001,TA,5084.94,0.0,9
2324200120001,TA,50549.95,0.0,76
2324200121001,TA,7392.66,0.0,10
2324200122001,TA,33992.2,0.0,57
2324200123001,TA,14190.13,0.0,22
2324200124001,TA,42836.41,0.0,69
2324200125001,TA,9332.3,0.0,13
2324200126001,TA,13673.44,0.0,22
2324200127001,TA,4695.39,0.0,9
2324200127002,TA,79000.0,0.0,128
2324200128001,TA,2205.1,0.0,4
2324200129001,TA,6238.87,0.0,10
2324200130001,TA,14272.99,0.0,25
2324200131001,TA,14315.3,0.0,24
2324200132001,TA,14760.42,0.0,25
2324200133001,TA,16169.65,0.0,25
2324200134001,TA,15385.8,0.0,25
2324200135001,TA,31287.23,0.0,50
2324200138001,TA,4448.18,0.0,7
2324200139001,TA,4169.99,0.0,8
2324200140001,TA,4260.98,0.0,4
2324200141001,TA,4537.1,0.0,9
2324200142001,TA,10932.4,0.0,16
2324200143001,TA,13261.21,0.0,21
2324200144001,TA,20437.12,0.0,33
2324200145001,TA,18060.9,0.0,29
2324200146001,TA,15191.93,0.0,24
2324200147001,TA,14771.18,0.0,25
2324200148001,TA,11888.53,0.0,17
2324200149001,TA,1516.83,0.0,2
2324200150001,TA,13672.99,0.0,23
2324200151001,TA,6888.35,0.0,12
2324200152001,TA,8503.85,0.0,15
2324200153001,TA,8229.7,0.0,12
2324200154001,TA,11355.26,0.0,17
2324200156001,TA,12478.78,0.0,20
2324200157001,TA,9841.17,0.0,16
2324200158001,TA,5437.33,0.0,8
2324200159001,TA,64924.55,0.0,98
2324200160001,TA,5489.27,0.0,8
2324200161001,TA,24211.81,0.0,38
2324200162001,TA,12444.06,0.0,20
2324200163001,TA,16958.22,0.0,28
2324200164001,TA,63704.48,0.0,103
2324200165001,TA,55634.39,0.0,87
2324200166001,TA,96485.22,0.0,155
2324200167001,TA,6869.8,0.0,11
2324200168001,TA,10917.46,0.0,17
2324200169001,TA,11586.88,0.0,19
2324200170001,TA,27807.64,0.0,45
2324200171001,TA,53362.7,0.0,88
2324200172001,TA,21200.26,0.0,33
2324200173001,TA,11037.3,0.0,17
2324200175001,TA,14897.25,0.0,26
2324200274001,TA,28792.76,0.0,47
2324200281001,TA,3597.35,0.0,5
2324200287001,TA,7256.5,0.0,13
2324200288001,TA,3524.74,0.0,7
